candidate,classification,track_pathway,model_signature,listing_signature,observed_price_aud,observed_url,conversation_id,conversation_title,recommended_action
touchscreen + 32 GB + premium feel,Missing,UNKNOWN/UNKNOWN,touchscreen 32 gb premium feel rtx 4050,touchscreen 32 gb premium feel rtx 4050 refurbished,UNKNOWN,UNKNOWN,69d48ad0-58e0-839f-9899-309d74727abc,Laptop for iMac Replacement,Review against existing cards and verify live facts before intake.
Precision,Missing,1.5/UNKNOWN,precision rtx 2060 desktop,precision rtx 2060 desktop refurbished,UNKNOWN,UNKNOWN,69d48ad0-58e0-839f-9899-309d74727abc,Laptop for iMac Replacement,Review against existing cards and verify live facts before intake.
HP Spectre x360 16,Missing,UNKNOWN/UNKNOWN,hp spectre x360 16 rtx 4050,hp spectre x360 16 rtx 4050 refurbished,UNKNOWN,UNKNOWN,69d48ad0-58e0-839f-9899-309d74727abc,Laptop for iMac Replacement,Review against existing cards and verify live facts before intake.
Yoga AIO 27 Gen 10,Missing,1/1A,yoga aio 27 gen 10 laptop,yoga aio 27 gen 10 laptop the time of its 2025 comparison 1899,1899,UNKNOWN,69d959a3-4650-839f-83e6-f265ebefeb24,Rational Computing Strategy,Review against existing cards and verify live facts before intake.
HP Spectre x360 16-aa0012TX,Missing,UNKNOWN/UNKNOWN,hp spectre x360 16 aa0012tx rtx 4050,hp spectre x360 16 aa0012tx rtx 4050 3499,3499,UNKNOWN,69d959a3-4650-839f-83e6-f265ebefeb24,Rational Computing Strategy,Review against existing cards and verify live facts before intake.
HP ZBook Firefly 16 G11 (A1PH5PT),Missing,1/1A,hp zbook firefly 16 g11 laptop,hp zbook firefly 16 g11 laptop staticice indexed scorptec pricing 3199,3199,UNKNOWN,69d959a3-4650-839f-83e6-f265ebefeb24,Rational Computing Strategy,Review against existing cards and verify live facts before intake.
HP Victus 16.1,Missing,UNKNOWN/UNKNOWN,hp victus 16 1 rtx 4060,hp victus 16 1 rtx 4060 harvey norman 1888,1888,UNKNOWN,69d959a3-4650-839f-83e6-f265ebefeb24,Rational Computing Strategy,Review against existing cards and verify live facts before intake.
Predator Helios Neo 16,Missing,UNKNOWN/UNKNOWN,predator helios neo 16 rtx 4060,predator helios neo 16 rtx 4060 harvey norman 2999,2999,UNKNOWN,69d959a3-4650-839f-83e6-f265ebefeb24,Rational Computing Strategy,Review against existing cards and verify live facts before intake.
Predator Triton 14 AI,Missing,UNKNOWN/UNKNOWN,predator triton 14 ai rtx 5070,predator triton 14 ai rtx 5070 harvey norman well over ceiling 5298,5298,UNKNOWN,69d959a3-4650-839f-83e6-f265ebefeb24,Rational Computing Strategy,Review against existing cards and verify live facts before intake.
ASUS ProArt P16,Missing,UNKNOWN/UNKNOWN,asus proart p16 rtx 5070,asus proart p16 rtx 5070 scorptec also over ceiling 4999,4999,UNKNOWN,69d959a3-4650-839f-83e6-f265ebefeb24,Rational Computing Strategy,Review against existing cards and verify live facts before intake.
seller-refurbished ThinkPad P16s Gen 4,Missing,1/1A,seller refurbished thinkpad p16s gen 4 laptop,seller refurbished thinkpad p16s gen 4 laptop refurbished 1499,1499,UNKNOWN,69e20cd5-7728-839c-a1e8-c58a361e87a2,Laptop Desktop Pivot Analysis,Review against existing cards and verify live facts before intake.
18-inch performance laptops,Missing,1/1A,18 inch performance laptops rtx 5080 laptop,18 inch performance laptops rtx 5080 laptop very high end performance use,UNKNOWN,UNKNOWN,69e20cd5-7728-839c-a1e8-c58a361e87a2,Laptop Desktop Pivot Analysis,Review against existing cards and verify live facts before intake.
Yoga AIO Gen 10,Missing,1.5/UNKNOWN,yoga aio gen 10 radeon rx 6600m desktop,yoga aio gen 10 radeon rx 6600m desktop open box 1899,1899,UNKNOWN,69e20cd5-7728-839c-a1e8-c58a361e87a2,Laptop Desktop Pivot Analysis,Review against existing cards and verify live facts before intake.
"A$1,899",Missing,UNKNOWN/UNKNOWN,a 1 899 rtx 4050,a 1 899 rtx 4050 1899,1899,UNKNOWN,69e20cd5-7728-839c-a1e8-c58a361e87a2,Laptop Desktop Pivot Analysis,Review against existing cards and verify live facts before intake.
Yoga AIO 7 27ACH6,Missing,UNKNOWN/UNKNOWN,yoga aio 7 27ach6 radeon rx 6600m,yoga aio 7 27ach6 radeon rx 6600m used 799 99,799.99,UNKNOWN,69e20cd5-7728-839c-a1e8-c58a361e87a2,Laptop Desktop Pivot Analysis,Review against existing cards and verify live facts before intake.
LG gram 17,Missing,1/1A,lg gram 17 laptop,lg gram 17 laptop lg au refurbished 2474 25,2474.25,UNKNOWN,69e20cd5-7728-839c-a1e8-c58a361e87a2,Laptop Desktop Pivot Analysis,Review against existing cards and verify live facts before intake.
17Z90SP-ED7HK,Missing,1/1A,17z90sp ed7hk rtx 3050 laptop,17z90sp ed7hk rtx 3050 laptop 3139,3139,UNKNOWN,69e20cd5-7728-839c-a1e8-c58a361e87a2,Laptop Desktop Pivot Analysis,Review against existing cards and verify live facts before intake.
"AU$3,700",Missing,UNKNOWN/UNKNOWN,au 3 700 rtx 4080,au 3 700 rtx 4080 3700,3700,UNKNOWN,69e20cd5-7728-839c-a1e8-c58a361e87a2,Laptop Desktop Pivot Analysis,Review against existing cards and verify live facts before intake.
ThinkPad P16s Gen 4 (alone),Missing,1/1A,thinkpad p16s gen 4 laptop,thinkpad p16s gen 4 laptop new 3287,3287,UNKNOWN,69e20cd5-7728-839c-a1e8-c58a361e87a2,Laptop Desktop Pivot Analysis,Review against existing cards and verify live facts before intake.
LG gram Pro 17 RTX 5050 via Big Apple Buddy,Missing,UNKNOWN/UNKNOWN,lg gram pro 17 rtx 5050 via big apple buddy rtx 5050,lg gram pro 17 rtx 5050 via big apple buddy rtx 5050 new 2688,2688,UNKNOWN,69e20cd5-7728-839c-a1e8-c58a361e87a2,Laptop Desktop Pivot Analysis,Review against existing cards and verify live facts before intake.
Razer Blade 18 (2025),Missing,1.5/UNKNOWN,razer blade 18 rtx 5090 desktop,razer blade 18 rtx 5090 desktop new,UNKNOWN,UNKNOWN,69e20cd5-7728-839c-a1e8-c58a361e87a2,Laptop Desktop Pivot Analysis,Review against existing cards and verify live facts before intake.
MSI Titan 18 HX AI,Missing,1/1A,msi titan 18 hx ai rtx 5090 laptop,msi titan 18 hx ai rtx 5090 laptop new,UNKNOWN,UNKNOWN,69e20cd5-7728-839c-a1e8-c58a361e87a2,Laptop Desktop Pivot Analysis,Review against existing cards and verify live facts before intake.
17-inch,Missing,UNKNOWN/UNKNOWN,17 inch rtx 5050,17 inch rtx 5050 2688,2688,UNKNOWN,69e20cd5-7728-839c-a1e8-c58a361e87a2,Laptop Desktop Pivot Analysis,Review against existing cards and verify live facts before intake.
price,Missing,UNKNOWN/UNKNOWN,price rtx 5090,price rtx 5090 new 1612,1612,UNKNOWN,69e44757-2364-83a0-acd0-25e12905cb03,Suspicious eBay Listing,Review against existing cards and verify live facts before intake.
"US$4,899.99",Missing,UNKNOWN/UNKNOWN,us 4 899 99 rtx 5090,us 4 899 99 rtx 5090 new 1612,1612,UNKNOWN,69e44757-2364-83a0-acd0-25e12905cb03,Suspicious eBay Listing,Review against existing cards and verify live facts before intake.
"US$1,900 / about AU$2,648",Missing,1/1A,us 1 900 about au 2 648 rtx 5090 laptop,us 1 900 about au 2 648 rtx 5090 laptop 2648,2648,UNKNOWN,69e471ea-45b4-839a-969c-c1a32942376a,RAM upgradeability on ASUS,Review against existing cards and verify live facts before intake.
RTX 5080 / 64GB / 2TB,Missing,1/1A,rtx 5080 64gb 2tb rtx 5080 laptop,rtx 5080 64gb 2tb rtx 5080 laptop 7698,7698,UNKNOWN,69e471ea-45b4-839a-969c-c1a32942376a,RAM upgradeability on ASUS,Review against existing cards and verify live facts before intake.
RTX 5090,Missing,1/1A,rtx 5090 rtx 5090 laptop,rtx 5090 rtx 5090 laptop 7867 66,7867.66,UNKNOWN,69e471ea-45b4-839a-969c-c1a32942376a,RAM upgradeability on ASUS,Review against existing cards and verify live facts before intake.
"US$2,199",Missing,1/1A,us 2 199 rtx 5090 laptop,us 2 199 rtx 5090 laptop used,UNKNOWN,UNKNOWN,69e47251-ebc0-839e-9988-a5ce7cfbe8cb,eBay Listing Risk Assessment,Review against existing cards and verify live facts before intake.
HP Spectre x360 16 (2024),Missing,UNKNOWN/UNKNOWN,hp spectre x360 16 rtx 4050,hp spectre x360 16 rtx 4050 new 2299,2299,UNKNOWN,69e47313-c634-83a1-aa81-1db5c208986e,HP Spectre x360 Review,Review against existing cards and verify live facts before intake.
RTX 4050 laptop GPU with 6GB VRAM,Missing,1/1A,rtx 4050 laptop gpu with 6gb vram rtx 4050 6 laptop,rtx 4050 laptop gpu with 6gb vram rtx 4050 6 laptop integrated graphics,UNKNOWN,UNKNOWN,69e47313-c634-83a1-aa81-1db5c208986e,HP Spectre x360 Review,Review against existing cards and verify live facts before intake.
RTX 4050,Missing,UNKNOWN/UNKNOWN,rtx 4050 rtx 4050,rtx 4050 rtx 4050 integrated graphics,UNKNOWN,UNKNOWN,69e47313-c634-83a1-aa81-1db5c208986e,HP Spectre x360 Review,Review against existing cards and verify live facts before intake.
actual,Missing,1/1A,actual rtx 4080 laptop,actual rtx 4080 laptop refurbished 3989 05,3989.05,UNKNOWN,69e473a6-f9dc-839b-89ea-2b8ce865aba0,Laptop Listings Comparison,Review against existing cards and verify live facts before intake.
use-case fit,Missing,UNKNOWN/UNKNOWN,use case fit rtx 4070,use case fit rtx 4070 refurbished 3514 05,3514.05,UNKNOWN,69e473a6-f9dc-839b-89ea-2b8ce865aba0,Laptop Listings Comparison,Review against existing cards and verify live facts before intake.
"Ultra 9 275HX, RTX 5090, 64GB, 2TB",Missing,UNKNOWN/UNKNOWN,ultra 9 275hx rtx 5090 64gb 2tb rtx 5090,ultra 9 275hx rtx 5090 64gb 2tb rtx 5090 7198 4,7198.4,UNKNOWN,69e473a6-f9dc-839b-89ea-2b8ce865aba0,Laptop Listings Comparison,Review against existing cards and verify live facts before intake.
desktop-replacement laptop,Missing,1/1A,desktop replacement laptop rtx 4090 laptop,desktop replacement laptop rtx 4090 laptop new 4070 65,4070.65,UNKNOWN,69e473a6-f9dc-839b-89ea-2b8ce865aba0,Laptop Listings Comparison,Review against existing cards and verify live facts before intake.
portability and screen area,Missing,UNKNOWN/UNKNOWN,portability and screen area rtx 3050,portability and screen area rtx 3050 new 3139 15,3139.15,UNKNOWN,69e473a6-f9dc-839b-89ea-2b8ce865aba0,Laptop Listings Comparison,Review against existing cards and verify live facts before intake.
32GB/1TB/RTX 4050,Missing,1.5/UNKNOWN,32gb 1tb rtx 4050 rtx 4050 desktop,32gb 1tb rtx 4050 rtx 4050 desktop 4124,4124,UNKNOWN,69e473a6-f9dc-839b-89ea-2b8ce865aba0,Laptop Listings Comparison,Review against existing cards and verify live facts before intake.
The pattern is already clear: current Australian retail mostly gives you 18-inch,Missing,1.5/UNKNOWN,the pattern is already clear current australian retail mostly gives you 18 inch rtx 4080 desktop,the pattern is already clear current australian retail mostly gives you 18 inch rtx 4080 desktop refurbished,UNKNOWN,UNKNOWN,69e58518-7fb8-83a1-ac74-f78c3c2a0686,Desktop-replacement Laptop Scan,Review against existing cards and verify live facts before intake.
17–18 inch desktop-replacement,Missing,1.5/UNKNOWN,17 18 inch desktop replacement rtx 4080 desktop,17 18 inch desktop replacement rtx 4080 desktop ebay au listings from the uk or us refurbished 4 5,4.5,UNKNOWN,69e58518-7fb8-83a1-ac74-f78c3c2a0686,Desktop-replacement Laptop Scan,Review against existing cards and verify live facts before intake.
discounted local new,Missing,UNKNOWN/UNKNOWN,discounted local new rtx 4080,discounted local new rtx 4080 new,UNKNOWN,UNKNOWN,69e58518-7fb8-83a1-ac74-f78c3c2a0686,Desktop-replacement Laptop Scan,Review against existing cards and verify live facts before intake.
carefully selected refurb/used/import,Missing,UNKNOWN/UNKNOWN,carefully selected refurb used import rtx 4090,carefully selected refurb used import rtx 4090 refurbished,UNKNOWN,UNKNOWN,69e58518-7fb8-83a1-ac74-f78c3c2a0686,Desktop-replacement Laptop Scan,Review against existing cards and verify live facts before intake.
max 32GB,Missing,UNKNOWN/UNKNOWN,max 32gb rtx 4080 12,max 32gb rtx 4080 12 new,UNKNOWN,UNKNOWN,69e58518-7fb8-83a1-ac74-f78c3c2a0686,Desktop-replacement Laptop Scan,Review against existing cards and verify live facts before intake.
13 TOPS,Missing,1/1A,13 tops rtx 5070 ti laptop,13 tops rtx 5070 ti laptop budget ceiling used,UNKNOWN,UNKNOWN,69e58518-7fb8-83a1-ac74-f78c3c2a0686,Desktop-replacement Laptop Scan,Review against existing cards and verify live facts before intake.
128GB RAM,Missing,UNKNOWN/UNKNOWN,128gb ram rtx 5070 ti,128gb ram rtx 5070 ti new,UNKNOWN,UNKNOWN,69e58518-7fb8-83a1-ac74-f78c3c2a0686,Desktop-replacement Laptop Scan,Review against existing cards and verify live facts before intake.
16GB VRAM,Missing,UNKNOWN/UNKNOWN,16gb vram rtx 4090 16,16gb vram rtx 4090 16 used,UNKNOWN,UNKNOWN,69e58518-7fb8-83a1-ac74-f78c3c2a0686,Desktop-replacement Laptop Scan,Review against existing cards and verify live facts before intake.
HP Omen 17t-ck200,Missing,UNKNOWN/UNKNOWN,hp omen 17t ck200 rtx 4090,hp omen 17t ck200 rtx 4090 used,UNKNOWN,UNKNOWN,69e58518-7fb8-83a1-ac74-f78c3c2a0686,Desktop-replacement Laptop Scan,Review against existing cards and verify live facts before intake.
Alienware m18 R1,Missing,1/1A,alienware m18 r1 rtx 4090 laptop,alienware m18 r1 rtx 4090 laptop used,UNKNOWN,UNKNOWN,69e58518-7fb8-83a1-ac74-f78c3c2a0686,Desktop-replacement Laptop Scan,Review against existing cards and verify live facts before intake.
64GB DDR5,Missing,1/1A,64gb ddr5 rtx 4090 laptop,64gb ddr5 rtx 4090 laptop refurbished,UNKNOWN,UNKNOWN,69e58518-7fb8-83a1-ac74-f78c3c2a0686,Desktop-replacement Laptop Scan,Review against existing cards and verify live facts before intake.
18-inch compute-per-dollar,Missing,UNKNOWN/UNKNOWN,18 inch compute per dollar rtx 4080,18 inch compute per dollar rtx 4080 used,UNKNOWN,UNKNOWN,69e58518-7fb8-83a1-ac74-f78c3c2a0686,Desktop-replacement Laptop Scan,Review against existing cards and verify live facts before intake.
64GB/96GB,Missing,UNKNOWN/UNKNOWN,64gb 96gb rtx 4090,64gb 96gb rtx 4090 used,UNKNOWN,UNKNOWN,69e58518-7fb8-83a1-ac74-f78c3c2a0686,Desktop-replacement Laptop Scan,Review against existing cards and verify live facts before intake.
Gigabyte AORUS 17X AZF,Missing,UNKNOWN/UNKNOWN,gigabyte aorus 17x azf rtx 4090,gigabyte aorus 17x azf rtx 4090 refurbished,UNKNOWN,UNKNOWN,69e58518-7fb8-83a1-ac74-f78c3c2a0686,Desktop-replacement Laptop Scan,Review against existing cards and verify live facts before intake.
Local new 18-inch RTX 4080,Missing,UNKNOWN/UNKNOWN,local new 18 inch rtx 4080 rtx 4080,local new 18 inch rtx 4080 rtx 4080 new 3998,3998,UNKNOWN,69e58518-7fb8-83a1-ac74-f78c3c2a0686,Desktop-replacement Laptop Scan,Review against existing cards and verify live facts before intake.
Local custom-barebones 17.3-inch RTX 5070 Ti,Missing,UNKNOWN/UNKNOWN,local custom barebones 17 3 inch rtx 5070 ti rtx 5070 ti,local custom barebones 17 3 inch rtx 5070 ti rtx 5070 ti 3499,3499,UNKNOWN,69e58518-7fb8-83a1-ac74-f78c3c2a0686,Desktop-replacement Laptop Scan,Review against existing cards and verify live facts before intake.
Imported/refurb 17–18 inch RTX 4090,Missing,UNKNOWN/UNKNOWN,imported refurb 17 18 inch rtx 4090 rtx 4090,imported refurb 17 18 inch rtx 4090 rtx 4090 refurbished 3 6,3.6,UNKNOWN,69e58518-7fb8-83a1-ac74-f78c3c2a0686,Desktop-replacement Laptop Scan,Review against existing cards and verify live facts before intake.
"A$4,499",Missing,1/1A,a 4 499 16 laptop,a 4 499 16 laptop used 4499,4499,UNKNOWN,69e58518-7fb8-83a1-ac74-f78c3c2a0686,Desktop-replacement Laptop Scan,Review against existing cards and verify live facts before intake.
RTX 4080 / 12GB new,Missing,UNKNOWN/UNKNOWN,rtx 4080 12gb new rtx 4080,rtx 4080 12gb new rtx 4080 new,UNKNOWN,UNKNOWN,69e58518-7fb8-83a1-ac74-f78c3c2a0686,Desktop-replacement Laptop Scan,Review against existing cards and verify live facts before intake.
RTX 4090 / 16GB used/refurb,Missing,UNKNOWN/UNKNOWN,rtx 4090 16gb used refurb rtx 4090,rtx 4090 16gb used refurb rtx 4090 refurbished,UNKNOWN,UNKNOWN,69e58518-7fb8-83a1-ac74-f78c3c2a0686,Desktop-replacement Laptop Scan,Review against existing cards and verify live facts before intake.
selectively,Missing,UNKNOWN/UNKNOWN,selectively,selectively big apple buddy or direct import refurbished 4 5,4.5,UNKNOWN,69e58518-7fb8-83a1-ac74-f78c3c2a0686,Desktop-replacement Laptop Scan,Review against existing cards and verify live facts before intake.
ASUS ROG Strix Scar 18 RTX 4090 refurb (itsworthmore),Missing,1/1A,asus rog strix scar 18 rtx 4090 refurb rtx 4090 16 laptop,asus rog strix scar 18 rtx 4090 refurb rtx 4090 16 laptop refurbished,UNKNOWN,UNKNOWN,69e58518-7fb8-83a1-ac74-f78c3c2a0686,Desktop-replacement Laptop Scan,Review against existing cards and verify live facts before intake.
HP Omen 17.3 RTX 4090 local pre-owned (“Like New”),Missing,UNKNOWN/UNKNOWN,hp omen 17 3 rtx 4090 local pre owned rtx 4090 16,hp omen 17 3 rtx 4090 local pre owned rtx 4090 16 used,UNKNOWN,UNKNOWN,69e58518-7fb8-83a1-ac74-f78c3c2a0686,Desktop-replacement Laptop Scan,Review against existing cards and verify live facts before intake.
Alienware m18 R1 RTX 4090 UK pre-owned,Missing,1/1A,alienware m18 r1 rtx 4090 uk pre owned rtx 4090 laptop,alienware m18 r1 rtx 4090 uk pre owned rtx 4090 laptop used,UNKNOWN,UNKNOWN,69e58518-7fb8-83a1-ac74-f78c3c2a0686,Desktop-replacement Laptop Scan,Review against existing cards and verify live facts before intake.
Acer Predator Helios 18 RTX 4080 new at Harvey Norman,Missing,UNKNOWN/UNKNOWN,acer predator helios 18 rtx 4080 new at harvey norman rtx 4080,acer predator helios 18 rtx 4080 new at harvey norman rtx 4080 new,UNKNOWN,UNKNOWN,69e58518-7fb8-83a1-ac74-f78c3c2a0686,Desktop-replacement Laptop Scan,Review against existing cards and verify live facts before intake.
Alienware 18 Area-51 base RTX 5070 Ti new,Missing,1/1A,alienware 18 area 51 base rtx 5070 ti new rtx 5070 ti laptop,alienware 18 area 51 base rtx 5070 ti new rtx 5070 ti laptop used,UNKNOWN,UNKNOWN,69e58518-7fb8-83a1-ac74-f78c3c2a0686,Desktop-replacement Laptop Scan,Review against existing cards and verify live facts before intake.
Acer Predator Helios 18 RTX 4080 pre-owned auction from US,Missing,UNKNOWN/UNKNOWN,acer predator helios 18 rtx 4080 pre owned auction from us rtx 4080,acer predator helios 18 rtx 4080 pre owned auction from us rtx 4080 used,UNKNOWN,UNKNOWN,69e58518-7fb8-83a1-ac74-f78c3c2a0686,Desktop-replacement Laptop Scan,Review against existing cards and verify live facts before intake.
ASUS ROG Strix Scar 18 RTX 4090 refurb (itsworthmore),Missing,1/1A,asus rog strix scar 18 rtx 4090 refurb rtx 4090 laptop,asus rog strix scar 18 rtx 4090 refurb rtx 4090 laptop refurbished,UNKNOWN,UNKNOWN,69e58518-7fb8-83a1-ac74-f78c3c2a0686,Desktop-replacement Laptop Scan,Review against existing cards and verify live facts before intake.
HP Omen 17.3 RTX 4090 local pre-owned (“Like New”),Missing,UNKNOWN/UNKNOWN,hp omen 17 3 rtx 4090 local pre owned rtx 4090,hp omen 17 3 rtx 4090 local pre owned rtx 4090 used,UNKNOWN,UNKNOWN,69e58518-7fb8-83a1-ac74-f78c3c2a0686,Desktop-replacement Laptop Scan,Review against existing cards and verify live facts before intake.
Acer Predator Helios 18 RTX 4080 new (Harvey Norman),Missing,UNKNOWN/UNKNOWN,acer predator helios 18 rtx 4080 new rtx 4080,acer predator helios 18 rtx 4080 new rtx 4080 new,UNKNOWN,UNKNOWN,69e58518-7fb8-83a1-ac74-f78c3c2a0686,Desktop-replacement Laptop Scan,Review against existing cards and verify live facts before intake.
Metabox Alpha-VX 17.3 RTX 5070 Ti new,Missing,UNKNOWN/UNKNOWN,metabox alpha vx 17 3 rtx 5070 ti new rtx 5070 ti,metabox alpha vx 17 3 rtx 5070 ti new rtx 5070 ti new,UNKNOWN,UNKNOWN,69e58518-7fb8-83a1-ac74-f78c3c2a0686,Desktop-replacement Laptop Scan,Review against existing cards and verify live facts before intake.
older or refurbished 4090 laptops are often better value than newer “AI PC” 17–18 inch models under A$4.5k,Missing,1/1A,older or refurbished 4090 laptops are often better value than newer ai pc 17 18 inch models under a 4 5k 16 laptop,older or refurbished 4090 laptops are often better value than newer ai pc 17 18 inch models under a 4 5k 16 laptop refurbished 4 5,4.5,UNKNOWN,69e58518-7fb8-83a1-ac74-f78c3c2a0686,Desktop-replacement Laptop Scan,Review against existing cards and verify live facts before intake.
Buy the MSI Crosshair 18 HX AI A2XWGKG-033NZ NVIDIA,Missing,1/1A,buy the msi crosshair 18 hx ai a2xwgkg 033nz nvidia rtx 5070 laptop,buy the msi crosshair 18 hx ai a2xwgkg 033nz nvidia rtx 5070 laptop https share google mbyqc69coakjsu0qs,UNKNOWN,https://share.google/MByqc69coaKJSu0QS,69e642dd-226c-839a-9471-f582f138dec4,MSI Crosshair 18 HX Review,Review against existing cards and verify live facts before intake.
strong large-screen desktop-replacement option,Missing,1.5/UNKNOWN,strong large screen desktop replacement option rtx 5070 desktop,strong large screen desktop replacement option rtx 5070 desktop 3133 4,3133.4,UNKNOWN,69e642dd-226c-839a-9471-f582f138dec4,MSI Crosshair 18 HX Review,Review against existing cards and verify live facts before intake.
"A$3,133.40",Missing,UNKNOWN/UNKNOWN,a 3 133 40 rtx 5080,a 3 133 40 rtx 5080 pb tech au 3133 4,3133.4,UNKNOWN,69e642dd-226c-839a-9471-f582f138dec4,MSI Crosshair 18 HX Review,Review against existing cards and verify live facts before intake.
A$814,Missing,UNKNOWN/UNKNOWN,a 814 rtx 5000,a 814 rtx 5000 814,814,UNKNOWN,69e65d3d-6e64-839a-95ae-c7e77c8a09a9,HP ZBook 17 G6 Review,Review against existing cards and verify live facts before intake.
HP ZBook 17 G6,Missing,1/1A,hp zbook 17 g6 16 laptop,hp zbook 17 g6 16 laptop new 814,814,UNKNOWN,69e65d3d-6e64-839a-95ae-c7e77c8a09a9,HP ZBook 17 G6 Review,Review against existing cards and verify live facts before intake.
GPU AI TOPS,Missing,1/1A,gpu ai tops rtx 5070 laptop,gpu ai tops rtx 5070 laptop used,UNKNOWN,UNKNOWN,69e65d3d-6e64-839a-95ae-c7e77c8a09a9,HP ZBook 17 G6 Review,Review against existing cards and verify live facts before intake.
Quadro RTX 5000 Laptop,Missing,1/1A,quadro rtx 5000 laptop rtx 5000 16 laptop,quadro rtx 5000 laptop rtx 5000 16 laptop new,UNKNOWN,UNKNOWN,69e65d3d-6e64-839a-95ae-c7e77c8a09a9,HP ZBook 17 G6 Review,Review against existing cards and verify live facts before intake.
16GB / RTX 5060 8GB,Missing,1/1A,16gb rtx 5060 8gb rtx 5060 laptop,16gb rtx 5060 8gb rtx 5060 laptop new 2 5,2.5,UNKNOWN,69e65d3d-6e64-839a-95ae-c7e77c8a09a9,HP ZBook 17 G6 Review,Review against existing cards and verify live facts before intake.
Better than the old ZBook on modern speed; weaker than it on capacity; and probably worse value than the Crosshair.,Missing,1/1A,better than the old zbook on modern speed weaker than it on capacity and probably worse value than the crosshair rtx 5060 8 laptop,better than the old zbook on modern speed weaker than it on capacity and probably worse value than the crosshair rtx 5060 8 laptop 2508 56,2508.56,UNKNOWN,69e65d3d-6e64-839a-95ae-c7e77c8a09a9,HP ZBook 17 G6 Review,Review against existing cards and verify live facts before intake.
"A$3,446.74",Missing,UNKNOWN/UNKNOWN,a 3 446 74 rtx 5070,a 3 446 74 rtx 5070 3446 74,3446.74,UNKNOWN,69e65d3d-6e64-839a-95ae-c7e77c8a09a9,HP ZBook 17 G6 Review,Review against existing cards and verify live facts before intake.
572 AI TOPS,Missing,1/1A,572 ai tops rtx 5070 ti laptop,572 ai tops rtx 5070 ti laptop used,UNKNOWN,UNKNOWN,69e65d3d-6e64-839a-95ae-c7e77c8a09a9,HP ZBook 17 G6 Review,Review against existing cards and verify live facts before intake.
Crosshair 18 HX AI RTX 5070,Missing,UNKNOWN/UNKNOWN,crosshair 18 hx ai rtx 5070 rtx 5070,crosshair 18 hx ai rtx 5070 rtx 5070 new,UNKNOWN,UNKNOWN,69e65d3d-6e64-839a-95ae-c7e77c8a09a9,HP ZBook 17 G6 Review,Review against existing cards and verify live facts before intake.
other nearly identical listings,Missing,UNKNOWN/UNKNOWN,other nearly identical listings rtx 5090,other nearly identical listings rtx 5090 new,UNKNOWN,UNKNOWN,69e7cebf-090c-83a1-8137-e5f10ec37f1c,eBay Listing Credibility Check,Review against existing cards and verify live facts before intake.
real eBay listing page,Missing,1/1A,real ebay listing page rtx 5090 laptop,real ebay listing page rtx 5090 laptop new,UNKNOWN,UNKNOWN,69e7cebf-090c-83a1-8137-e5f10ec37f1c,eBay Listing Credibility Check,Review against existing cards and verify live facts before intake.
near-identical listing with the exact same title,Missing,1/1A,near identical listing with the exact same title rtx 5090 laptop,near identical listing with the exact same title rtx 5090 laptop implausibly low prices new,UNKNOWN,UNKNOWN,69e7cebf-090c-83a1-8137-e5f10ec37f1c,eBay Listing Credibility Check,Review against existing cards and verify live facts before intake.
Alienware 18 Area-51 with RTX 5090,Missing,1/1A,alienware 18 area 51 with rtx 5090 rtx 5090 laptop,alienware 18 area 51 with rtx 5090 rtx 5090 laptop new 7198 4,7198.4,UNKNOWN,69e7cebf-090c-83a1-8137-e5f10ec37f1c,eBay Listing Credibility Check,Review against existing cards and verify live facts before intake.
"current AU$2,500 ask",Missing,UNKNOWN/UNKNOWN,current au 2 500 ask rtx 4060,current au 2 500 ask rtx 4060 2500,2500,UNKNOWN,69e8324c-134c-839c-b376-278e82f73dab,Razer Blade 18 Evaluation,Review against existing cards and verify live facts before intake.
"A$3,599",Missing,1/1A,a 3 599 rtx 4090 laptop,a 3 599 rtx 4090 laptop open box 3599,3599,UNKNOWN,69e88ff7-a4c0-839d-8c99-501b955fa5e8,Legion Pro 7i Value,Review against existing cards and verify live facts before intake.
Verdict:,Missing,1/1A,verdict rtx 4090 laptop,verdict rtx 4090 laptop open box 3599,3599,UNKNOWN,69e88ff7-a4c0-839d-8c99-501b955fa5e8,Legion Pro 7i Value,Review against existing cards and verify live facts before intake.
good value,Missing,1/1A,good value rtx 5070 ti laptop,good value rtx 5070 ti laptop open box 4499,4499,UNKNOWN,69e88ff7-a4c0-839d-8c99-501b955fa5e8,Legion Pro 7i Value,Review against existing cards and verify live facts before intake.
not,Missing,1/1A,not rtx 5080 laptop,not rtx 5080 laptop the top end new,UNKNOWN,UNKNOWN,69e88ff7-a4c0-839d-8c99-501b955fa5e8,Legion Pro 7i Value,Review against existing cards and verify live facts before intake.
"A$3,599",Missing,1/1A,a 3 599 rtx 4090 laptop,a 3 599 rtx 4090 laptop being an obvious steal open box 3599,3599,UNKNOWN,69e88ff7-a4c0-839d-8c99-501b955fa5e8,Legion Pro 7i Value,Review against existing cards and verify live facts before intake.
|,Missing,1/1A,rtx 4090 16 laptop,rtx 4090 16 laptop open box 3599,3599,UNKNOWN,69e88ff7-a4c0-839d-8c99-501b955fa5e8,Legion Pro 7i Value,Review against existing cards and verify live facts before intake.
|,Missing,1/1A,rtx 5070 32 laptop,rtx 5070 32 laptop a higher price than the legion new 3775,3775,UNKNOWN,69e88ff7-a4c0-839d-8c99-501b955fa5e8,Legion Pro 7i Value,Review against existing cards and verify live facts before intake.
|,Missing,1/1A,rtx 5000 64 laptop,rtx 5000 64 laptop refurbished 789,789,UNKNOWN,69e88ff7-a4c0-839d-8c99-501b955fa5e8,Legion Pro 7i Value,Review against existing cards and verify live facts before intake.
"A$3,599",Missing,1/1A,a 3 599 rtx 4090 laptop,a 3 599 rtx 4090 laptop 3599,3599,UNKNOWN,69e88ff7-a4c0-839d-8c99-501b955fa5e8,Legion Pro 7i Value,Review against existing cards and verify live facts before intake.
"A$3,939 incl. GST",Missing,1/1A,a 3 939 incl gst rtx 5070 8 laptop,a 3 939 incl gst rtx 5070 8 laptop pb tech new 3939,3939,UNKNOWN,69e88ff7-a4c0-839d-8c99-501b955fa5e8,Legion Pro 7i Value,Review against existing cards and verify live facts before intake.
budget pivot,Missing,UNKNOWN/UNKNOWN,budget pivot rtx 3000,budget pivot rtx 3000 814,814,UNKNOWN,69e88ff7-a4c0-839d-8c99-501b955fa5e8,Legion Pro 7i Value,Review against existing cards and verify live facts before intake.
"US$3,199.99",Missing,UNKNOWN/UNKNOWN,us 3 199 99 rtx 4090,us 3 199 99 rtx 4090 new,UNKNOWN,UNKNOWN,69e88ff7-a4c0-839d-8c99-501b955fa5e8,Legion Pro 7i Value,Review against existing cards and verify live facts before intake.
LG Gram 17 (2023),Missing,UNKNOWN/UNKNOWN,lg gram 17 rtx 3050,lg gram 17 rtx 3050 2990,2990,UNKNOWN,69e92985-6e6c-839e-87db-030b32b07464,eBay LG Gram 17 Review,Review against existing cards and verify live facts before intake.
Used/refurbished,Missing,1/1A,used refurbished rtx 3090 laptop,used refurbished rtx 3090 laptop refurbished,UNKNOWN,UNKNOWN,69ead86b-1424-839b-bb97-fc5c299cf8ee,Optimising Hardware Research Prompt,Review against existing cards and verify live facts before intake.
Summarise the practical differences between,Missing,1/1A,summarise the practical differences between rtx 4060 laptop,summarise the practical differences between rtx 4060 laptop new,UNKNOWN,UNKNOWN,69ec9edd-918c-839a-8728-2dd1a78a3d95,Local LLM Hardware Advice,Review against existing cards and verify live facts before intake.
Outline realistic options for new and refurbished GPUs (e.g.,Missing,UNKNOWN/UNKNOWN,outline realistic options for new and refurbished gpus e g rtx 3080,outline realistic options for new and refurbished gpus e g rtx 3080 refurbished,UNKNOWN,UNKNOWN,69ec9edd-918c-839a-8728-2dd1a78a3d95,Local LLM Hardware Advice,Review against existing cards and verify live facts before intake.
A newer 8GB,Missing,1/1A,a newer 8gb rtx 5070 8 laptop,a newer 8gb rtx 5070 8 laptop new,UNKNOWN,UNKNOWN,69ec9edd-918c-839a-8728-2dd1a78a3d95,Local LLM Hardware Advice,Review against existing cards and verify live facts before intake.
If Path 3 (Refurbished/Ex-Demo Windows Tower) is shortlisted:,Missing,1/1A,if path 3 is shortlisted rtx 3090 laptop,if path 3 is shortlisted rtx 3090 laptop au marketplaces open box,UNKNOWN,UNKNOWN,69ec9edd-918c-839a-8728-2dd1a78a3d95,Local LLM Hardware Advice,Review against existing cards and verify live facts before intake.
If Path 1 (High-Spec Windows Laptop) is shortlisted:,Missing,1/1A,if path 1 is shortlisted rtx 4080 laptop,if path 1 is shortlisted rtx 4080 laptop lenovo,UNKNOWN,UNKNOWN,69ec9edd-918c-839a-8728-2dd1a78a3d95,Local LLM Hardware Advice,Review against existing cards and verify live facts before intake.
|,Missing,1.5/UNKNOWN,rtx 3090 desktop,rtx 3090 desktop refurbished,UNKNOWN,UNKNOWN,69ec9edd-918c-839a-8728-2dd1a78a3d95,Local LLM Hardware Advice,Review against existing cards and verify live facts before intake.
|,Missing,1.5/UNKNOWN,rtx 4080 super 16 desktop,rtx 4080 super 16 desktop used,UNKNOWN,UNKNOWN,69ec9edd-918c-839a-8728-2dd1a78a3d95,Local LLM Hardware Advice,Review against existing cards and verify live facts before intake.
Definitive recommendation:,Missing,1/1A,definitive recommendation rtx 3090 laptop,definitive recommendation rtx 3090 laptop refurbished,UNKNOWN,UNKNOWN,69ec9edd-918c-839a-8728-2dd1a78a3d95,Local LLM Hardware Advice,Review against existing cards and verify live facts before intake.
Do not buy a high-end laptop just because it feels like the “one magical machine.”,Missing,1/1A,do not buy a high end laptop just because it feels like the one magical machine rtx 4090 laptop,do not buy a high end laptop just because it feels like the one magical machine rtx 4090 laptop used,UNKNOWN,UNKNOWN,69ec9edd-918c-839a-8728-2dd1a78a3d95,Local LLM Hardware Advice,Review against existing cards and verify live facts before intake.
Option 3A — Custom RTX 3090 24GB AI desktop + refurbished ThinkPad,Missing,1.5/UNKNOWN,option 3a custom rtx 3090 24gb ai desktop refurbished thinkpad rtx 3090 desktop,option 3a custom rtx 3090 24gb ai desktop refurbished thinkpad rtx 3090 desktop refurbished,UNKNOWN,UNKNOWN,69ec9edd-918c-839a-8728-2dd1a78a3d95,Local LLM Hardware Advice,Review against existing cards and verify live facts before intake.
Used/refurb RTX 3090 24GB,Missing,UNKNOWN/UNKNOWN,used refurb rtx 3090 24gb rtx 3090,used refurb rtx 3090 24gb rtx 3090 refurbished,UNKNOWN,UNKNOWN,69ec9edd-918c-839a-8728-2dd1a78a3d95,Local LLM Hardware Advice,Review against existing cards and verify live facts before intake.
Option 3B — New/prebuilt 16GB desktop: RTX 5070 Ti / RTX 4080 Super class,Missing,1.5/UNKNOWN,option 3b new prebuilt 16gb desktop rtx 5070 ti rtx 4080 super class rtx 5070 ti desktop,option 3b new prebuilt 16gb desktop rtx 5070 ti rtx 4080 super class rtx 5070 ti desktop new,UNKNOWN,UNKNOWN,69ec9edd-918c-839a-8728-2dd1a78a3d95,Local LLM Hardware Advice,Review against existing cards and verify live facts before intake.
Mwave search results show several,Missing,1.5/UNKNOWN,mwave search results show several rtx 4080 super desktop,mwave search results show several rtx 4080 super desktop refurbished,UNKNOWN,UNKNOWN,69ec9edd-918c-839a-8728-2dd1a78a3d95,Local LLM Hardware Advice,Review against existing cards and verify live facts before intake.
GPU,Missing,UNKNOWN/UNKNOWN,gpu rtx 4070 ti,gpu rtx 4070 ti used,UNKNOWN,UNKNOWN,69ec9edd-918c-839a-8728-2dd1a78a3d95,Local LLM Hardware Advice,Review against existing cards and verify live facts before intake.
Mwave lists,Missing,UNKNOWN/UNKNOWN,mwave lists rtx 4070 ti 16,mwave lists rtx 4070 ti 16 refurbished,UNKNOWN,UNKNOWN,69ec9edd-918c-839a-8728-2dd1a78a3d95,Local LLM Hardware Advice,Review against existing cards and verify live facts before intake.
RTX 3090 24GB desktop build + refurbished ThinkPad-class laptop.,Missing,1/1A,rtx 3090 24gb desktop build refurbished thinkpad class laptop rtx 3090 laptop,rtx 3090 24gb desktop build refurbished thinkpad class laptop rtx 3090 laptop refurbished,UNKNOWN,UNKNOWN,69ec9edd-918c-839a-8728-2dd1a78a3d95,Local LLM Hardware Advice,Review against existing cards and verify live facts before intake.
Path 3 — Best value desktop,Missing,1/1A,path 3 best value desktop rtx 3090 laptop,path 3 best value desktop rtx 3090 laptop refurbished,UNKNOWN,UNKNOWN,69ec9edd-918c-839a-8728-2dd1a78a3d95,Local LLM Hardware Advice,Review against existing cards and verify live facts before intake.
Path 3 — Fast 16GB desktop,Missing,1.5/UNKNOWN,path 3 fast 16gb desktop rtx 4080 super 16 desktop,path 3 fast 16gb desktop rtx 4080 super 16 desktop refurbished,UNKNOWN,UNKNOWN,69ec9edd-918c-839a-8728-2dd1a78a3d95,Local LLM Hardware Advice,Review against existing cards and verify live facts before intake.
Path 6 — Compact 24GB,Missing,1.5/UNKNOWN,path 6 compact 24gb rtx 3090 desktop,path 6 compact 24gb rtx 3090 desktop used,UNKNOWN,UNKNOWN,69ec9edd-918c-839a-8728-2dd1a78a3d95,Local LLM Hardware Advice,Review against existing cards and verify live facts before intake.
RTX 3090 24GB desktop build + refurb ThinkPad,Missing,1.5/UNKNOWN,rtx 3090 24gb desktop build refurb thinkpad rtx 3090 desktop,rtx 3090 24gb desktop build refurb thinkpad rtx 3090 desktop refurbished,UNKNOWN,UNKNOWN,69ece4a2-e3d4-83a0-93dd-ee742c723a32,Product Ledger Setup,Review against existing cards and verify live facts before intake.
RTX 3090 24GB desktop + cheap refurb ThinkPad,Missing,1.5/UNKNOWN,rtx 3090 24gb desktop cheap refurb thinkpad rtx 3090 desktop,rtx 3090 24gb desktop cheap refurb thinkpad rtx 3090 desktop refurbished,UNKNOWN,UNKNOWN,69ece4a2-e3d4-83a0-93dd-ee742c723a32,Product Ledger Setup,Review against existing cards and verify live facts before intake.
used workstation,Missing,1.5/UNKNOWN,used workstation rtx 3090 desktop,used workstation rtx 3090 desktop used,UNKNOWN,UNKNOWN,69ed2fce-3f58-839f-8c8d-8004b0e18992,Optimised LLM Cleanup Prompt,Review against existing cards and verify live facts before intake.
Find 10 new eBay AU listings today for,Missing,1/1A,find 10 new ebay au listings today for rtx 3090 24 laptop,find 10 new ebay au listings today for rtx 3090 24 laptop new,UNKNOWN,UNKNOWN,69ed2fce-3f58-839f-8c8d-8004b0e18992,Optimised LLM Cleanup Prompt,Review against existing cards and verify live facts before intake.
"$3,400–$4,100 total",Missing,1/1A,3 400 4 100 total rtx 3090 laptop,3 400 4 100 total rtx 3090 laptop refurbished,UNKNOWN,UNKNOWN,69edd989-3720-8399-abdd-f6c623f8fa84,Search for desktops,Review against existing cards and verify live facts before intake.
a cleaner,Missing,1.5/UNKNOWN,a cleaner rtx 3090 desktop,a cleaner rtx 3090 desktop refurbished,UNKNOWN,UNKNOWN,69edd989-3720-8399-abdd-f6c623f8fa84,Search for desktops,Review against existing cards and verify live facts before intake.
a new,Missing,1.5/UNKNOWN,a new rtx 4080 super desktop,a new rtx 4080 super desktop new,UNKNOWN,UNKNOWN,69edd989-3720-8399-abdd-f6c623f8fa84,Search for desktops,Review against existing cards and verify live facts before intake.
i9-11900KF,Missing,UNKNOWN/UNKNOWN,i9 11900kf rtx 3090 24,i9 11900kf rtx 3090 24 refurbished,UNKNOWN,UNKNOWN,69edd989-3720-8399-abdd-f6c623f8fa84,Search for desktops,Review against existing cards and verify live facts before intake.
Retailer Scorptec [link] ASUS ROG Strix,Missing,1/1A,retailer scorptec link asus rog strix rtx 5090 laptop,retailer scorptec link asus rog strix rtx 5090 laptop new,UNKNOWN,UNKNOWN,69efa03a-cd58-83a0-b9e1-861507d02eb8,High-VRAM Hardware Procurement,Review against existing cards and verify live facts before intake.
Marketplace eBay AU [link] Gigabyte Gaming OC,Missing,UNKNOWN/UNKNOWN,marketplace ebay au link gigabyte gaming oc rtx 3090,marketplace ebay au link gigabyte gaming oc rtx 3090 used,UNKNOWN,UNKNOWN,69efa03a-cd58-83a0-b9e1-861507d02eb8,High-VRAM Hardware Procurement,Review against existing cards and verify live facts before intake.
System Builder Allied Gaming [link] Desktop Tower Allied MOAB-A,Missing,1.5/UNKNOWN,system builder allied gaming link desktop tower allied moab a rtx 5090 desktop,system builder allied gaming link desktop tower allied moab a rtx 5090 desktop new,UNKNOWN,UNKNOWN,69efa03a-cd58-83a0-b9e1-861507d02eb8,High-VRAM Hardware Procurement,Review against existing cards and verify live facts before intake.
TABLE 4:,Missing,UNKNOWN/UNKNOWN,table 4 rtx 3090,table 4 rtx 3090 refurbished,UNKNOWN,UNKNOWN,69efa03a-cd58-83a0-b9e1-861507d02eb8,High-VRAM Hardware Procurement,Review against existing cards and verify live facts before intake.
Dedicated section for,Missing,UNKNOWN/UNKNOWN,dedicated section for rtx 3090,dedicated section for rtx 3090 used,UNKNOWN,UNKNOWN,69efa03a-cd58-83a0-b9e1-861507d02eb8,High-VRAM Hardware Procurement,Review against existing cards and verify live facts before intake.
2. Best Value (Used/Refurb,Missing,UNKNOWN/UNKNOWN,2 best value used refurb rtx 3090,2 best value used refurb rtx 3090 refurbished,UNKNOWN,UNKNOWN,69efa03a-cd58-83a0-b9e1-861507d02eb8,High-VRAM Hardware Procurement,Review against existing cards and verify live facts before intake.
"Note: """,Missing,UNKNOWN/UNKNOWN,note rtx 3090,note rtx 3090 used,UNKNOWN,UNKNOWN,69efa03a-cd58-83a0-b9e1-861507d02eb8,High-VRAM Hardware Procurement,Review against existing cards and verify live facts before intake.
Best Value (Used/Refurb RTX 3090),Missing,UNKNOWN/UNKNOWN,best value rtx 3090,best value rtx 3090 refurbished,UNKNOWN,UNKNOWN,69efa03a-cd58-83a0-b9e1-861507d02eb8,High-VRAM Hardware Procurement,Review against existing cards and verify live facts before intake.
"Here's the completed report with detailed tables of high-VRAM GPUs, desktops, laptops, and used/refurbished",Missing,1/1A,here s the completed report with detailed tables of high vram gpus desktops laptops and used refurbished rtx 3090 laptop,here s the completed report with detailed tables of high vram gpus desktops laptops and used refurbished rtx 3090 laptop refurbished,UNKNOWN,UNKNOWN,69efa03a-cd58-83a0-b9e1-861507d02eb8,High-VRAM Hardware Procurement,Review against existing cards and verify live facts before intake.
Australian Computer Traders (australiancomputertraders.com.au),Missing,UNKNOWN/UNKNOWN,australian computer traders rtx 3090,australian computer traders rtx 3090 refurbished,UNKNOWN,UNKNOWN,69efa03a-cd58-83a0-b9e1-861507d02eb8,High-VRAM Hardware Procurement,Review against existing cards and verify live facts before intake.
7. Gigabyte,Missing,UNKNOWN/UNKNOWN,7 gigabyte rtx 4090,7 gigabyte rtx 4090 used,UNKNOWN,UNKNOWN,69efa03a-cd58-83a0-b9e1-861507d02eb8,High-VRAM Hardware Procurement,Review against existing cards and verify live facts before intake.
"Gumtree: Search VIC/Melbourne specifically for """,Missing,UNKNOWN/UNKNOWN,gumtree search vic melbourne specifically for rtx 3090,gumtree search vic melbourne specifically for rtx 3090 lower prices,UNKNOWN,UNKNOWN,69efa03a-cd58-83a0-b9e1-861507d02eb8,High-VRAM Hardware Procurement,Review against existing cards and verify live facts before intake.
Tech Junction: Search for,Missing,1/1A,tech junction search for rtx 3090 laptop,tech junction search for rtx 3090 laptop refurbished,UNKNOWN,UNKNOWN,69efa03a-cd58-83a0-b9e1-861507d02eb8,High-VRAM Hardware Procurement,Review against existing cards and verify live facts before intake.
1. Umart MSI Ventus 3X OC,Missing,UNKNOWN/UNKNOWN,1 umart msi ventus 3x oc rtx 5090,1 umart msi ventus 3x oc rtx 5090 new,UNKNOWN,UNKNOWN,69efa03a-cd58-83a0-b9e1-861507d02eb8,High-VRAM Hardware Procurement,Review against existing cards and verify live facts before intake.
That is not as cheap as building around a standalone used,Missing,1.5/UNKNOWN,that is not as cheap as building around a standalone used rtx 3090 desktop,that is not as cheap as building around a standalone used rtx 3090 desktop used,UNKNOWN,UNKNOWN,69efa03a-cd58-83a0-b9e1-861507d02eb8,High-VRAM Hardware Procurement,Review against existing cards and verify live facts before intake.
2. What exact,Missing,UNKNOWN/UNKNOWN,2 what exact rtx 3090,2 what exact rtx 3090 used,UNKNOWN,UNKNOWN,69efa03a-cd58-83a0-b9e1-861507d02eb8,High-VRAM Hardware Procurement,Review against existing cards and verify live facts before intake.
"new, used, refurbished, or ex-mining",Missing,UNKNOWN/UNKNOWN,new used refurbished or ex mining rtx 3090,new used refurbished or ex mining rtx 3090 refurbished,UNKNOWN,UNKNOWN,69efa03a-cd58-83a0-b9e1-861507d02eb8,High-VRAM Hardware Procurement,Review against existing cards and verify live facts before intake.
Typical used RTX 3090 custom build path,Missing,1/1A,typical used rtx 3090 custom build path rtx 3090 laptop,typical used rtx 3090 custom build path rtx 3090 laptop used,UNKNOWN,UNKNOWN,69efa03a-cd58-83a0-b9e1-861507d02eb8,High-VRAM Hardware Procurement,Review against existing cards and verify live facts before intake.
"new, refurbished, used, or ex-mining",Missing,UNKNOWN/UNKNOWN,new refurbished used or ex mining rtx 3090,new refurbished used or ex mining rtx 3090 refurbished,UNKNOWN,UNKNOWN,69efa03a-cd58-83a0-b9e1-861507d02eb8,High-VRAM Hardware Procurement,Review against existing cards and verify live facts before intake.
"$5,699",Missing,1/1A,5 699 rtx 5090 24 laptop,5 699 rtx 5090 24 laptop retail stores,UNKNOWN,UNKNOWN,69efa03a-cd58-83a0-b9e1-861507d02eb8,High-VRAM Hardware Procurement,Review against existing cards and verify live facts before intake.
Ryzen 7 7800X3D + RTX 5070 Ti 16GB,Missing,1.5/UNKNOWN,ryzen 7 7800x3d rtx 5070 ti 16gb rtx 5070 ti desktop,ryzen 7 7800x3d rtx 5070 ti 16gb rtx 5070 ti desktop the same seller,UNKNOWN,UNKNOWN,69efa03a-cd58-83a0-b9e1-861507d02eb8,High-VRAM Hardware Procurement,Review against existing cards and verify live facts before intake.
"OKINOS RTX 3090 24GB at $3,599",Missing,UNKNOWN/UNKNOWN,okinos rtx 3090 24gb at 3 599 rtx 3090 24,okinos rtx 3090 24gb at 3 599 rtx 3090 24 new,UNKNOWN,UNKNOWN,69efa03a-cd58-83a0-b9e1-861507d02eb8,High-VRAM Hardware Procurement,Review against existing cards and verify live facts before intake.
Source a used or refurbished NVIDIA,Missing,UNKNOWN/UNKNOWN,source a used or refurbished nvidia rtx 3090,source a used or refurbished nvidia rtx 3090 refurbished,UNKNOWN,UNKNOWN,69f08cf3-c88c-839e-96e9-ab9d8767ffcf,AI Computer Purchase Plan,Review against existing cards and verify live facts before intake.
"Scorptec, Mwave, and JW Computers",Missing,1/1A,scorptec mwave and jw computers rtx 3080 ti laptop,scorptec mwave and jw computers rtx 3080 ti laptop refurbished,UNKNOWN,UNKNOWN,69f199b8-63a0-839c-9743-426bcea1420e,Refurbished desktop search,Review against existing cards and verify live facts before intake.
eBay Australia:,Missing,1/1A,ebay australia rtx 4090 laptop,ebay australia rtx 4090 laptop refurbished,UNKNOWN,UNKNOWN,69f199b8-63a0-839c-9743-426bcea1420e,Refurbished desktop search,Review against existing cards and verify live facts before intake.
|,Missing,1.5/UNKNOWN,64 desktop,64 desktop 5329,5329,UNKNOWN,69f199b8-63a0-839c-9743-426bcea1420e,Refurbished desktop search,Review against existing cards and verify live facts before intake.
|,Missing,1/1A,rtx 4090 16 laptop,rtx 4090 16 laptop 5099,5099,UNKNOWN,69f199b8-63a0-839c-9743-426bcea1420e,Refurbished desktop search,Review against existing cards and verify live facts before intake.
|,Missing,1.5/UNKNOWN,rtx 4080 16 desktop,rtx 4080 16 desktop refurbished 1800,1800,UNKNOWN,69f199b8-63a0-839c-9743-426bcea1420e,Refurbished desktop search,Review against existing cards and verify live facts before intake.
|,Missing,1.5/UNKNOWN,rtx 5070 ti 16 desktop,rtx 5070 ti 16 desktop new 3399,3399,UNKNOWN,69f199b8-63a0-839c-9743-426bcea1420e,Refurbished desktop search,Review against existing cards and verify live facts before intake.
|,Missing,1.5/UNKNOWN,rtx 5070 ti desktop,rtx 5070 ti desktop new 3799,3799,UNKNOWN,69f199b8-63a0-839c-9743-426bcea1420e,Refurbished desktop search,Review against existing cards and verify live facts before intake.
|,Missing,1.5/UNKNOWN,rtx 4080 desktop,rtx 4080 desktop refurbished 3699,3699,UNKNOWN,69f199b8-63a0-839c-9743-426bcea1420e,Refurbished desktop search,Review against existing cards and verify live facts before intake.
|,Missing,1.5/UNKNOWN,rtx 4080 16 desktop,rtx 4080 16 desktop 2948,2948,UNKNOWN,69f199b8-63a0-839c-9743-426bcea1420e,Refurbished desktop search,Review against existing cards and verify live facts before intake.
|,Missing,1/1A,rtx 4090 laptop,rtx 4090 laptop refurbished 4449,4449,UNKNOWN,69f199b8-63a0-839c-9743-426bcea1420e,Refurbished desktop search,Review against existing cards and verify live facts before intake.
|,Missing,1/1A,rtx 5080 16 laptop,rtx 5080 16 laptop 4498,4498,UNKNOWN,69f199b8-63a0-839c-9743-426bcea1420e,Refurbished desktop search,Review against existing cards and verify live facts before intake.
|,Missing,1/1A,rtx 5080 16 laptop,rtx 5080 16 laptop 4899,4899,UNKNOWN,69f199b8-63a0-839c-9743-426bcea1420e,Refurbished desktop search,Review against existing cards and verify live facts before intake.
|,Missing,1/1A,rtx 5080 16 laptop,rtx 5080 16 laptop 4999,4999,UNKNOWN,69f199b8-63a0-839c-9743-426bcea1420e,Refurbished desktop search,Review against existing cards and verify live facts before intake.
|,Missing,1.5/UNKNOWN,rtx 5070 ti 16 desktop,rtx 5070 ti 16 desktop 2851 98,2851.98,UNKNOWN,69f199b8-63a0-839c-9743-426bcea1420e,Refurbished desktop search,Review against existing cards and verify live facts before intake.
Scorptec Eclipse RTX 5070 Ti 16GB,Missing,1.5/UNKNOWN,scorptec eclipse rtx 5070 ti 16gb rtx 5070 ti desktop,scorptec eclipse rtx 5070 ti 16gb rtx 5070 ti desktop new,UNKNOWN,UNKNOWN,69f199b8-63a0-839c-9743-426bcea1420e,Refurbished desktop search,Review against existing cards and verify live facts before intake.
Acer Predator Orion 7000 RTX 4080 refurbished,Missing,1.5/UNKNOWN,acer predator orion 7000 rtx 4080 refurbished rtx 4080 desktop,acer predator orion 7000 rtx 4080 refurbished rtx 4080 desktop refurbished,UNKNOWN,UNKNOWN,69f199b8-63a0-839c-9743-426bcea1420e,Refurbished desktop search,Review against existing cards and verify live facts before intake.
Acer Predator Helios 18 RTX 4090 refurbished,Missing,1.5/UNKNOWN,acer predator helios 18 rtx 4090 refurbished rtx 4090 desktop,acer predator helios 18 rtx 4090 refurbished rtx 4090 desktop refurbished,UNKNOWN,UNKNOWN,69f199b8-63a0-839c-9743-426bcea1420e,Refurbished desktop search,Review against existing cards and verify live facts before intake.
The evaluated-products ZIP already includes these major anchors:,Missing,1/1A,the evaluated products zip already includes these major anchors rtx 3090 laptop,the evaluated products zip already includes these major anchors rtx 3090 laptop used,UNKNOWN,UNKNOWN,69f199b8-63a0-839c-9743-426bcea1420e,Refurbished desktop search,Review against existing cards and verify live facts before intake.
|,Missing,1.5/UNKNOWN,rtx 3090 desktop,rtx 3090 desktop used 2800,2800,UNKNOWN,69f199b8-63a0-839c-9743-426bcea1420e,Refurbished desktop search,Review against existing cards and verify live facts before intake.
|,Missing,UNKNOWN/UNKNOWN,rtx 3090,rtx 3090 refurbished,UNKNOWN,UNKNOWN,69f199b8-63a0-839c-9743-426bcea1420e,Refurbished desktop search,Review against existing cards and verify live facts before intake.
Compact Alienware Aurora RTX 3090 / 4090 towers,Missing,1/1A,compact alienware aurora rtx 3090 4090 towers rtx 3090 laptop,compact alienware aurora rtx 3090 4090 towers rtx 3090 laptop 2,2,UNKNOWN,69f199b8-63a0-839c-9743-426bcea1420e,Refurbished desktop search,Review against existing cards and verify live facts before intake.
Alienware Aurora RTX 3090 24GB,Missing,1/1A,alienware aurora rtx 3090 24gb rtx 3090 laptop,alienware aurora rtx 3090 24gb rtx 3090 laptop 2800,2800,UNKNOWN,69f199b8-63a0-839c-9743-426bcea1420e,Refurbished desktop search,Review against existing cards and verify live facts before intake.
Alienware Aurora RTX 4090 24GB,Missing,1/1A,alienware aurora rtx 4090 24gb rtx 4090 laptop,alienware aurora rtx 4090 24gb rtx 4090 laptop 3800,3800,UNKNOWN,69f199b8-63a0-839c-9743-426bcea1420e,Refurbished desktop search,Review against existing cards and verify live facts before intake.
RTX 4090 laptop 16GB,Missing,1/1A,rtx 4090 laptop 16gb rtx 4090 laptop,rtx 4090 laptop 16gb rtx 4090 laptop 4000,4000,UNKNOWN,69f199b8-63a0-839c-9743-426bcea1420e,Refurbished desktop search,Review against existing cards and verify live facts before intake.
RTX 5080 laptop 16GB,Missing,1/1A,rtx 5080 laptop 16gb rtx 5080 laptop,rtx 5080 laptop 16gb rtx 5080 laptop 4500,4500,UNKNOWN,69f199b8-63a0-839c-9743-426bcea1420e,Refurbished desktop search,Review against existing cards and verify live facts before intake.
Alienware RTX 3090 tower around A$2k,Missing,1/1A,alienware rtx 3090 tower around a 2k rtx 3090 24 laptop,alienware rtx 3090 tower around a 2k rtx 3090 24 laptop 2,2,UNKNOWN,69f199b8-63a0-839c-9743-426bcea1420e,Refurbished desktop search,Review against existing cards and verify live facts before intake.
Expansion Verdict,Missing,UNKNOWN/UNKNOWN,expansion verdict rtx 3090,expansion verdict rtx 3090 2000,2000,UNKNOWN,69f199b8-63a0-839c-9743-426bcea1420e,Refurbished desktop search,Review against existing cards and verify live facts before intake.
|,Missing,1/1A,rtx 3090 24 laptop,rtx 3090 24 laptop 2,2,UNKNOWN,69f199b8-63a0-839c-9743-426bcea1420e,Refurbished desktop search,Review against existing cards and verify live facts before intake.
|,Missing,1/1A,rtx 4090 laptop,rtx 4090 laptop 3 5,3.5,UNKNOWN,69f199b8-63a0-839c-9743-426bcea1420e,Refurbished desktop search,Review against existing cards and verify live facts before intake.
|,Missing,1/1A,rtx 5080 laptop,rtx 5080 laptop 4,4,UNKNOWN,69f199b8-63a0-839c-9743-426bcea1420e,Refurbished desktop search,Review against existing cards and verify live facts before intake.
A$2k local Alienware RTX 3090,Missing,1/1A,a 2k local alienware rtx 3090 rtx 3090 laptop,a 2k local alienware rtx 3090 rtx 3090 laptop 2,2,UNKNOWN,69f199b8-63a0-839c-9743-426bcea1420e,Refurbished desktop search,Review against existing cards and verify live facts before intake.
MSI Vector 16 HX AI Open Box RTX 5070 Ti 12GB,Missing,UNKNOWN/UNKNOWN,msi vector 16 hx ai open box rtx 5070 ti 12gb rtx 5070 ti 12,msi vector 16 hx ai open box rtx 5070 ti 12gb rtx 5070 ti 12 open box,UNKNOWN,UNKNOWN,69f199b8-63a0-839c-9743-426bcea1420e,Refurbished desktop search,Review against existing cards and verify live facts before intake.
"A$7,599",Missing,1/1A,a 7 599 rtx 5080 16 laptop,a 7 599 rtx 5080 16 laptop 7599,7599,UNKNOWN,69f199b8-63a0-839c-9743-426bcea1420e,Refurbished desktop search,Review against existing cards and verify live facts before intake.
2. Open Box MSI Vector 16 HX AI RTX 5070 Ti — **conditional card only,Missing,UNKNOWN/UNKNOWN,2 open box msi vector 16 hx ai rtx 5070 ti conditional card only rtx 5070 ti,2 open box msi vector 16 hx ai rtx 5070 ti conditional card only rtx 5070 ti open box,UNKNOWN,UNKNOWN,69f199b8-63a0-839c-9743-426bcea1420e,Refurbished desktop search,Review against existing cards and verify live facts before intake.
12GB GDDR7,Missing,1.5/UNKNOWN,12gb gddr7 rtx 5070 ti 12 desktop,12gb gddr7 rtx 5070 ti 12 desktop 3399,3399,UNKNOWN,69f199b8-63a0-839c-9743-426bcea1420e,Refurbished desktop search,Review against existing cards and verify live facts before intake.
"Core Ultra 7, 32GB RAM, 1TB, RTX 5070 Ti",Missing,UNKNOWN/UNKNOWN,core ultra 7 32gb ram 1tb rtx 5070 ti rtx 5070 ti,core ultra 7 32gb ram 1tb rtx 5070 ti rtx 5070 ti open box,UNKNOWN,UNKNOWN,69f199b8-63a0-839c-9743-426bcea1420e,Refurbished desktop search,Review against existing cards and verify live facts before intake.
"A$5,499 is high, but far less than many premium",Missing,1/1A,a 5 499 is high but far less than many premium rtx 5090 laptop,a 5 499 is high but far less than many premium rtx 5090 laptop 5499,5499,UNKNOWN,69f199b8-63a0-839c-9743-426bcea1420e,Refurbished desktop search,Review against existing cards and verify live facts before intake.
|,Missing,UNKNOWN/UNKNOWN,rtx 5070 ti,rtx 5070 ti open box,UNKNOWN,UNKNOWN,69f199b8-63a0-839c-9743-426bcea1420e,Refurbished desktop search,Review against existing cards and verify live facts before intake.
Open Box MSI Vector 16 HX AI RTX 5070 Ti,Missing,UNKNOWN/UNKNOWN,open box msi vector 16 hx ai rtx 5070 ti rtx 5070 ti,open box msi vector 16 hx ai rtx 5070 ti rtx 5070 ti open box,UNKNOWN,UNKNOWN,69f199b8-63a0-839c-9743-426bcea1420e,Refurbished desktop search,Review against existing cards and verify live facts before intake.
MSI Vector 16 HX AI RTX 5090 bundle,Missing,UNKNOWN/UNKNOWN,msi vector 16 hx ai rtx 5090 bundle rtx 5090,msi vector 16 hx ai rtx 5090 bundle rtx 5090 new,UNKNOWN,UNKNOWN,69f199b8-63a0-839c-9743-426bcea1420e,Refurbished desktop search,Review against existing cards and verify live facts before intake.
"Good large-screen value laptop, but",Missing,1/1A,good large screen value laptop but rtx 5070 8 laptop,good large screen value laptop but rtx 5070 8 laptop 1500,1500,UNKNOWN,69f199b8-63a0-839c-9743-426bcea1420e,Refurbished desktop search,Review against existing cards and verify live facts before intake.
Lenovo Legion Pro 7i – i9-14900HX / 32GB / 2TB SSD / RTX 4090 / 2K 240Hz / 1Y WTY,Missing,1/1A,lenovo legion pro 7i i9 14900hx 32gb 2tb ssd rtx 4090 2k 240hz 1y wty rtx 4090 laptop,lenovo legion pro 7i i9 14900hx 32gb 2tb ssd rtx 4090 2k 240hz 1y wty rtx 4090 laptop 3599,3599,UNKNOWN,69f199b8-63a0-839c-9743-426bcea1420e,Refurbished desktop search,Review against existing cards and verify live facts before intake.
Value,Missing,1/1A,value rtx 4090 laptop,value rtx 4090 laptop 3599,3599,UNKNOWN,69f199b8-63a0-839c-9743-426bcea1420e,Refurbished desktop search,Review against existing cards and verify live facts before intake.
Strong,Missing,1/1A,strong rtx 4090 laptop,strong rtx 4090 laptop 3 6,3.6,UNKNOWN,69f199b8-63a0-839c-9743-426bcea1420e,Refurbished desktop search,Review against existing cards and verify live facts before intake.
1,Missing,1/1A,1 rtx 3090 laptop,1 rtx 3090 laptop refurbished,UNKNOWN,UNKNOWN,69f3c88f-77b8-839f-a680-2ea7eafaad84,MSI Vector 17 HX AI,Review against existing cards and verify live facts before intake.
2 memory slots,Missing,UNKNOWN/UNKNOWN,2 memory slots rtx 5090,2 memory slots rtx 5090 least one configuration table,UNKNOWN,UNKNOWN,69f3c88f-77b8-839f-a680-2ea7eafaad84,MSI Vector 17 HX AI,Review against existing cards and verify live facts before intake.
MINISFORUM N5 MAX AI NAS,Missing,1.5/UNKNOWN,minisforum n5 max ai nas rtx 3090 desktop,minisforum n5 max ai nas rtx 3090 desktop new,UNKNOWN,UNKNOWN,69f4635f-83b4-839a-9d97-e38feeeba8a3,MINISFORUM N5 MAX Review,Review against existing cards and verify live facts before intake.
Local LLM capacity,Missing,1/1B,local llm capacity ryzen ai max 395 laptop,local llm capacity ryzen ai max 395 laptop platform level,UNKNOWN,UNKNOWN,69f4635f-83b4-839a-9d97-e38feeeba8a3,MINISFORUM N5 MAX Review,Review against existing cards and verify live facts before intake.
"Card 10 — Custom RTX 3090 24GB desktop + refurbished ThinkPad bundle `[92/100]` · ~$3,400–4,600",Missing,1.5/UNKNOWN,card 10 custom rtx 3090 24gb desktop refurbished thinkpad bundle 92 100 3 400 4 600 rtx 3090 desktop,card 10 custom rtx 3090 24gb desktop refurbished thinkpad bundle 92 100 3 400 4 600 rtx 3090 desktop refurbished,UNKNOWN,UNKNOWN,69f46570-fa88-839c-b21e-635af55e97af,Ledger Classification Review,Review against existing cards and verify live facts before intake.
A packaged deal: a custom-built desktop with an,Missing,1.5/UNKNOWN,a packaged deal a custom built desktop with an rtx 3090 desktop,a packaged deal a custom built desktop with an rtx 3090 desktop refurbished,UNKNOWN,UNKNOWN,69f46570-fa88-839c-b21e-635af55e97af,Ledger Classification Review,Review against existing cards and verify live facts before intake.
A refurbished tower with,Missing,UNKNOWN/UNKNOWN,a refurbished tower with rtx 3090,a refurbished tower with rtx 3090 refurbished,UNKNOWN,UNKNOWN,69f46570-fa88-839c-b21e-635af55e97af,Ledger Classification Review,Review against existing cards and verify live facts before intake.
"Card 19 — Custom RTX 3090 24GB desktop + refurbished ThinkPad-class laptop `[75/100]` · $4,000",Missing,1/1A,card 19 custom rtx 3090 24gb desktop refurbished thinkpad class laptop 75 100 4 000 rtx 3090 laptop,card 19 custom rtx 3090 24gb desktop refurbished thinkpad class laptop 75 100 4 000 rtx 3090 laptop refurbished,UNKNOWN,UNKNOWN,69f46570-fa88-839c-b21e-635af55e97af,Ledger Classification Review,Review against existing cards and verify live facts before intake.
Card 10 — Custom RTX 3090 24GB desktop + refurbished ThinkPad bundle,Missing,1.5/UNKNOWN,card 10 custom rtx 3090 24gb desktop refurbished thinkpad bundle rtx 3090 desktop,card 10 custom rtx 3090 24gb desktop refurbished thinkpad bundle rtx 3090 desktop refurbished,UNKNOWN,UNKNOWN,69f46570-fa88-839c-b21e-635af55e97af,Ledger Classification Review,Review against existing cards and verify live facts before intake.
Custom_Builds,Missing,1/1A,custom builds rtx 3090 laptop,custom builds rtx 3090 laptop refurbished,UNKNOWN,UNKNOWN,69f46570-fa88-839c-b21e-635af55e97af,Ledger Classification Review,Review against existing cards and verify live facts before intake.
Card 19 — Custom RTX 3090 24GB desktop + refurbished ThinkPad-class laptop,Missing,1/1A,card 19 custom rtx 3090 24gb desktop refurbished thinkpad class laptop rtx 3090 laptop,card 19 custom rtx 3090 24gb desktop refurbished thinkpad class laptop rtx 3090 laptop refurbished,UNKNOWN,UNKNOWN,69f46570-fa88-839c-b21e-635af55e97af,Ledger Classification Review,Review against existing cards and verify live facts before intake.
|,Missing,1/1A,rtx 3090 laptop,rtx 3090 laptop refurbished,UNKNOWN,UNKNOWN,69f46570-fa88-839c-b21e-635af55e97af,Ledger Classification Review,Review against existing cards and verify live facts before intake.
Custom,Missing,1/1A,custom rtx 3090 laptop,custom rtx 3090 laptop refurbished,UNKNOWN,UNKNOWN,69f46570-fa88-839c-b21e-635af55e97af,Ledger Classification Review,Review against existing cards and verify live facts before intake.
Card 19 was consolidated into Card 10 because both describe the same strategic bundle: a custom,Missing,1/1A,card 19 was consolidated into card 10 because both describe the same strategic bundle a custom rtx 3090 laptop,card 19 was consolidated into card 10 because both describe the same strategic bundle a custom rtx 3090 laptop refurbished,UNKNOWN,UNKNOWN,69f46570-fa88-839c-b21e-635af55e97af,Ledger Classification Review,Review against existing cards and verify live facts before intake.
|,Missing,1.5/UNKNOWN,rtx 3090 desktop,rtx 3090 desktop used,UNKNOWN,UNKNOWN,69f5ad8c-cb34-839a-beac-2ffa0cd19f56,RTX 3090 Prebuilt Systems,Review against existing cards and verify live facts before intake.
|,Missing,1.5/UNKNOWN,rtx 3090 20 desktop,rtx 3090 20 desktop refurbished,UNKNOWN,UNKNOWN,69f5ad8c-cb34-839a-beac-2ffa0cd19f56,RTX 3090 Prebuilt Systems,Review against existing cards and verify live facts before intake.
|,Missing,1.5/UNKNOWN,rtx 5000 16 desktop,rtx 5000 16 desktop refurbished,UNKNOWN,UNKNOWN,69f5ad8c-cb34-839a-beac-2ffa0cd19f56,RTX 3090 Prebuilt Systems,Review against existing cards and verify live facts before intake.
Cheap P620 base + add used RTX 3090,Missing,UNKNOWN/UNKNOWN,cheap p620 base add used rtx 3090 rtx 3090,cheap p620 base add used rtx 3090 rtx 3090 used,UNKNOWN,UNKNOWN,69f5ad8c-cb34-839a-beac-2ffa0cd19f56,RTX 3090 Prebuilt Systems,Review against existing cards and verify live facts before intake.
|,Missing,1.5/UNKNOWN,rtx 4090 desktop,rtx 4090 desktop refurbished,UNKNOWN,UNKNOWN,69f5ad8c-cb34-839a-beac-2ffa0cd19f56,RTX 3090 Prebuilt Systems,Review against existing cards and verify live facts before intake.
|,Missing,1.5/UNKNOWN,rtx 4090 24 desktop,rtx 4090 24 desktop used,UNKNOWN,UNKNOWN,69f5ad8c-cb34-839a-beac-2ffa0cd19f56,RTX 3090 Prebuilt Systems,Review against existing cards and verify live facts before intake.
Mike PC RTX 4090 prebuilt,Missing,1.5/UNKNOWN,mike pc rtx 4090 prebuilt rtx 4090 desktop,mike pc rtx 4090 prebuilt rtx 4090 desktop used,UNKNOWN,UNKNOWN,69f5ad8c-cb34-839a-beac-2ffa0cd19f56,RTX 3090 Prebuilt Systems,Review against existing cards and verify live facts before intake.
1. Refurb enterprise base + add,Missing,UNKNOWN/UNKNOWN,1 refurb enterprise base add rtx 3090,1 refurb enterprise base add rtx 3090 refurbished,UNKNOWN,UNKNOWN,69f5ad8c-cb34-839a-beac-2ffa0cd19f56,RTX 3090 Prebuilt Systems,Review against existing cards and verify live facts before intake.
2. Refurb enterprise with,Missing,UNKNOWN/UNKNOWN,2 refurb enterprise with rtx 3090,2 refurb enterprise with rtx 3090 refurbished,UNKNOWN,UNKNOWN,69f5ad8c-cb34-839a-beac-2ffa0cd19f56,RTX 3090 Prebuilt Systems,Review against existing cards and verify live facts before intake.
3. New custom prebuild with,Missing,UNKNOWN/UNKNOWN,3 new custom prebuild with rtx 4090,3 new custom prebuild with rtx 4090 new,UNKNOWN,UNKNOWN,69f5ad8c-cb34-839a-beac-2ffa0cd19f56,RTX 3090 Prebuilt Systems,Review against existing cards and verify live facts before intake.
24GB GDDR7 at 175W,Missing,1/1A,24gb gddr7 at 175w rtx 5090 24 laptop,24gb gddr7 at 175w rtx 5090 24 laptop open box,UNKNOWN,UNKNOWN,69f71cf3-2ccc-839d-be3f-dc49afca00d5,Laptop Scoring Assessment,Review against existing cards and verify live facts before intake.
"$6,998",Missing,1/1A,6 998 rtx 5090 laptop,6 998 rtx 5090 laptop open box,UNKNOWN,UNKNOWN,69f71cf3-2ccc-839d-be3f-dc49afca00d5,Laptop Scoring Assessment,Review against existing cards and verify live facts before intake.
"Below is a list of these devices featuring the upcoming AMD """,Missing,1/1B,below is a list of these devices featuring the upcoming amd strix halo laptop,below is a list of these devices featuring the upcoming amd strix halo laptop new,UNKNOWN,UNKNOWN,69f72ce9-91d4-8398-806f-9dc2bb305a22,Device list creation,Review against existing cards and verify live facts before intake.
"Understood. I will research each of the devices you've listed with AMD """,Missing,1/1B,understood i will research each of the devices you ve listed with amd strix halo laptop,understood i will research each of the devices you ve listed with amd strix halo laptop product pages new,UNKNOWN,UNKNOWN,69f72ce9-91d4-8398-806f-9dc2bb305a22,Device list creation,Review against existing cards and verify live facts before intake.
Goal: Identify top 7-10 viable second-hand/refurbished/open-box/ex-demo laptops with NVIDIA,Missing,1/1A,goal identify top 7 10 viable second hand refurbished open box ex demo laptops with nvidia rtx 3080 ti 16 laptop,goal identify top 7 10 viable second hand refurbished open box ex demo laptops with nvidia rtx 3080 ti 16 laptop open box,UNKNOWN,UNKNOWN,69fd7916-a7b0-83ec-bc7a-ab890c2f21e1,RTX 3080 Ti Laptop Search,Review against existing cards and verify live facts before intake.
"1. Generate and simulate broad searches across 15+ sources: eBay.au/us/uk (""",Missing,1/1A,1 generate and simulate broad searches across 15 sources ebay au us uk rtx 3080 ti laptop,1 generate and simulate broad searches across 15 sources ebay au us uk rtx 3080 ti laptop open box,UNKNOWN,UNKNOWN,69fd7916-a7b0-83ec-bc7a-ab890c2f21e1,RTX 3080 Ti Laptop Search,Review against existing cards and verify live facts before intake.
more than 16GB VRAM,Missing,1/1A,more than 16gb vram rtx 4080 16 laptop,more than 16gb vram rtx 4080 16 laptop open box,UNKNOWN,UNKNOWN,69fd7916-a7b0-83ec-bc7a-ab890c2f21e1,RTX 3080 Ti Laptop Search,Review against existing cards and verify live facts before intake.
Alienware,Missing,1/1A,alienware rtx 4090 laptop,alienware rtx 4090 laptop used,UNKNOWN,UNKNOWN,69fd7916-a7b0-83ec-bc7a-ab890c2f21e1,RTX 3080 Ti Laptop Search,Review against existing cards and verify live facts before intake.
Lenovo Legion,Missing,1/1A,lenovo legion rtx 4090 laptop,lenovo legion rtx 4090 laptop refurbished,UNKNOWN,UNKNOWN,69fd7916-a7b0-83ec-bc7a-ab890c2f21e1,RTX 3080 Ti Laptop Search,Review against existing cards and verify live facts before intake.
“NVIDIA,Missing,1/1A,nvidia rtx 4000 laptop,nvidia rtx 4000 laptop refurbished,UNKNOWN,UNKNOWN,69fd7916-a7b0-83ec-bc7a-ab890c2f21e1,RTX 3080 Ti Laptop Search,Review against existing cards and verify live facts before intake.
“16GB VRAM laptop,Missing,1/1A,16gb vram laptop rtx 4090 16 laptop,16gb vram laptop rtx 4090 16 laptop refurbished,UNKNOWN,UNKNOWN,69fd7916-a7b0-83ec-bc7a-ab890c2f21e1,RTX 3080 Ti Laptop Search,Review against existing cards and verify live facts before intake.
“Razer Blade 16,Missing,UNKNOWN/UNKNOWN,razer blade 16 rtx 5090,razer blade 16 rtx 5090 refurbished,UNKNOWN,UNKNOWN,69fd7916-a7b0-83ec-bc7a-ab890c2f21e1,RTX 3080 Ti Laptop Search,Review against existing cards and verify live facts before intake.
MSI Vector 16 HX AI RTX 5080,Missing,UNKNOWN/UNKNOWN,msi vector 16 hx ai rtx 5080 rtx 5080,msi vector 16 hx ai rtx 5080 rtx 5080 open box,UNKNOWN,UNKNOWN,69fd7916-a7b0-83ec-bc7a-ab890c2f21e1,RTX 3080 Ti Laptop Search,Review against existing cards and verify live facts before intake.
Strictly above 16GB laptop VRAM:,Missing,1/1A,strictly above 16gb laptop vram rtx 5090 24 laptop,strictly above 16gb laptop vram rtx 5090 24 laptop 4500,4500,UNKNOWN,69fd7916-a7b0-83ec-bc7a-ab890c2f21e1,RTX 3080 Ti Laptop Search,Review against existing cards and verify live facts before intake.
Best practical laptop purchase:,Missing,1/1A,best practical laptop purchase rtx 5080 laptop,best practical laptop purchase rtx 5080 laptop mwave 4299,4299,UNKNOWN,69fd7916-a7b0-83ec-bc7a-ab890c2f21e1,RTX 3080 Ti Laptop Search,Review against existing cards and verify live facts before intake.
Best imported/refurb performance candidate:,Missing,1/1A,best imported refurb performance candidate rtx 4090 laptop,best imported refurb performance candidate rtx 4090 laptop refurbished 4019,4019,UNKNOWN,69fd7916-a7b0-83ec-bc7a-ab890c2f21e1,RTX 3080 Ti Laptop Search,Review against existing cards and verify live facts before intake.
“RTX 5090 Laptop is the real >16GB target”,Missing,1/1A,rtx 5090 laptop is the real 16gb target rtx 5090 24 laptop,rtx 5090 laptop is the real 16gb target rtx 5090 24 laptop 4500,4500,UNKNOWN,69fd7916-a7b0-83ec-bc7a-ab890c2f21e1,RTX 3080 Ti Laptop Search,Review against existing cards and verify live facts before intake.
historical / limited open-box freight-forwarding opportunity,Missing,UNKNOWN/UNKNOWN,historical limited open box freight forwarding opportunity rtx 5080,historical limited open box freight forwarding opportunity rtx 5080 open box 3 2,3.2,UNKNOWN,69fd7916-a7b0-83ec-bc7a-ab890c2f21e1,RTX 3080 Ti Laptop Search,Review against existing cards and verify live facts before intake.
|,Missing,1/1A,rtx 5080 16 laptop,rtx 5080 16 laptop new 4299,4299,UNKNOWN,69fd7916-a7b0-83ec-bc7a-ab890c2f21e1,RTX 3080 Ti Laptop Search,Review against existing cards and verify live facts before intake.
|,Missing,1/1A,rtx 4090 16 laptop,rtx 4090 16 laptop refurbished 4019,4019,UNKNOWN,69fd7916-a7b0-83ec-bc7a-ab890c2f21e1,RTX 3080 Ti Laptop Search,Review against existing cards and verify live facts before intake.
|,Missing,1/1A,rtx 4090 laptop,rtx 4090 laptop 4299,4299,UNKNOWN,69fd7916-a7b0-83ec-bc7a-ab890c2f21e1,RTX 3080 Ti Laptop Search,Review against existing cards and verify live facts before intake.
|,Missing,1/1A,rtx 4090 laptop,rtx 4090 laptop used 3900,3900,UNKNOWN,69fd7916-a7b0-83ec-bc7a-ab890c2f21e1,RTX 3080 Ti Laptop Search,Review against existing cards and verify live facts before intake.
|,Missing,1/1A,rtx 5080 laptop,rtx 5080 laptop open box 3162,3162,UNKNOWN,69fd7916-a7b0-83ec-bc7a-ab890c2f21e1,RTX 3080 Ti Laptop Search,Review against existing cards and verify live facts before intake.
|,Missing,1/1A,rtx 4090 laptop,rtx 4090 laptop 3 8,3.8,UNKNOWN,69fd7916-a7b0-83ec-bc7a-ab890c2f21e1,RTX 3080 Ti Laptop Search,Review against existing cards and verify live facts before intake.
|,Missing,1/1A,rtx 3080 ti laptop,rtx 3080 ti laptop 2 2,2.2,UNKNOWN,69fd7916-a7b0-83ec-bc7a-ab890c2f21e1,RTX 3080 Ti Laptop Search,Review against existing cards and verify live facts before intake.
|,Missing,1/1A,rtx 5090 24 laptop,rtx 5090 24 laptop 8,8,UNKNOWN,69fd7916-a7b0-83ec-bc7a-ab890c2f21e1,RTX 3080 Ti Laptop Search,Review against existing cards and verify live facts before intake.
"Mwave A$4,299 model with 32GB RAM and 2TB SSD",Missing,1/1A,mwave a 4 299 model with 32gb ram and 2tb ssd rtx 5080 16 laptop,mwave a 4 299 model with 32gb ram and 2tb ssd rtx 5080 16 laptop 4299,4299,UNKNOWN,69fd7916-a7b0-83ec-bc7a-ab890c2f21e1,RTX 3080 Ti Laptop Search,Review against existing cards and verify live facts before intake.
2. Best imported/refurb laptop: Lenovo Legion Pro 7i RTX 4090,Missing,1/1A,2 best imported refurb laptop lenovo legion pro 7i rtx 4090 rtx 4090 laptop,2 best imported refurb laptop lenovo legion pro 7i rtx 4090 rtx 4090 laptop refurbished,UNKNOWN,UNKNOWN,69fd7916-a7b0-83ec-bc7a-ab890c2f21e1,RTX 3080 Ti Laptop Search,Review against existing cards and verify live facts before intake.
"A$4,019 before any AU-specific shipping/admin issues",Missing,1/1A,a 4 019 before any au specific shipping admin issues rtx 4090 laptop,a 4 019 before any au specific shipping admin issues rtx 4090 laptop refurbished 4019,4019,UNKNOWN,69fd7916-a7b0-83ec-bc7a-ab890c2f21e1,RTX 3080 Ti Laptop Search,Review against existing cards and verify live facts before intake.
3. Best local used RTX 4090 option: MSI Raider GE68,Missing,1/1A,3 best local used rtx 4090 option msi raider ge68 rtx 4090 laptop,3 best local used rtx 4090 option msi raider ge68 rtx 4090 laptop used,UNKNOWN,UNKNOWN,69fd7916-a7b0-83ec-bc7a-ab890c2f21e1,RTX 3080 Ti Laptop Search,Review against existing cards and verify live facts before intake.
The GE68 is attractive because it is AU-based and has,Missing,UNKNOWN/UNKNOWN,the ge68 is attractive because it is au based and has rtx 4090,the ge68 is attractive because it is au based and has rtx 4090 4999,4999,UNKNOWN,69fd7916-a7b0-83ec-bc7a-ab890c2f21e1,RTX 3080 Ti Laptop Search,Review against existing cards and verify live facts before intake.
"A$3,162 before freight forwarding",Missing,UNKNOWN/UNKNOWN,a 3 162 before freight forwarding,a 3 162 before freight forwarding open box 3162,3162,UNKNOWN,69fd7916-a7b0-83ec-bc7a-ab890c2f21e1,RTX 3080 Ti Laptop Search,Review against existing cards and verify live facts before intake.
Superseded items from the earlier RTX 3080 Ti report,Missing,UNKNOWN/UNKNOWN,superseded items from the earlier rtx 3080 ti report rtx 3080 ti,superseded items from the earlier rtx 3080 ti report rtx 3080 ti the earlier rtx 3080 ti report,UNKNOWN,UNKNOWN,69fd7916-a7b0-83ec-bc7a-ab890c2f21e1,RTX 3080 Ti Laptop Search,Review against existing cards and verify live facts before intake.
Razer Blade 15 RTX 3080 Ti,Missing,UNKNOWN/UNKNOWN,razer blade 15 rtx 3080 ti rtx 3080 ti,razer blade 15 rtx 3080 ti rtx 3080 ti 2 4,2.4,UNKNOWN,69fd7916-a7b0-83ec-bc7a-ab890c2f21e1,RTX 3080 Ti Laptop Search,Review against existing cards and verify live facts before intake.
MSI Stealth GS77 RTX 3080 Ti,Missing,UNKNOWN/UNKNOWN,msi stealth gs77 rtx 3080 ti rtx 3080 ti,msi stealth gs77 rtx 3080 ti rtx 3080 ti gemini,UNKNOWN,UNKNOWN,69fd7916-a7b0-83ec-bc7a-ab890c2f21e1,RTX 3080 Ti Laptop Search,Review against existing cards and verify live facts before intake.
|,Missing,1/1A,rtx 5080 laptop,rtx 5080 laptop new 4 5,4.5,UNKNOWN,69fd7916-a7b0-83ec-bc7a-ab890c2f21e1,RTX 3080 Ti Laptop Search,Review against existing cards and verify live facts before intake.
|,Missing,1/1A,rtx 4090 laptop,rtx 4090 laptop refurbished,UNKNOWN,UNKNOWN,69fd7916-a7b0-83ec-bc7a-ab890c2f21e1,RTX 3080 Ti Laptop Search,Review against existing cards and verify live facts before intake.
|,Missing,1/1A,rtx 4090 laptop,rtx 4090 laptop used,UNKNOWN,UNKNOWN,69fd7916-a7b0-83ec-bc7a-ab890c2f21e1,RTX 3080 Ti Laptop Search,Review against existing cards and verify live facts before intake.
|,Missing,1/1A,rtx 3080 ti laptop,rtx 3080 ti laptop used,UNKNOWN,UNKNOWN,69fd7916-a7b0-83ec-bc7a-ab890c2f21e1,RTX 3080 Ti Laptop Search,Review against existing cards and verify live facts before intake.
"MSI Vector 16 HX AI RTX 5080 from Mwave at A$4,299",Missing,1/1A,msi vector 16 hx ai rtx 5080 from mwave at a 4 299 rtx 5080 laptop,msi vector 16 hx ai rtx 5080 from mwave at a 4 299 rtx 5080 laptop new 4299,4299,UNKNOWN,69fd7916-a7b0-83ec-bc7a-ab890c2f21e1,RTX 3080 Ti Laptop Search,Review against existing cards and verify live facts before intake.
Lenovo Legion Pro 7i RTX 4090 certified refurb,Missing,1/1A,lenovo legion pro 7i rtx 4090 certified refurb rtx 4090 laptop,lenovo legion pro 7i rtx 4090 certified refurb rtx 4090 laptop refurbished,UNKNOWN,UNKNOWN,69fd7916-a7b0-83ec-bc7a-ab890c2f21e1,RTX 3080 Ti Laptop Search,Review against existing cards and verify live facts before intake.
"My previous search focused mainly on 16GB+ VRAM laptops, especially",Missing,1/1A,my previous search focused mainly on 16gb vram laptops especially rtx 3080 ti laptop,my previous search focused mainly on 16gb vram laptops especially rtx 3080 ti laptop used,UNKNOWN,UNKNOWN,69fd7916-a7b0-83ec-bc7a-ab890c2f21e1,RTX 3080 Ti Laptop Search,Review against existing cards and verify live facts before intake.
refurbished,Missing,1/1A,refurbished rtx 4090 laptop,refurbished rtx 4090 laptop refurbished,UNKNOWN,UNKNOWN,69fd7916-a7b0-83ec-bc7a-ab890c2f21e1,RTX 3080 Ti Laptop Search,Review against existing cards and verify live facts before intake.
used,Missing,1/1A,used rtx 4090 laptop,used rtx 4090 laptop used,UNKNOWN,UNKNOWN,69fd7916-a7b0-83ec-bc7a-ab890c2f21e1,RTX 3080 Ti Laptop Search,Review against existing cards and verify live facts before intake.
open box,Missing,1/1A,open box rtx 4080 laptop,open box rtx 4080 laptop open box,UNKNOWN,UNKNOWN,69fd7916-a7b0-83ec-bc7a-ab890c2f21e1,RTX 3080 Ti Laptop Search,Review against existing cards and verify live facts before intake.
Search approach,Missing,1/1A,search approach rtx 4090 16 laptop,search approach rtx 4090 16 laptop refurbished,UNKNOWN,UNKNOWN,69fd7916-a7b0-83ec-bc7a-ab890c2f21e1,RTX 3080 Ti Laptop Search,Review against existing cards and verify live facts before intake.
"24 GB+ RTX 5090, Quadro 5000/6000 Ada (24+ GB) Typically >AU$8k (e.g. Legion 9i 18″ RTX 5090 24 GB ~AU$9,999",Missing,1/1A,24 gb rtx 5090 quadro 5000 6000 ada typically au 8k e g legion 9i 18 rtx 5090 24 gb au 9 999 rtx 5090 laptop,24 gb rtx 5090 quadro 5000 6000 ada typically au 8k e g legion 9i 18 rtx 5090 24 gb au 9 999 rtx 5090 laptop 8,8,UNKNOWN,69fd7916-a7b0-83ec-bc7a-ab890c2f21e1,RTX 3080 Ti Laptop Search,Review against existing cards and verify live facts before intake.
"16 GB RTX 4090, RTX 3080 Ti/5080, RTX 5000 Ada (16 GB) ~AU$3k–5k (e.g. Razer Blade 18 RTX 4090 16 GB at ~$4,789",Missing,UNKNOWN/UNKNOWN,16 gb rtx 4090 rtx 3080 ti 5080 rtx 5000 ada au 3k 5k e g razer blade 18 rtx 4090 16 gb at 4 789 rtx 4090,16 gb rtx 4090 rtx 3080 ti 5080 rtx 5000 ada au 3k 5k e g razer blade 18 rtx 4090 16 gb at 4 789 rtx 4090 3,3,UNKNOWN,69fd7916-a7b0-83ec-bc7a-ab890c2f21e1,RTX 3080 Ti Laptop Search,Review against existing cards and verify live facts before intake.
"12 GB RTX 4080, RTX 4070 Ti/5070 Ti (12 GB) Often still ~AU$4–5k (e.g. Asus Scar 18 RTX 4080 12 GB at ~$5,199",Missing,UNKNOWN/UNKNOWN,12 gb rtx 4080 rtx 4070 ti 5070 ti often still au 4 5k e g asus scar 18 rtx 4080 12 gb at 5 199 rtx 4080,12 gb rtx 4080 rtx 4070 ti 5070 ti often still au 4 5k e g asus scar 18 rtx 4080 12 gb at 5 199 rtx 4080 4,4,UNKNOWN,69fd7916-a7b0-83ec-bc7a-ab890c2f21e1,RTX 3080 Ti Laptop Search,Review against existing cards and verify live facts before intake.
UNKNOWN,Missing,UNKNOWN/UNKNOWN,rtx 3070 12,rtx 3070 12 new 3,3,UNKNOWN,69fd7916-a7b0-83ec-bc7a-ab890c2f21e1,RTX 3080 Ti Laptop Search,Review against existing cards and verify live facts before intake.
4 HP Omen 17 (2022),Missing,UNKNOWN/UNKNOWN,4 hp omen 17 rtx 4090,4 hp omen 17 rtx 4090 open box,UNKNOWN,UNKNOWN,69fd7916-a7b0-83ec-bc7a-ab890c2f21e1,RTX 3080 Ti Laptop Search,Review against existing cards and verify live facts before intake.
9 Alienware m18 R2 (2024),Missing,1/1A,9 alienware m18 r2 rtx 4090 laptop,9 alienware m18 r2 rtx 4090 laptop refurbished,UNKNOWN,UNKNOWN,69fd7916-a7b0-83ec-bc7a-ab890c2f21e1,RTX 3080 Ti Laptop Search,Review against existing cards and verify live facts before intake.
"RTX 4090 (16 GB) i9‑13th, 32 GB, 1 TB, 17.3″ QHD 240 Hz 2y (Infinity) Medium (new brand) B Benchmark (expensive)",Missing,UNKNOWN/UNKNOWN,rtx 4090 i9 13th 32 gb 1 tb 17 3 qhd 240 hz 2y medium b benchmark rtx 4090,rtx 4090 i9 13th 32 gb 1 tb 17 3 qhd 240 hz 2y medium b benchmark rtx 4090 new,UNKNOWN,UNKNOWN,69fd7916-a7b0-83ec-bc7a-ab890c2f21e1,RTX 3080 Ti Laptop Search,Review against existing cards and verify live facts before intake.
"Used import deals (legit or not): E.g. Lenovo Legion Pro 7i (RTX 4090) from UK @AU$3,855",Missing,1/1A,used import deals e g lenovo legion pro 7i from uk au 3 855 rtx 4090 laptop,used import deals e g lenovo legion pro 7i from uk au 3 855 rtx 4090 laptop used 3855,3855,UNKNOWN,69fd7916-a7b0-83ec-bc7a-ab890c2f21e1,RTX 3080 Ti Laptop Search,Review against existing cards and verify live facts before intake.
"16GB VRAM RTX 4090 / 5080 / 3080 Ti laptops around A$3,000–$5,000",Missing,1/1A,16gb vram rtx 4090 5080 3080 ti laptops around a 3 000 5 000 rtx 4090 16 laptop,16gb vram rtx 4090 5080 3080 ti laptops around a 3 000 5 000 rtx 4090 16 laptop 3000,3000,UNKNOWN,69fd7916-a7b0-83ec-bc7a-ab890c2f21e1,RTX 3080 Ti Laptop Search,Review against existing cards and verify live facts before intake.
1. Razer Blade 18,Missing,UNKNOWN/UNKNOWN,1 razer blade 18 rtx 4090,1 razer blade 18 rtx 4090 4789,4789,UNKNOWN,69fd7916-a7b0-83ec-bc7a-ab890c2f21e1,RTX 3080 Ti Laptop Search,Review against existing cards and verify live facts before intake.
2. Lenovo Legion Pro 7i,Missing,1/1A,2 lenovo legion pro 7i rtx 4090 laptop,2 lenovo legion pro 7i rtx 4090 laptop mikepc sale 3599,3599,UNKNOWN,69fd7916-a7b0-83ec-bc7a-ab890c2f21e1,RTX 3080 Ti Laptop Search,Review against existing cards and verify live facts before intake.
3. HP Omen 17,Missing,UNKNOWN/UNKNOWN,3 hp omen 17 rtx 4090,3 hp omen 17 rtx 4090 open box 3500,3500,UNKNOWN,69fd7916-a7b0-83ec-bc7a-ab890c2f21e1,RTX 3080 Ti Laptop Search,Review against existing cards and verify live facts before intake.
4. ASUS ROG Strix Scar 17 X3D,Missing,1/1A,4 asus rog strix scar 17 x3d rtx 4090 laptop,4 asus rog strix scar 17 x3d rtx 4090 laptop 4899,4899,UNKNOWN,69fd7916-a7b0-83ec-bc7a-ab890c2f21e1,RTX 3080 Ti Laptop Search,Review against existing cards and verify live facts before intake.
5. MSI Raider GE78 HX,Missing,1/1A,5 msi raider ge78 hx rtx 4090 laptop,5 msi raider ge78 hx rtx 4090 laptop used 3500,3500,UNKNOWN,69fd7916-a7b0-83ec-bc7a-ab890c2f21e1,RTX 3080 Ti Laptop Search,Review against existing cards and verify live facts before intake.
6. ASUS ROG Zephyrus Duo 16,Missing,1/1A,6 asus rog zephyrus duo 16 rtx 4080 laptop,6 asus rog zephyrus duo 16 rtx 4080 laptop used 3000,3000,UNKNOWN,69fd7916-a7b0-83ec-bc7a-ab890c2f21e1,RTX 3080 Ti Laptop Search,Review against existing cards and verify live facts before intake.
7. Alienware m18 / x17 / m17,Missing,1/1A,7 alienware m18 x17 m17 rtx 4090 laptop,7 alienware m18 x17 m17 rtx 4090 laptop dell au,UNKNOWN,UNKNOWN,69fd7916-a7b0-83ec-bc7a-ab890c2f21e1,RTX 3080 Ti Laptop Search,Review against existing cards and verify live facts before intake.
8. Any directly equivalent,Missing,1/1A,8 any directly equivalent rtx 4090 laptop,8 any directly equivalent rtx 4090 laptop 4500,4500,UNKNOWN,69fd7916-a7b0-83ec-bc7a-ab890c2f21e1,RTX 3080 Ti Laptop Search,Review against existing cards and verify live facts before intake.
Lenovo Legion 9i,Missing,1/1A,lenovo legion 9i rtx 5090 laptop,lenovo legion 9i rtx 5090 laptop 9999,9999,UNKNOWN,69fd7916-a7b0-83ec-bc7a-ab890c2f21e1,RTX 3080 Ti Laptop Search,Review against existing cards and verify live facts before intake.
ASUS Scar 18,Missing,UNKNOWN/UNKNOWN,asus scar 18 rtx 4080,asus scar 18 rtx 4080 5199,5199,UNKNOWN,69fd7916-a7b0-83ec-bc7a-ab890c2f21e1,RTX 3080 Ti Laptop Search,Review against existing cards and verify live facts before intake.
"In summary, the Razer Blade 18 (",Missing,1/1A,in summary the razer blade 18 rtx 4090 laptop,in summary the razer blade 18 rtx 4090 laptop used 3600,3600,UNKNOWN,6a002701-3fb8-83ec-b3ef-af4e51f8c75f,Deep Research Error,Review against existing cards and verify live facts before intake.
"AU$6,497.70",Missing,UNKNOWN/UNKNOWN,au 6 497 70 rtx 5080,au 6 497 70 rtx 5080 6497 7,6497.7,UNKNOWN,6a002701-3fb8-83ec-b3ef-af4e51f8c75f,Deep Research Error,Review against existing cards and verify live facts before intake.
Do not buy this from Fishpond yet.,Missing,1/1A,do not buy this from fishpond yet rtx 5080 laptop,do not buy this from fishpond yet rtx 5080 laptop fishpond yet,UNKNOWN,UNKNOWN,6a002701-3fb8-83ec-b3ef-af4e51f8c75f,Deep Research Error,Review against existing cards and verify live facts before intake.
Phase1-Missed — Alienware m18 / Area-51 RTX 4090 16GB,Missing,1/1A,phase1 missed alienware m18 area 51 rtx 4090 16gb rtx 4090 laptop,phase1 missed alienware m18 area 51 rtx 4090 16gb rtx 4090 laptop refurbished,UNKNOWN,UNKNOWN,6a056fb0-9aa0-83ec-bdaa-78b01136fb48,Cross-Platform Opportunity Discovery,Review against existing cards and verify live facts before intake.
Phase1-Missed — RTX 3090 24GB refurb tower builds,Missing,UNKNOWN/UNKNOWN,phase1 missed rtx 3090 24gb refurb tower builds rtx 3090 24,phase1 missed rtx 3090 24gb refurb tower builds rtx 3090 24 refurbished,UNKNOWN,UNKNOWN,6a056fb0-9aa0-83ec-bdaa-78b01136fb48,Cross-Platform Opportunity Discovery,Review against existing cards and verify live facts before intake.
Phase1-Missed — RTX 4080 SUPER desktop prebuilts,Missing,1.5/UNKNOWN,phase1 missed rtx 4080 super desktop prebuilts rtx 4080 super 16 desktop,phase1 missed rtx 4080 super desktop prebuilts rtx 4080 super 16 desktop used,UNKNOWN,UNKNOWN,6a056fb0-9aa0-83ec-bdaa-78b01136fb48,Cross-Platform Opportunity Discovery,Review against existing cards and verify live facts before intake.
Phase2-New — RTX 5080 Laptop 16GB variants,Missing,1/1A,phase2 new rtx 5080 laptop 16gb variants rtx 5080 laptop,phase2 new rtx 5080 laptop 16gb variants rtx 5080 laptop new,UNKNOWN,UNKNOWN,6a056fb0-9aa0-83ec-bdaa-78b01136fb48,Cross-Platform Opportunity Discovery,Review against existing cards and verify live facts before intake.
Phase2-New — RTX 5090 Laptop 24GB workstation/gaming laptops,Missing,1/1A,phase2 new rtx 5090 laptop 24gb workstation gaming laptops rtx 5090 24 laptop,phase2 new rtx 5090 laptop 24gb workstation gaming laptops rtx 5090 24 laptop refurbished,UNKNOWN,UNKNOWN,6a056fb0-9aa0-83ec-bdaa-78b01136fb48,Cross-Platform Opportunity Discovery,Review against existing cards and verify live facts before intake.
Phase2-New — RTX 5000 Ada 16GB mobile workstations,Missing,1.5/UNKNOWN,phase2 new rtx 5000 ada 16gb mobile workstations rtx 5000 ada desktop,phase2 new rtx 5000 ada 16gb mobile workstations rtx 5000 ada desktop refurbished,UNKNOWN,UNKNOWN,6a056fb0-9aa0-83ec-bdaa-78b01136fb48,Cross-Platform Opportunity Discovery,Review against existing cards and verify live facts before intake.
Phase2-New — Radeon RX 7900M 16GB laptops,Missing,1/1A,phase2 new radeon rx 7900m 16gb laptops radeon rx 7900m 16 laptop,phase2 new radeon rx 7900m 16gb laptops radeon rx 7900m 16 laptop new,UNKNOWN,UNKNOWN,6a056fb0-9aa0-83ec-bdaa-78b01136fb48,Cross-Platform Opportunity Discovery,Review against existing cards and verify live facts before intake.
Phase2-New — RTX 3080 Ti 16GB laptops,Missing,1/1A,phase2 new rtx 3080 ti 16gb laptops rtx 3080 ti 16 laptop,phase2 new rtx 3080 ti 16gb laptops rtx 3080 ti 16 laptop refurbished,UNKNOWN,UNKNOWN,6a056fb0-9aa0-83ec-bdaa-78b01136fb48,Cross-Platform Opportunity Discovery,Review against existing cards and verify live facts before intake.
Phase2-New — RTX 4080 12GB laptops,Missing,1/1A,phase2 new rtx 4080 12gb laptops rtx 4080 12 laptop,phase2 new rtx 4080 12gb laptops rtx 4080 12 laptop new 3,3,UNKNOWN,6a056fb0-9aa0-83ec-bdaa-78b01136fb48,Cross-Platform Opportunity Discovery,Review against existing cards and verify live facts before intake.
Phase2-New — RTX 5070 Ti 12GB laptops,Missing,1/1A,phase2 new rtx 5070 ti 12gb laptops rtx 5070 ti laptop,phase2 new rtx 5070 ti 12gb laptops rtx 5070 ti laptop new,UNKNOWN,UNKNOWN,6a056fb0-9aa0-83ec-bdaa-78b01136fb48,Cross-Platform Opportunity Discovery,Review against existing cards and verify live facts before intake.
Phase2-New — RTX 4000 Ada 12GB mobile workstations,Missing,1.5/UNKNOWN,phase2 new rtx 4000 ada 12gb mobile workstations rtx 4000 ada desktop,phase2 new rtx 4000 ada 12gb mobile workstations rtx 4000 ada desktop refurbished,UNKNOWN,UNKNOWN,6a056fb0-9aa0-83ec-bdaa-78b01136fb48,Cross-Platform Opportunity Discovery,Review against existing cards and verify live facts before intake.
Phase2-New — RTX 3500 Ada 12GB mobile workstations,Missing,1.5/UNKNOWN,phase2 new rtx 3500 ada 12gb mobile workstations rtx 3500 ada desktop,phase2 new rtx 3500 ada 12gb mobile workstations rtx 3500 ada desktop new,UNKNOWN,UNKNOWN,6a056fb0-9aa0-83ec-bdaa-78b01136fb48,Cross-Platform Opportunity Discovery,Review against existing cards and verify live facts before intake.
RTX 3090 24GB refurb desktops,Missing,1.5/UNKNOWN,rtx 3090 24gb refurb desktops rtx 3090 desktop,rtx 3090 24gb refurb desktops rtx 3090 desktop refurbished,UNKNOWN,UNKNOWN,6a056fb0-9aa0-83ec-bdaa-78b01136fb48,Cross-Platform Opportunity Discovery,Review against existing cards and verify live facts before intake.
RTX 3080 Ti 16GB laptops,Missing,1/1A,rtx 3080 ti 16gb laptops rtx 3080 ti laptop,rtx 3080 ti 16gb laptops rtx 3080 ti laptop used,UNKNOWN,UNKNOWN,6a056fb0-9aa0-83ec-bdaa-78b01136fb48,Cross-Platform Opportunity Discovery,Review against existing cards and verify live facts before intake.
RTX 5000 Ada 16GB workstations,Missing,1.5/UNKNOWN,rtx 5000 ada 16gb workstations rtx 5000 ada 16 desktop,rtx 5000 ada 16gb workstations rtx 5000 ada 16 desktop refurbished,UNKNOWN,UNKNOWN,6a056fb0-9aa0-83ec-bdaa-78b01136fb48,Cross-Platform Opportunity Discovery,Review against existing cards and verify live facts before intake.
RTX 4090 laptops,Missing,1/1A,rtx 4090 laptops rtx 4090 laptop,rtx 4090 laptops rtx 4090 laptop new,UNKNOWN,UNKNOWN,6a056fb0-9aa0-83ec-bdaa-78b01136fb48,Cross-Platform Opportunity Discovery,Review against existing cards and verify live facts before intake.
RTX 3090 refurb GPUs,Missing,UNKNOWN/UNKNOWN,rtx 3090 refurb gpus rtx 3090,rtx 3090 refurb gpus rtx 3090 refurbished,UNKNOWN,UNKNOWN,6a056fb0-9aa0-83ec-bdaa-78b01136fb48,Cross-Platform Opportunity Discovery,Review against existing cards and verify live facts before intake.
RTX 5090 Laptop 24GB,Missing,1/1A,rtx 5090 laptop 24gb rtx 5090 laptop,rtx 5090 laptop 24gb rtx 5090 laptop refurbished,UNKNOWN,UNKNOWN,6a056fb0-9aa0-83ec-bdaa-78b01136fb48,Cross-Platform Opportunity Discovery,Review against existing cards and verify live facts before intake.
"{""candidate"":""",Missing,1.5/UNKNOWN,candidate rtx 3090 24 desktop,candidate rtx 3090 24 desktop refurbished,UNKNOWN,UNKNOWN,6a056fb0-9aa0-83ec-bdaa-78b01136fb48,Cross-Platform Opportunity Discovery,Review against existing cards and verify live facts before intake.
"{""candidate"":""",Missing,1/1A,candidate rtx 3080 ti 16 laptop,candidate rtx 3080 ti 16 laptop used,UNKNOWN,UNKNOWN,6a056fb0-9aa0-83ec-bdaa-78b01136fb48,Cross-Platform Opportunity Discovery,Review against existing cards and verify live facts before intake.
"{""candidate"":""",Missing,1/1A,candidate rtx 5000 ada 16 laptop,candidate rtx 5000 ada 16 laptop refurbished,UNKNOWN,UNKNOWN,6a056fb0-9aa0-83ec-bdaa-78b01136fb48,Cross-Platform Opportunity Discovery,Review against existing cards and verify live facts before intake.
"{""candidate"":""",Missing,1/1A,candidate rtx 5080 16 laptop,candidate rtx 5080 16 laptop new,UNKNOWN,UNKNOWN,6a056fb0-9aa0-83ec-bdaa-78b01136fb48,Cross-Platform Opportunity Discovery,Review against existing cards and verify live facts before intake.
Used,Missing,UNKNOWN/UNKNOWN,used rtx 3090,used rtx 3090 used,UNKNOWN,UNKNOWN,6a06510f-4668-83ec-8aad-4008918f78d6,Repomix Project Log Structure,Review against existing cards and verify live facts before intake.
Track used,Missing,UNKNOWN/UNKNOWN,track used rtx 3090,track used rtx 3090 used,UNKNOWN,UNKNOWN,6a06510f-4668-83ec-8aad-4008918f78d6,Repomix Project Log Structure,Review against existing cards and verify live facts before intake.
"product[""turn0product0"",""Refurbished MSI Raider 18HX AI A2XWIG",Missing,1/1A,product turn0product0 refurbished msi raider 18hx ai a2xwig rtx 5080 16 laptop,product turn0product0 refurbished msi raider 18hx ai a2xwig rtx 5080 16 laptop refurbished,UNKNOWN,UNKNOWN,6a0859a1-3534-83ec-b8b2-61e59bed9a5f,AI Laptop Assessment,Review against existing cards and verify live facts before intake.
