source_type,conversation_file,conversation_title,message_timestamp,candidate_excerpt,gpu_models,vram_gb,price_aud,urls,confidence_score
Gemini-Export,conversation_1777558354.txt,Summarize this document in 1 paragraph,2026-04-30T14:12:34.962527+00:00,"While 12GB and 16GB tiers limit users to smaller or aggressively quantized models with constrained context windows, the 24GB tier—epitomized by the financially sound used RTX 3090 in the Australian market—allows for running flagship models like Gemma 4 31B and Llama 4 Scout with massive context and high-quality quantization, enabling a clear return on investment (ROI) within 15-30 months for ""power users"" by eliminating the escalating costs and usage limits of proprietary cloud subscriptions.",RTX 3090,12,,https://docs.google.com/document/d/1nDYw9lWCLNHJuE0kRqaqxYYIR8bRuLR4I1eIQhbVli4/edit,2
Gemini-Export,conversation_1777558354.txt,Summarize this document in 1 paragraph,2026-04-30T14:12:34.962527+00:00,This space has historically been dominated by a dichotomy between the NVIDIA GeForce RTX 3090 (Ampere architecture) and the AMD Radeon RX 7900 XTX (RDNA 3 architecture).,GeForce RTX 3090 | Radeon RX 7900,,,https://docs.google.com/document/d/1nDYw9lWCLNHJuE0kRqaqxYYIR8bRuLR4I1eIQhbVli4/edit | https://docs.google.com/document/d/1H-wDfIo9rJDBNrQvUr7Ls7ylfRSTwfxWpJTpOctmlWs/edit | https://drive.google.com/open?id=1zUlPUYrzfKkOwE-Y3yertSmW_pc4kfHS,2
Gemini-Export,conversation_1777558354.txt,Summarize this document in 1 paragraph,2026-04-30T14:12:34.962527+00:00,"Previous analytical sweeps heavily favored the RTX 3090, primarily due to the unparalleled maturity, stability, and widespread adoption of the Compute Unified Device Architecture (CUDA) software stack.**Extraction and Scoring of Legacy Configurations**",RTX 3090,,,https://docs.google.com/document/d/1nDYw9lWCLNHJuE0kRqaqxYYIR8bRuLR4I1eIQhbVli4/edit | https://docs.google.com/document/d/1H-wDfIo9rJDBNrQvUr7Ls7ylfRSTwfxWpJTpOctmlWs/edit | https://drive.google.com/open?id=1zUlPUYrzfKkOwE-Y3yertSmW_pc4kfHS,2
Gemini-Export,conversation_1777558354.txt,Summarize this document in 1 paragraph,2026-04-30T14:12:34.962527+00:00,"The retrospective evaluation of the RTX 3090 and RX 7900 XTX reveals an intense, ongoing conflict between theoretical rasterization metrics and applied machine learning framework compatibility.",RTX 3090 | RX 7900 XTX,,,https://docs.google.com/document/d/1nDYw9lWCLNHJuE0kRqaqxYYIR8bRuLR4I1eIQhbVli4/edit | https://docs.google.com/document/d/1H-wDfIo9rJDBNrQvUr7Ls7ylfRSTwfxWpJTpOctmlWs/edit | https://drive.google.com/open?id=1zUlPUYrzfKkOwE-Y3yertSmW_pc4kfHS,2
Gemini-Export,conversation_1777558354.txt,Summarize this document in 1 paragraph,2026-04-30T14:12:34.962527+00:00,"| Product Identification |                                                           |
| :--------------------: | :-------------------------------------------------------: |
| **Component**          | NVIDIA GeForce RTX 3090 (Founders Edition / Standard AIB) |
| **Architecture**       | Ampere (GA102)                                            |
| **Target Workload**    | Core LLM Inference / General Compute                      |",GeForce RTX 3090,,,https://docs.google.com/document/d/1nDYw9lWCLNHJuE0kRqaqxYYIR8bRuLR4I1eIQhbVli4/edit | https://docs.google.com/document/d/1H-wDfIo9rJDBNrQvUr7Ls7ylfRSTwfxWpJTpOctmlWs/edit | https://drive.google.com/open?id=1zUlPUYrzfKkOwE-Y3yertSmW_pc4kfHS,2
Gemini-Export,conversation_1777558354.txt,Summarize this document in 1 paragraph,2026-04-30T14:12:34.962527+00:00,"|
| **Strategic Verdict**                              | The RTX 3090 serves as the definitive anchor point for hardware comparisons; its score is heavily buoyed by ecosystem dominance, masking its physical aging and high thermal output.",RTX 3090,,,https://docs.google.com/document/d/1nDYw9lWCLNHJuE0kRqaqxYYIR8bRuLR4I1eIQhbVli4/edit | https://docs.google.com/document/d/1H-wDfIo9rJDBNrQvUr7Ls7ylfRSTwfxWpJTpOctmlWs/edit | https://drive.google.com/open?id=1zUlPUYrzfKkOwE-Y3yertSmW_pc4kfHS,2
Gemini-Export,conversation_1777558354.txt,Summarize this document in 1 paragraph,2026-04-30T14:12:34.962527+00:00,"| Product Identification |                                                    |
| :--------------------: | :------------------------------------------------: |
| **Component**          | AMD Radeon RX 7900 XTX                             |
| **Architecture**       | RDNA 3 (Navi 31)                                   |
| **Target Workload**    | High-Resolution Rendering / Supported AI Inference |",Radeon RX 7900,,,https://docs.google.com/document/d/1nDYw9lWCLNHJuE0kRqaqxYYIR8bRuLR4I1eIQhbVli4/edit | https://docs.google.com/document/d/1H-wDfIo9rJDBNrQvUr7Ls7ylfRSTwfxWpJTpOctmlWs/edit | https://drive.google.com/open?id=1zUlPUYrzfKkOwE-Y3yertSmW_pc4kfHS,2
Gemini-Export,conversation_1777558354.txt,Summarize this document in 1 paragraph,2026-04-30T14:12:34.962527+00:00,"|
| **Strategic Verdict**                              | The RX 7900 XTX represents a formidable physical asset hampered by software integration challenges, demanding patience and technical acumen for local AI deployment.",RX 7900 XTX,,,https://docs.google.com/document/d/1nDYw9lWCLNHJuE0kRqaqxYYIR8bRuLR4I1eIQhbVli4/edit | https://docs.google.com/document/d/1H-wDfIo9rJDBNrQvUr7Ls7ylfRSTwfxWpJTpOctmlWs/edit | https://drive.google.com/open?id=1zUlPUYrzfKkOwE-Y3yertSmW_pc4kfHS,2
Gemini-Export,conversation_1777558354.txt,Summarize this document in 1 paragraph,2026-04-30T14:12:34.962527+00:00,"The 12GB tier, represented by cards like the RTX 3060 12GB and the newer RTX 5060, is the absolute minimum for a ""responsive"" local LLM experience.",RTX 3060 | RTX 5060,12,,https://docs.google.com/document/d/1nDYw9lWCLNHJuE0kRqaqxYYIR8bRuLR4I1eIQhbVli4/edit | https://docs.google.com/document/d/1H-wDfIo9rJDBNrQvUr7Ls7ylfRSTwfxWpJTpOctmlWs/edit | https://drive.google.com/open?id=1zUlPUYrzfKkOwE-Y3yertSmW_pc4kfHS,2
Gemini-Export,conversation_1777558354.txt,Summarize this document in 1 paragraph,2026-04-30T14:12:34.962527+00:00,"The 16GB tier (e.g., RTX 4060 Ti 16GB, RTX 5070 Ti) is currently viewed as the ""sweet spot"" for hobbyists who need professional-grade AI without the high costs of flagship hardware.",RTX 4060 Ti | RTX 5070 Ti,16,,https://docs.google.com/document/d/1nDYw9lWCLNHJuE0kRqaqxYYIR8bRuLR4I1eIQhbVli4/edit | https://docs.google.com/document/d/1H-wDfIo9rJDBNrQvUr7Ls7ylfRSTwfxWpJTpOctmlWs/edit | https://drive.google.com/open?id=1zUlPUYrzfKkOwE-Y3yertSmW_pc4kfHS,2
Gemini-Export,conversation_1777558354.txt,Summarize this document in 1 paragraph,2026-04-30T14:12:34.962527+00:00,"The 24GB tier (RTX 3090, RTX 4090) remains the gold standard for local LLM practitioners in 2026.",RTX 3090 | RTX 4090,24,,https://docs.google.com/document/d/1nDYw9lWCLNHJuE0kRqaqxYYIR8bRuLR4I1eIQhbVli4/edit | https://docs.google.com/document/d/1H-wDfIo9rJDBNrQvUr7Ls7ylfRSTwfxWpJTpOctmlWs/edit | https://drive.google.com/open?id=1zUlPUYrzfKkOwE-Y3yertSmW_pc4kfHS,2
Gemini-Export,conversation_1777558354.txt,Summarize this document in 1 paragraph,2026-04-30T14:12:34.962527+00:00,"|                         |                       |                  |                       |
| :---------------------: | :-------------------: | :--------------: | :-------------------: |
| **Hardware Setup**      | **Best Model (24GB)** | **Quantization** | **Performance (t/s)** |
| **RTX 3090 (Used)**     | Gemma 4 31B Dense     | Q4\_K\_M         | 15 - 18 27            |
| **RTX 4090 (New)**      | Qwen 3.5 35B-A3B      | Q5\_K\_M         | 30 - 50 8             |
| **RTX 5090 (Flagship)**",RTX 3090 | RTX 4090 | RTX 5090,24,,https://docs.google.com/document/d/1nDYw9lWCLNHJuE0kRqaqxYYIR8bRuLR4I1eIQhbVli4/edit | https://docs.google.com/document/d/1H-wDfIo9rJDBNrQvUr7Ls7ylfRSTwfxWpJTpOctmlWs/edit | https://drive.google.com/open?id=1zUlPUYrzfKkOwE-Y3yertSmW_pc4kfHS,2
Gemini-Export,conversation_1777558354.txt,Summarize this document in 1 paragraph,2026-04-30T14:12:34.962527+00:00,"|                               |                       |                             |                         |                         |                            |                                 |
| :---------------------------: | :-------------------: | :-------------------------: | :---------------------: | :---------------------: | :------------------------: | :-----------------------------: |
| **Hardware Accelerator**      | **Core Architecture** | **Memory Bandwidth (GB/s)** | **Llam",RTX 5090 | RTX 4090 | RTX 3090 | RX 7900 XTX,,,https://docs.google.com/document/d/1nDYw9lWCLNHJuE0kRqaqxYYIR8bRuLR4I1eIQhbVli4/edit | https://docs.google.com/document/d/1H-wDfIo9rJDBNrQvUr7Ls7ylfRSTwfxWpJTpOctmlWs/edit | https://drive.google.com/open?id=1zUlPUYrzfKkOwE-Y3yertSmW_pc4kfHS,2
Gemini-Export,conversation_1777558354.txt,Summarize this document in 1 paragraph,2026-04-30T14:12:34.962527+00:00,"The benchmarking data illustrates the dominance of the new Blackwell architecture, with the RTX 5090 delivering a 3.1x throughput multiplier over the legacy RTX 3090.",RTX 5090 | RTX 3090,,,https://docs.google.com/document/d/1nDYw9lWCLNHJuE0kRqaqxYYIR8bRuLR4I1eIQhbVli4/edit | https://docs.google.com/document/d/1H-wDfIo9rJDBNrQvUr7Ls7ylfRSTwfxWpJTpOctmlWs/edit | https://drive.google.com/open?id=1zUlPUYrzfKkOwE-Y3yertSmW_pc4kfHS,2
Gemini-Export,conversation_1777558354.txt,Summarize this document in 1 paragraph,2026-04-30T14:12:34.962527+00:00,"However, the AMD RX 7900 XTX, despite possessing superior theoretical memory bandwidth to the RTX 3090, suffers from a software-stack overhead when operating through ROCm on frameworks like llama.cpp, causing it to trail the RTX 3090 by margins of 5% to 25%.",RX 7900 XTX | RTX 3090,,,https://docs.google.com/document/d/1nDYw9lWCLNHJuE0kRqaqxYYIR8bRuLR4I1eIQhbVli4/edit | https://docs.google.com/document/d/1H-wDfIo9rJDBNrQvUr7Ls7ylfRSTwfxWpJTpOctmlWs/edit | https://drive.google.com/open?id=1zUlPUYrzfKkOwE-Y3yertSmW_pc4kfHS,2
Gemini-Export,conversation_1777558354.txt,Summarize this document in 1 paragraph,2026-04-30T14:12:34.962527+00:00,"For models like Llama 3.3 70B, the 24GB VRAM buffer shared by the RTX 3090 and RX 7900 XTX makes viable interaction possible through EXL2 formatting at 2.5 bits per weight, but strictly restricts context limits to approximately 4096 tokens before out-of-memory errors occur.**Gap List Formulation: Strategic Supply Chain and Architectural Blind Spots**",RTX 3090 | RX 7900 XTX,24,,https://docs.google.com/document/d/1nDYw9lWCLNHJuE0kRqaqxYYIR8bRuLR4I1eIQhbVli4/edit | https://docs.google.com/document/d/1H-wDfIo9rJDBNrQvUr7Ls7ylfRSTwfxWpJTpOctmlWs/edit | https://drive.google.com/open?id=1zUlPUYrzfKkOwE-Y3yertSmW_pc4kfHS,2
Gemini-Export,conversation_1777558354.txt,Summarize this document in 1 paragraph,2026-04-30T14:12:34.962527+00:00,"- **The NVIDIA Blackwell Architecture (50-Series):** The introduction of the RTX 5090 (32GB GDDR7, 1,792 GB/s bandwidth) and the mobile variant (24GB VRAM) necessitates a complete recalibration of top-tier performance expectations.",RTX 5090,32,,https://docs.google.com/document/d/1nDYw9lWCLNHJuE0kRqaqxYYIR8bRuLR4I1eIQhbVli4/edit | https://docs.google.com/document/d/1H-wDfIo9rJDBNrQvUr7Ls7ylfRSTwfxWpJTpOctmlWs/edit | https://drive.google.com/open?id=1zUlPUYrzfKkOwE-Y3yertSmW_pc4kfHS,2
Gemini-Export,conversation_1777558354.txt,Summarize this document in 1 paragraph,2026-04-30T14:12:34.962527+00:00,"- **Mike PC OKINOS Studio Pro:** Features a flagship Intel Core i9-14900KF and the crucial refurbished RTX 3090 24GB option, priced aggressively at $3,299 AUD, leveraging refurbished high-VRAM silicon alongside brand-new host components.",RTX 3090,24,,https://docs.google.com/document/d/1nDYw9lWCLNHJuE0kRqaqxYYIR8bRuLR4I1eIQhbVli4/edit | https://docs.google.com/document/d/1H-wDfIo9rJDBNrQvUr7Ls7ylfRSTwfxWpJTpOctmlWs/edit | https://drive.google.com/open?id=1zUlPUYrzfKkOwE-Y3yertSmW_pc4kfHS,3
Gemini-Export,conversation_1777558354.txt,Summarize this document in 1 paragraph,2026-04-30T14:12:34.962527+00:00,"- **Titanium PC Signature Build:** Features the AMD Ryzen 7 7700 or 7800X3D and a brand new RX 7900 XTX 24GB, priced at $4,999 AUD after a substantial discount, focusing on gaming and general compute.",RX 7900 XTX,24,,https://docs.google.com/document/d/1nDYw9lWCLNHJuE0kRqaqxYYIR8bRuLR4I1eIQhbVli4/edit | https://docs.google.com/document/d/1H-wDfIo9rJDBNrQvUr7Ls7ylfRSTwfxWpJTpOctmlWs/edit | https://drive.google.com/open?id=1zUlPUYrzfKkOwE-Y3yertSmW_pc4kfHS,3
Gemini-Export,conversation_1777558354.txt,Summarize this document in 1 paragraph,2026-04-30T14:12:34.962527+00:00,"- **Mwave KATANA NITRO L3:** A premium offering pairing the AMD Ryzen 7 9800X3D with the Sapphire Nitro+ Radeon RX 7900 XTX 24GB and an excessive 64GB of DDR5 memory, solving host-side bottlenecks through brute force RAM allocation.",Radeon RX 7900,24,,https://docs.google.com/document/d/1nDYw9lWCLNHJuE0kRqaqxYYIR8bRuLR4I1eIQhbVli4/edit | https://docs.google.com/document/d/1H-wDfIo9rJDBNrQvUr7Ls7ylfRSTwfxWpJTpOctmlWs/edit | https://drive.google.com/open?id=1zUlPUYrzfKkOwE-Y3yertSmW_pc4kfHS,2
Gemini-Export,conversation_1777558354.txt,Summarize this document in 1 paragraph,2026-04-30T14:12:34.962527+00:00,"| Product Identification |                                                             |
| :--------------------: | :---------------------------------------------------------: |
| **System Integrator**  | Mike PC                                                     |
| **Model Designation**  | OKINOS Studio Pro                                           |
| **Core Components**    | Intel Core i9-14900KF, 32GB DDR5, Refurbished RTX 3090 24GB |",RTX 3090,32,,https://docs.google.com/document/d/1nDYw9lWCLNHJuE0kRqaqxYYIR8bRuLR4I1eIQhbVli4/edit | https://docs.google.com/document/d/1H-wDfIo9rJDBNrQvUr7Ls7ylfRSTwfxWpJTpOctmlWs/edit | https://drive.google.com/open?id=1zUlPUYrzfKkOwE-Y3yertSmW_pc4kfHS,3
Gemini-Export,conversation_1777558354.txt,Summarize this document in 1 paragraph,2026-04-30T14:12:34.962527+00:00,"| Product Identification |                                                      |
| :--------------------: | :--------------------------------------------------: |
| **System Integrator**  | Titanium PC                                          |
| **Model Designation**  | Signature Build (Titanium - RX 7900 XTX)             |
| **Core Components**    | AMD Ryzen 7 7800X3D, 32GB DDR5, New RX 7900 XTX 24GB |",RX 7900 XTX,32,,https://docs.google.com/document/d/1nDYw9lWCLNHJuE0kRqaqxYYIR8bRuLR4I1eIQhbVli4/edit | https://docs.google.com/document/d/1H-wDfIo9rJDBNrQvUr7Ls7ylfRSTwfxWpJTpOctmlWs/edit | https://drive.google.com/open?id=1zUlPUYrzfKkOwE-Y3yertSmW_pc4kfHS,2
Gemini-Export,conversation_1777558354.txt,Summarize this document in 1 paragraph,2026-04-30T14:12:34.962527+00:00,"| Product Identification |                                                                  |
| :--------------------: | :--------------------------------------------------------------: |
| **System Integrator**  | Mwave                                                            |
| **Model Designation**  | KATANA NITRO L3                                                  |
| **Core Components**    | AMD Ryzen 7 9800X3D, 64GB DDR5, Sapphire Nitro+ RX 7900 XTX 24GB |",RX 7900 XTX,64,,https://docs.google.com/document/d/1nDYw9lWCLNHJuE0kRqaqxYYIR8bRuLR4I1eIQhbVli4/edit | https://docs.google.com/document/d/1H-wDfIo9rJDBNrQvUr7Ls7ylfRSTwfxWpJTpOctmlWs/edit | https://drive.google.com/open?id=1zUlPUYrzfKkOwE-Y3yertSmW_pc4kfHS,2
Gemini-Export,conversation_1777558354.txt,Summarize this document in 1 paragraph,2026-04-30T14:12:34.962527+00:00,The GeForce RTX 5090 Laptop GPU features a full 24GB of GDDR7 memory.,GeForce RTX 5090,24,,https://docs.google.com/document/d/1nDYw9lWCLNHJuE0kRqaqxYYIR8bRuLR4I1eIQhbVli4/edit | https://docs.google.com/document/d/1H-wDfIo9rJDBNrQvUr7Ls7ylfRSTwfxWpJTpOctmlWs/edit | https://drive.google.com/open?id=1zUlPUYrzfKkOwE-Y3yertSmW_pc4kfHS,2
Gemini-Export,conversation_1777558354.txt,Summarize this document in 1 paragraph,2026-04-30T14:12:34.962527+00:00,"The mobile RTX 5090 is restricted to a 256-bit memory interface, resulting in a theoretical memory bandwidth of 896 GB/s, which is slightly less than a desktop RTX 3090 (936 GB/s).",RTX 5090 | RTX 3090,,,https://docs.google.com/document/d/1nDYw9lWCLNHJuE0kRqaqxYYIR8bRuLR4I1eIQhbVli4/edit | https://docs.google.com/document/d/1H-wDfIo9rJDBNrQvUr7Ls7ylfRSTwfxWpJTpOctmlWs/edit | https://drive.google.com/open?id=1zUlPUYrzfKkOwE-Y3yertSmW_pc4kfHS,2
Gemini-Export,conversation_1777558354.txt,Summarize this document in 1 paragraph,2026-04-30T14:12:34.962527+00:00,"However, the mobile Blackwell chip counteracts this limitation through immense improvements in FP4 processing capabilities, 5th-generation Tensor Cores, and vast improvements in L2 cache architecture.**The RTX 5090 Mobile Ecosystem in Australia**",RTX 5090,,,https://docs.google.com/document/d/1nDYw9lWCLNHJuE0kRqaqxYYIR8bRuLR4I1eIQhbVli4/edit | https://docs.google.com/document/d/1H-wDfIo9rJDBNrQvUr7Ls7ylfRSTwfxWpJTpOctmlWs/edit | https://drive.google.com/open?id=1zUlPUYrzfKkOwE-Y3yertSmW_pc4kfHS,2
Gemini-Export,conversation_1777558354.txt,Summarize this document in 1 paragraph,2026-04-30T14:12:34.962527+00:00,"- **MSI Raider 18HX AI:** Represents the extreme upper bound of mobile computing, scaling from $9,999 AUD to an astonishing $14,999 AUD, equipped with up to 128GB of RAM and the RTX 5090 24GB.",RTX 5090,128,,https://docs.google.com/document/d/1nDYw9lWCLNHJuE0kRqaqxYYIR8bRuLR4I1eIQhbVli4/edit | https://docs.google.com/document/d/1H-wDfIo9rJDBNrQvUr7Ls7ylfRSTwfxWpJTpOctmlWs/edit | https://drive.google.com/open?id=1zUlPUYrzfKkOwE-Y3yertSmW_pc4kfHS,3
Gemini-Export,conversation_1777558354.txt,Summarize this document in 1 paragraph,2026-04-30T14:12:34.962527+00:00,"| Product Identification |                            |
| :--------------------: | :------------------------: |
| **System Integrator**  | Aftershock PC              |
| **Model Designation**  | X-16 PRO                   |
| **Core Components**    | RTX 5090 24GB GDDR7 Mobile |",RTX 5090,24,,https://docs.google.com/document/d/1nDYw9lWCLNHJuE0kRqaqxYYIR8bRuLR4I1eIQhbVli4/edit | https://docs.google.com/document/d/1H-wDfIo9rJDBNrQvUr7Ls7ylfRSTwfxWpJTpOctmlWs/edit | https://drive.google.com/open?id=1zUlPUYrzfKkOwE-Y3yertSmW_pc4kfHS,2
Gemini-Export,conversation_1777558354.txt,Summarize this document in 1 paragraph,2026-04-30T14:12:34.962527+00:00,"|
| **Cost Efficiency (16/20):**               | At $6,799 AUD, the capital outlay is phenomenally expensive, but it represents the absolute ""budget"" tier of RTX 5090 mobile computing.",RTX 5090,,,https://docs.google.com/document/d/1nDYw9lWCLNHJuE0kRqaqxYYIR8bRuLR4I1eIQhbVli4/edit | https://docs.google.com/document/d/1H-wDfIo9rJDBNrQvUr7Ls7ylfRSTwfxWpJTpOctmlWs/edit | https://drive.google.com/open?id=1zUlPUYrzfKkOwE-Y3yertSmW_pc4kfHS,3
Gemini-Export,conversation_1777558354.txt,Summarize this document in 1 paragraph,2026-04-30T14:12:34.962527+00:00,"| Product Identification |                                                    |
| :--------------------: | :------------------------------------------------: |
| **System Integrator**  | MSI (via JW Computers)                             |
| **Model Designation**  | Raider 18HX AI A2XWJG                              |
| **Core Components**    | Intel Core Ultra 9 285HX, 128GB RAM, RTX 5090 24GB |",RTX 5090,128,,https://docs.google.com/document/d/1nDYw9lWCLNHJuE0kRqaqxYYIR8bRuLR4I1eIQhbVli4/edit | https://docs.google.com/document/d/1H-wDfIo9rJDBNrQvUr7Ls7ylfRSTwfxWpJTpOctmlWs/edit | https://drive.google.com/open?id=1zUlPUYrzfKkOwE-Y3yertSmW_pc4kfHS,2
Gemini-Export,conversation_1777558354.txt,Summarize this document in 1 paragraph,2026-04-30T14:12:34.962527+00:00,"| Rubric Scoring Breakdown                   |                                                                                                                                                                             |
| :----------------------------------------: | :-------------------------------------------------------------------------------------------------------------------------------------------------------------------------: |
| **Thermal Sustained Performance (24/25):** | The massive",RTX 5090,,,https://docs.google.com/document/d/1nDYw9lWCLNHJuE0kRqaqxYYIR8bRuLR4I1eIQhbVli4/edit | https://docs.google.com/document/d/1H-wDfIo9rJDBNrQvUr7Ls7ylfRSTwfxWpJTpOctmlWs/edit | https://drive.google.com/open?id=1zUlPUYrzfKkOwE-Y3yertSmW_pc4kfHS,2
Gemini-Export,conversation_1777558354.txt,Summarize this document in 1 paragraph,2026-04-30T14:12:34.962527+00:00,"Deploying an RTX 3090 demands high-quality transient response capabilities from the 750W power supply, as Ampere architecture's micro-second power spikes can exceed 500W, potentially triggering system shutdowns.**Secondary Market GPU Acquisition: Navigating the Depths**",RTX 3090,,,https://docs.google.com/document/d/1nDYw9lWCLNHJuE0kRqaqxYYIR8bRuLR4I1eIQhbVli4/edit | https://docs.google.com/document/d/1H-wDfIo9rJDBNrQvUr7Ls7ylfRSTwfxWpJTpOctmlWs/edit | https://drive.google.com/open?id=1zUlPUYrzfKkOwE-Y3yertSmW_pc4kfHS,2
Gemini-Export,conversation_1777558354.txt,Summarize this document in 1 paragraph,2026-04-30T14:12:34.962527+00:00,"- **RTX 3090:** Reliably transacts on eBay Australia between $1,100 and $1,600 AUD, dependent on the model and condition.",RTX 3090,,,https://docs.google.com/document/d/1nDYw9lWCLNHJuE0kRqaqxYYIR8bRuLR4I1eIQhbVli4/edit | https://docs.google.com/document/d/1H-wDfIo9rJDBNrQvUr7Ls7ylfRSTwfxWpJTpOctmlWs/edit | https://drive.google.com/open?id=1zUlPUYrzfKkOwE-Y3yertSmW_pc4kfHS,3
Gemini-Export,conversation_1777558354.txt,Summarize this document in 1 paragraph,2026-04-30T14:12:34.962527+00:00,"- **RX 7900 XTX:** A brand new ASRock Phantom Gaming or XFX Speedster MERC 310 can be acquired from major retailers for between $1,229 and $1,329 AUD.",RX 7900 XTX,,,https://docs.google.com/document/d/1nDYw9lWCLNHJuE0kRqaqxYYIR8bRuLR4I1eIQhbVli4/edit | https://docs.google.com/document/d/1H-wDfIo9rJDBNrQvUr7Ls7ylfRSTwfxWpJTpOctmlWs/edit | https://drive.google.com/open?id=1zUlPUYrzfKkOwE-Y3yertSmW_pc4kfHS,3
Gemini-Export,conversation_1777558354.txt,Summarize this document in 1 paragraph,2026-04-30T14:12:34.962527+00:00,"| Product Identification |                                                     |
| :--------------------: | :-------------------------------------------------: |
| **System Type**        | Custom DIY Assembly                                 |
| **Core Components**    | Ryzen 5 5600X, B550 Motherboard, 32GB RAM, 750W PSU |
| **GPU Selection**      | Reputable Refurbished/Used NVIDIA RTX 3090 24GB     |",RTX 3090,32,,https://docs.google.com/document/d/1nDYw9lWCLNHJuE0kRqaqxYYIR8bRuLR4I1eIQhbVli4/edit | https://docs.google.com/document/d/1H-wDfIo9rJDBNrQvUr7Ls7ylfRSTwfxWpJTpOctmlWs/edit | https://drive.google.com/open?id=1zUlPUYrzfKkOwE-Y3yertSmW_pc4kfHS,3
Gemini-Export,conversation_1777558354.txt,Summarize this document in 1 paragraph,2026-04-30T14:12:34.962527+00:00,**Winner: Mike PC OKINOS Studio Pro (RTX 3090 Refurbished Edition)**,RTX 3090,,,https://docs.google.com/document/d/1nDYw9lWCLNHJuE0kRqaqxYYIR8bRuLR4I1eIQhbVli4/edit | https://docs.google.com/document/d/1H-wDfIo9rJDBNrQvUr7Ls7ylfRSTwfxWpJTpOctmlWs/edit | https://drive.google.com/open?id=1zUlPUYrzfKkOwE-Y3yertSmW_pc4kfHS,3
Gemini-Export,conversation_1777558354.txt,Summarize this document in 1 paragraph,2026-04-30T14:12:34.962527+00:00,Software ecosystem stability overwhelmingly favors the RTX 3090's native CUDA integration.**Verdict 2: The Mobile Workstation Paradigm**,RTX 3090,,,https://docs.google.com/document/d/1nDYw9lWCLNHJuE0kRqaqxYYIR8bRuLR4I1eIQhbVli4/edit | https://docs.google.com/document/d/1H-wDfIo9rJDBNrQvUr7Ls7ylfRSTwfxWpJTpOctmlWs/edit | https://drive.google.com/open?id=1zUlPUYrzfKkOwE-Y3yertSmW_pc4kfHS,2
Gemini-Export,conversation_1777558354.txt,Summarize this document in 1 paragraph,2026-04-30T14:12:34.962527+00:00,**Winner: Aftershock X-16 PRO (RTX 5090)**,RTX 5090,,,https://docs.google.com/document/d/1nDYw9lWCLNHJuE0kRqaqxYYIR8bRuLR4I1eIQhbVli4/edit | https://docs.google.com/document/d/1H-wDfIo9rJDBNrQvUr7Ls7ylfRSTwfxWpJTpOctmlWs/edit | https://drive.google.com/open?id=1zUlPUYrzfKkOwE-Y3yertSmW_pc4kfHS,2
Gemini-Export,conversation_1777558354.txt,Summarize this document in 1 paragraph,2026-04-30T14:12:34.962527+00:00,The only viable path to 24GB mobile VRAM in 2026 is the acquisition of an RTX 5090.,RTX 5090,24,,https://docs.google.com/document/d/1nDYw9lWCLNHJuE0kRqaqxYYIR8bRuLR4I1eIQhbVli4/edit | https://docs.google.com/document/d/1H-wDfIo9rJDBNrQvUr7Ls7ylfRSTwfxWpJTpOctmlWs/edit | https://drive.google.com/open?id=1zUlPUYrzfKkOwE-Y3yertSmW_pc4kfHS,2
Gemini-Export,conversation_1777558354.txt,Summarize this document in 1 paragraph,2026-04-30T14:12:34.962527+00:00,**Winner: The 5600X/B550 Platform paired with a New RX 7900 XTX**,RX 7900 XTX,,,https://docs.google.com/document/d/1nDYw9lWCLNHJuE0kRqaqxYYIR8bRuLR4I1eIQhbVli4/edit | https://docs.google.com/document/d/1H-wDfIo9rJDBNrQvUr7Ls7ylfRSTwfxWpJTpOctmlWs/edit | https://drive.google.com/open?id=1zUlPUYrzfKkOwE-Y3yertSmW_pc4kfHS,2
Gemini-Export,conversation_1777558354.txt,Summarize this document in 1 paragraph,2026-04-30T14:12:34.962527+00:00,"While software stability initially favors the used RTX 3090, the critical tie-breaker of *Hardware reliability and longevity* triggers an override.",RTX 3090,,,https://docs.google.com/document/d/1nDYw9lWCLNHJuE0kRqaqxYYIR8bRuLR4I1eIQhbVli4/edit | https://docs.google.com/document/d/1H-wDfIo9rJDBNrQvUr7Ls7ylfRSTwfxWpJTpOctmlWs/edit | https://drive.google.com/open?id=1zUlPUYrzfKkOwE-Y3yertSmW_pc4kfHS,2
Gemini-Export,conversation_1777558354.txt,Summarize this document in 1 paragraph,2026-04-30T14:12:34.962527+00:00,The RTX 3090 silicon is aging and highly prone to irreversible thermal degradation.,RTX 3090,,,https://docs.google.com/document/d/1nDYw9lWCLNHJuE0kRqaqxYYIR8bRuLR4I1eIQhbVli4/edit | https://docs.google.com/document/d/1H-wDfIo9rJDBNrQvUr7Ls7ylfRSTwfxWpJTpOctmlWs/edit | https://drive.google.com/open?id=1zUlPUYrzfKkOwE-Y3yertSmW_pc4kfHS,2
Gemini-Export,conversation_1777558354.txt,Summarize this document in 1 paragraph,2026-04-30T14:12:34.962527+00:00,"Purchasing a brand new RX 7900 XTX for a similar price ($1,229 AUD) provides 24GB of VRAM backed by a full three-year warranty.**ROI Analysis: Hardware Investment vs.",RX 7900 XTX,24,,https://docs.google.com/document/d/1nDYw9lWCLNHJuE0kRqaqxYYIR8bRuLR4I1eIQhbVli4/edit | https://docs.google.com/document/d/1H-wDfIo9rJDBNrQvUr7Ls7ylfRSTwfxWpJTpOctmlWs/edit | https://drive.google.com/open?id=1zUlPUYrzfKkOwE-Y3yertSmW_pc4kfHS,3
Gemini-Export,conversation_1777558354.txt,Summarize this document in 1 paragraph,2026-04-30T14:12:34.962527+00:00,"In 2026, a used RTX 3090 system has become the most financially sound entry point for the Australian market.",RTX 3090,,,https://docs.google.com/document/d/1nDYw9lWCLNHJuE0kRqaqxYYIR8bRuLR4I1eIQhbVli4/edit | https://docs.google.com/document/d/1H-wDfIo9rJDBNrQvUr7Ls7ylfRSTwfxWpJTpOctmlWs/edit | https://drive.google.com/open?id=1zUlPUYrzfKkOwE-Y3yertSmW_pc4kfHS,2
Gemini-Export,conversation_1777558354.txt,Summarize this document in 1 paragraph,2026-04-30T14:12:34.962527+00:00,"|                             |                         |                        |                        |
| :-------------------------: | :---------------------: | :--------------------: | :--------------------: |
| **Financial Metric**        | **Used RTX 3090 Build** | **New RTX 4090 Build** | **New RTX 5090 Build** |
| **Upfront Cost (AUD)**      | \~$2,200 27             | \~$4,200 29            | \~$7,500 29            |
| **Power/Elec (Monthly)**    | \~$15 7                 | \~$25 7   ",RTX 3090 | RTX 4090 | RTX 5090,,,https://docs.google.com/document/d/1nDYw9lWCLNHJuE0kRqaqxYYIR8bRuLR4I1eIQhbVli4/edit | https://docs.google.com/document/d/1H-wDfIo9rJDBNrQvUr7Ls7ylfRSTwfxWpJTpOctmlWs/edit | https://drive.google.com/open?id=1zUlPUYrzfKkOwE-Y3yertSmW_pc4kfHS,3
Gemini-Export,conversation_1777558354.txt,Summarize this document in 1 paragraph,2026-04-30T14:12:34.962527+00:00,"- **Primary Model:** **GPT-OSS 20B (MXFP4 Quantization)**, offering a near-Proprietary experience in naturalness and instruction following, maintaining 42 tokens/second on an RTX 4060 Ti 16GB.",RTX 4060 Ti,16,,https://docs.google.com/document/d/1nDYw9lWCLNHJuE0kRqaqxYYIR8bRuLR4I1eIQhbVli4/edit | https://docs.google.com/document/d/1H-wDfIo9rJDBNrQvUr7Ls7ylfRSTwfxWpJTpOctmlWs/edit | https://drive.google.com/open?id=1zUlPUYrzfKkOwE-Y3yertSmW_pc4kfHS,2
Gemini-Export,conversation_1777558354.txt,Summarize this document in 1 paragraph,2026-04-30T14:12:34.962527+00:00,"Despite being five years old in 2026, the RTX 3090 remains the ""VRAM per dollar"" champion in the local AI community.",RTX 3090,,,https://docs.google.com/document/d/1nDYw9lWCLNHJuE0kRqaqxYYIR8bRuLR4I1eIQhbVli4/edit | https://docs.google.com/document/d/1H-wDfIo9rJDBNrQvUr7Ls7ylfRSTwfxWpJTpOctmlWs/edit | https://drive.google.com/open?id=1zUlPUYrzfKkOwE-Y3yertSmW_pc4kfHS,2
Gemini-Export,conversation_1777558354.txt,Summarize this document in 1 paragraph,2026-04-30T14:12:34.962527+00:00,"Practitioners in warmer Australian climates are strongly advised to factor in the cost of an active backplate or a full waterblock ($150-$200 AUD) to prevent thermal throttling during long agentic runs, as the RTX 3090 has a well-documented VRAM thermal problem where memory chips hit 110°C under sustained AI load.**The 2026 ""Memory Crisis"" and Future Outlook**",RTX 3090,,,https://docs.google.com/document/d/1nDYw9lWCLNHJuE0kRqaqxYYIR8bRuLR4I1eIQhbVli4/edit | https://docs.google.com/document/d/1H-wDfIo9rJDBNrQvUr7Ls7ylfRSTwfxWpJTpOctmlWs/edit | https://drive.google.com/open?id=1zUlPUYrzfKkOwE-Y3yertSmW_pc4kfHS,3
Gemini-Export,conversation_1777558354.txt,Summarize this document in 1 paragraph,2026-04-30T14:12:34.962527+00:00,"| Product\_or\_Build                                              | Category                             | Status                | Price\_AUD | GPU\_VRAM\_or\_Unified | RAM\_GB | Notes                                                                                    |
| :-------------------------------------------------------------: | :----------------------------------: | :-------------------: | :--------: | :--------------------: | :-----: | :--------------------------------------------------",RTX 5070 Ti,12,,https://docs.google.com/document/d/1nDYw9lWCLNHJuE0kRqaqxYYIR8bRuLR4I1eIQhbVli4/edit | https://docs.google.com/document/d/1H-wDfIo9rJDBNrQvUr7Ls7ylfRSTwfxWpJTpOctmlWs/edit | https://drive.google.com/open?id=1zUlPUYrzfKkOwE-Y3yertSmW_pc4kfHS,3
Gemini-Export,conversation_1777558354.txt,Summarize this document in 1 paragraph,2026-04-30T14:12:34.962527+00:00,"| Product\_or\_Build         | Category                             | Status                | Price\_AUD     | GPU\_VRAM\_or\_Unified | RAM\_GB | Notes                        |
| :------------------------: | :----------------------------------: | :-------------------: | :------------: | :--------------------: | :-----: | :--------------------------: |
| ACT Dell 3650 + A4000      | Windows Tower / Desktop              | Mentioned / evaluated | \~1,800        | Unknown                | Unknown | ",RTX 3090 | RTX 5070 Ti,64,,https://docs.google.com/document/d/1nDYw9lWCLNHJuE0kRqaqxYYIR8bRuLR4I1eIQhbVli4/edit | https://docs.google.com/document/d/1H-wDfIo9rJDBNrQvUr7Ls7ylfRSTwfxWpJTpOctmlWs/edit | https://drive.google.com/open?id=1zUlPUYrzfKkOwE-Y3yertSmW_pc4kfHS,3
Gemini-Export,conversation_1777558354.txt,Summarize this document in 1 paragraph,2026-04-30T14:12:34.962527+00:00,"| Product\_or\_Build                                  | Category                             | Price\_AUD      | GPU\_VRAM\_or\_Unified      | RAM\_GB                           | Notes                                                                           |
| :-------------------------------------------------: | :----------------------------------: | :-------------: | :-------------------------: | :-------------------------------: | :-----------------------------------------------------------",RTX 3090 | RTX 5070 Ti | RTX 4090,24,,https://docs.google.com/document/d/1nDYw9lWCLNHJuE0kRqaqxYYIR8bRuLR4I1eIQhbVli4/edit | https://docs.google.com/document/d/1H-wDfIo9rJDBNrQvUr7Ls7ylfRSTwfxWpJTpOctmlWs/edit | https://drive.google.com/open?id=1zUlPUYrzfKkOwE-Y3yertSmW_pc4kfHS,3
Gemini-Export,conversation_1777558354.txt,Summarize this document in 1 paragraph,2026-04-30T14:12:34.962527+00:00,"| Final Hardware Recommendation Matrix (24GB Tier)               | Cost (AUD) | VRAM (GB)   | Software Ecosystem   | Key Trade-Off                            | Final Rubric Score |
| :------------------------------------------------------------: | :--------: | :---------: | :------------------: | :--------------------------------------: | :----------------: |
| **Best Value (DIY)**: 5600X/B550 + New RX 7900 XTX             | \~$2,050   | 24 (GDDR6)  | ROCm (High Friction) | Excellent Warranty/Ze",RX 7900 XTX,24,,https://docs.google.com/document/d/1H-wDfIo9rJDBNrQvUr7Ls7ylfRSTwfxWpJTpOctmlWs/edit | https://docs.google.com/document/d/1nDYw9lWCLNHJuE0kRqaqxYYIR8bRuLR4I1eIQhbVli4/edit,3
Gemini-Export,conversation_1777558354.txt,Summarize this document in 1 paragraph,2026-04-30T14:12:34.962527+00:00,"| VRAM Tier             | Cards Representing Tier       | Intelligence Ceiling                                        | Experience                                                                                |
| :-------------------: | :---------------------------: | :---------------------------------------------------------: | :---------------------------------------------------------------------------------------: |
| **12GB (Entry)**      | RTX 3060 12GB, RTX 5060       | Max 9B models, 14B",RTX 3060 | RTX 5060,12,,https://docs.google.com/document/d/1H-wDfIo9rJDBNrQvUr7Ls7ylfRSTwfxWpJTpOctmlWs/edit | https://docs.google.com/document/d/1nDYw9lWCLNHJuE0kRqaqxYYIR8bRuLR4I1eIQhbVli4/edit,2
Gemini-Export,conversation_1777558354.txt,Summarize this document in 1 paragraph,2026-04-30T14:12:34.962527+00:00,"|
| **16GB (Compromise)** | RTX 4060 Ti 16GB, RTX 5070 Ti | 14B-20B extended context, 30B (aggressive quantization)     | ""Sweet spot"" for hobbyists.",RTX 4060 Ti | RTX 5070 Ti,16,,https://docs.google.com/document/d/1H-wDfIo9rJDBNrQvUr7Ls7ylfRSTwfxWpJTpOctmlWs/edit | https://docs.google.com/document/d/1nDYw9lWCLNHJuE0kRqaqxYYIR8bRuLR4I1eIQhbVli4/edit,2
Gemini-Export,conversation_1777558354.txt,Summarize this document in 1 paragraph,2026-04-30T14:12:34.962527+00:00,"|
| **24GB (Autonomy)**   | RTX 3090, RTX 4090, RTX 5090  | 30B-35B (Q5/Q6) with 64K+ context; Llama 4 Scout (109B MoE) | ""Gold standard"" for local autonomy.",RTX 3090 | RTX 4090 | RTX 5090,24,,https://docs.google.com/document/d/1H-wDfIo9rJDBNrQvUr7Ls7ylfRSTwfxWpJTpOctmlWs/edit | https://docs.google.com/document/d/1nDYw9lWCLNHJuE0kRqaqxYYIR8bRuLR4I1eIQhbVli4/edit,2
Gemini-Export,conversation_1777558354.txt,Summarize this document in 1 paragraph,2026-04-30T14:12:34.962527+00:00,- **Priority: Maximum ROI/Budget?** -\> **Choose DIY Build.** (New RX 7900 XTX is safest long-term choice for warranty/longevity.),RX 7900 XTX,,,https://docs.google.com/document/d/1H-wDfIo9rJDBNrQvUr7Ls7ylfRSTwfxWpJTpOctmlWs/edit | https://docs.google.com/document/d/1nDYw9lWCLNHJuE0kRqaqxYYIR8bRuLR4I1eIQhbVli4/edit,3
Gemini-Export,conversation_1777558354.txt,Summarize this document in 1 paragraph,2026-04-30T14:12:34.962527+00:00,This validates the DIY RX 7900 XTX as a sound long-term investment.,RX 7900 XTX,,,https://docs.google.com/document/d/1nDYw9lWCLNHJuE0kRqaqxYYIR8bRuLR4I1eIQhbVli4/edit | https://drive.google.com/open?id=1zUlPUYrzfKkOwE-Y3yertSmW_pc4kfHS | https://docs.google.com/document/d/1H-wDfIo9rJDBNrQvUr7Ls7ylfRSTwfxWpJTpOctmlWs/edit,2
Gemini-Export,conversation_1777558354.txt,Summarize this document in 1 paragraph,2026-04-30T14:12:34.962527+00:00,"Bandwidth is the core reason the RTX 3090 (936 GB/s) is preferred over the newer, but bandwidth-constrained, mobile RTX 5090 (896 GB/s).",RTX 3090 | RTX 5090,,,https://docs.google.com/document/d/1nDYw9lWCLNHJuE0kRqaqxYYIR8bRuLR4I1eIQhbVli4/edit | https://drive.google.com/open?id=1zUlPUYrzfKkOwE-Y3yertSmW_pc4kfHS | https://docs.google.com/document/d/1H-wDfIo9rJDBNrQvUr7Ls7ylfRSTwfxWpJTpOctmlWs/edit,2
Gemini-Export,conversation_1777558354.txt,Summarize this document in 1 paragraph,2026-04-30T14:12:34.962527+00:00,"This links VRAM capacity directly to user experience performance (e.g., 24GB RTX 4090 = 34 t/s on DeepSeek-R1 32B).",RTX 4090,24,,https://docs.google.com/document/d/1nDYw9lWCLNHJuE0kRqaqxYYIR8bRuLR4I1eIQhbVli4/edit | https://drive.google.com/open?id=1zUlPUYrzfKkOwE-Y3yertSmW_pc4kfHS | https://docs.google.com/document/d/1H-wDfIo9rJDBNrQvUr7Ls7ylfRSTwfxWpJTpOctmlWs/edit,2
Gemini-Export,conversation_1777558354.txt,Summarize this document in 1 paragraph,2026-04-30T14:12:34.962527+00:00,"| Add a dedicated \`\`\` &#10;Enterprise Alternatives &#10;\`\`\` table comparing the **RTX 3090** (High Residual Value, No ECC) against the **RTX A4000/A5000** (ECC Memory, Stable Drivers) and **RTX 4090** (Best Efficiency/Longevity).",RTX 3090 | RTX 4090,,,https://docs.google.com/document/d/1nDYw9lWCLNHJuE0kRqaqxYYIR8bRuLR4I1eIQhbVli4/edit | https://drive.google.com/open?id=1zUlPUYrzfKkOwE-Y3yertSmW_pc4kfHS | https://docs.google.com/document/d/1H-wDfIo9rJDBNrQvUr7Ls7ylfRSTwfxWpJTpOctmlWs/edit,2
Gemini-Export,conversation_1777558354.txt,Summarize this document in 1 paragraph,2026-04-30T14:12:34.962527+00:00,"The most financially sound entry point in the Australian market is a system built around the used NVIDIA RTX 3090, offering a financial break-even point against escalating cloud ""Power Tier"" subscriptions in approximately **15 months**.",RTX 3090,,,https://docs.google.com/document/d/1nDYw9lWCLNHJuE0kRqaqxYYIR8bRuLR4I1eIQhbVli4/edit | https://docs.google.com/document/d/1H-wDfIo9rJDBNrQvUr7Ls7ylfRSTwfxWpJTpOctmlWs/edit,2
Gemini-Export,conversation_1777558354.txt,Summarize this document in 1 paragraph,2026-04-30T14:12:34.962527+00:00,"| Strategy             | Winner (GPU)                            | Upfront Cost (AUD) | VRAM Capacity       | Software Friction | Key Trade-Off / Risk                                                                               |
| :------------------: | :-------------------------------------: | :----------------: | :-----------------: | :---------------: | :------------------------------------------------------------------------------------------------: |
| **Best Value / DIY** | New AMD RX 79",RX 7900 XTX,24,,https://docs.google.com/document/d/1nDYw9lWCLNHJuE0kRqaqxYYIR8bRuLR4I1eIQhbVli4/edit | https://docs.google.com/document/d/1H-wDfIo9rJDBNrQvUr7Ls7ylfRSTwfxWpJTpOctmlWs/edit,3
Gemini-Export,conversation_1777558354.txt,Summarize this document in 1 paragraph,2026-04-30T14:12:34.962527+00:00,"|
| **Best Portability** | Aftershock X-16 PRO (RTX 5090)          | \~$6,799           | 24GB (GDDR7 Mobile) | **Low (CUDA)**    | Extreme capital outlay; constrained VRAM bandwidth (896 GB/s) compared to desktop 3090 (936 GB/s).",RTX 5090,24,,https://docs.google.com/document/d/1nDYw9lWCLNHJuE0kRqaqxYYIR8bRuLR4I1eIQhbVli4/edit | https://docs.google.com/document/d/1H-wDfIo9rJDBNrQvUr7Ls7ylfRSTwfxWpJTpOctmlWs/edit,2
Gemini-Export,conversation_1777558354.txt,Summarize this document in 1 paragraph,2026-04-30T14:12:34.962527+00:00,"| Financial Metric                   | $100/Month Cloud Power Tier | Local RTX 3090 Build (Used)           |
| :--------------------------------: | :-------------------------: | :-----------------------------------: |
| **Upfront Cost (AUD)**             | N/A (Sunk Cost)             | \~$2,200                              |
| **Power/Elec (Monthly)**           | \~$0                        | \~$15                                 |
| **Break-Even Point (vs.",RTX 3090,,,https://docs.google.com/document/d/1nDYw9lWCLNHJuE0kRqaqxYYIR8bRuLR4I1eIQhbVli4/edit | https://docs.google.com/document/d/1H-wDfIo9rJDBNrQvUr7Ls7ylfRSTwfxWpJTpOctmlWs/edit,3
Gemini-Export,conversation_1777558354.txt,Summarize this document in 1 paragraph,2026-04-30T14:12:34.962527+00:00,"| VRAM Tier             | Example GPU        | Intelligence Ceiling (Max Model Size)                             | Experience & Limitation                                                                                          |
| :-------------------: | :----------------: | :---------------------------------------------------------------: | :--------------------------------------------------------------------------------------------------------------: |
| **12GB (Entry)**      | RTX 3060 12GB ",RTX 3060,12,,https://docs.google.com/document/d/1nDYw9lWCLNHJuE0kRqaqxYYIR8bRuLR4I1eIQhbVli4/edit | https://docs.google.com/document/d/1H-wDfIo9rJDBNrQvUr7Ls7ylfRSTwfxWpJTpOctmlWs/edit,2
Gemini-Export,conversation_1777558354.txt,Summarize this document in 1 paragraph,2026-04-30T14:12:34.962527+00:00,"|
| **16GB (Compromise)** | RTX 4060 Ti 16GB   | Seamless 14B–20B or aggressively quantized 30B (limited context).",RTX 4060 Ti,16,,https://docs.google.com/document/d/1nDYw9lWCLNHJuE0kRqaqxYYIR8bRuLR4I1eIQhbVli4/edit | https://docs.google.com/document/d/1H-wDfIo9rJDBNrQvUr7Ls7ylfRSTwfxWpJTpOctmlWs/edit,2
Gemini-Export,conversation_1777558354.txt,Summarize this document in 1 paragraph,2026-04-30T14:12:34.962527+00:00,"|
| **24GB (Autonomy)**   | RTX 3090, RTX 4090 | 30B–35B models at high-quality (Q5/Q6) with **\>64K context**.",RTX 3090 | RTX 4090,24,,https://docs.google.com/document/d/1nDYw9lWCLNHJuE0kRqaqxYYIR8bRuLR4I1eIQhbVli4/edit | https://docs.google.com/document/d/1H-wDfIo9rJDBNrQvUr7Ls7ylfRSTwfxWpJTpOctmlWs/edit,2
Gemini-Export,conversation_1777558354.txt,Summarize this document in 1 paragraph,2026-04-30T14:12:34.962527+00:00,"| Hardware Accelerator          | Core Architecture | Memory Bandwidth (GB/s) | DeepSeek-R1 32B (INT4) (t/s) | Inference Ecosystem              |
| :---------------------------: | :---------------: | :---------------------: | :--------------------------: | :------------------------------: |
| **NVIDIA RTX 5090 (Desktop)** | Blackwell         | 1,792                   | \~48 t/s                     | **CUDA (Best)**                  |
| **NVIDIA RTX 4090**           | Ada Lovelace      | 1,008   ",RTX 5090 | RTX 4090 | RTX 3090 | RX 7900 XTX,,,https://docs.google.com/document/d/1nDYw9lWCLNHJuE0kRqaqxYYIR8bRuLR4I1eIQhbVli4/edit | https://docs.google.com/document/d/1H-wDfIo9rJDBNrQvUr7Ls7ylfRSTwfxWpJTpOctmlWs/edit,2
Gemini-Export,conversation_1777558354.txt,Summarize this document in 1 paragraph,2026-04-30T14:12:34.962527+00:00,"For the high-ROI used **RTX 3090** pathway, users must mitigate documented thermal risks associated with the GDDR6X memory modules:",RTX 3090,,,https://docs.google.com/document/d/1nDYw9lWCLNHJuE0kRqaqxYYIR8bRuLR4I1eIQhbVli4/edit | https://docs.google.com/document/d/1H-wDfIo9rJDBNrQvUr7Ls7ylfRSTwfxWpJTpOctmlWs/edit,2
Gemini-Export,conversation_1777955851.txt,"can you consolidate all of the products into a single sheet? remove duplication, use format of sheet",2026-05-05T04:37:31.106703+00:00,"| Date\_Found | Path\_ID | Category   | Item\_Name                         | Price\_AUD | VRAM\_GB | RAM\_GB | GPU\_Model      | CPU\_Model           | Condition   | Retailer        | Upgradeability | Image\_Gen\_Tier | LLM\_Tier       | Notes                                                          | URL     |
| :---------: | :------: | :--------: | :--------------------------------: | :--------: | :------: | :-----: | :-------------: | :------------------: | :---------: | :-------------: | :--",RTX 5060 Ti,,,https://drive.google.com/open?id=1tDJhrdiVtwjYKEWe62PllC1XSNscBBpr | https://mail.google.com/mail/u/0/#all/19b7da6afec818de,3
Gemini-Export,conversation_1777955851.txt,"can you consolidate all of the products into a single sheet? remove duplication, use format of sheet",2026-05-05T04:37:31.106703+00:00,"| \[URL\] |
| 2026-04-26  | 3        | Desktop    | Chaos RTX 5060 Ti Gaming PC        | 2899       | 16       | 32      | RTX 5060 Ti     | Ryzen 7 7700         | New         | Scorptec        | Slotted        | FLUX             | Mid             | AM5 platform; practical future upgrades.",RTX 5060 Ti,,,https://drive.google.com/open?id=1tDJhrdiVtwjYKEWe62PllC1XSNscBBpr | https://mail.google.com/mail/u/0/#all/19b7da6afec818de,2
Gemini-Export,conversation_1777955851.txt,"can you consolidate all of the products into a single sheet? remove duplication, use format of sheet",2026-05-05T04:37:31.106703+00:00,"| \[URL\] |
| 2026-04-26  | 3        | Desktop    | Twilight RTX 5070 Gaming PC        | 2999       | 12       | 32      | RTX 5070        | Ryzen 5 7500X3D      | New         | Scorptec        | Slotted        | Strong           | Mid             | Discounted price until April 30.",RTX 5070,,,https://drive.google.com/open?id=1tDJhrdiVtwjYKEWe62PllC1XSNscBBpr | https://mail.google.com/mail/u/0/#all/19b7da6afec818de,3
Gemini-Export,conversation_1777955851.txt,"can you consolidate all of the products into a single sheet? remove duplication, use format of sheet",2026-05-05T04:37:31.106703+00:00,"| \[URL\] |
| 2026-04-26  | 3        | Desktop    | Sunder RTX 5070 Ti Gaming PC       | 4099       | 16       | 32      | RTX 5070 Ti     | Core Ultra 7 270K    | New         | Scorptec        | Slotted        | FLUX             | Mid             | B860 platform; premium tier pricing.",RTX 5070 Ti,,,https://drive.google.com/open?id=1tDJhrdiVtwjYKEWe62PllC1XSNscBBpr | https://mail.google.com/mail/u/0/#all/19b7da6afec818de,2
Gemini-Export,conversation_1777955851.txt,"can you consolidate all of the products into a single sheet? remove duplication, use format of sheet",2026-05-05T04:37:31.106703+00:00,"| \[URL\] |
| 2026-04-26  | 1        | Laptop     | Lenovo Legion 7i 16IAX10           | 3299       | 8        | 32      | RTX 5070        | Core Ultra 9 275     | New         | Scorptec        | UNKNOWN        | Basic            | Entry           | 8GB VRAM limits local image/LLM workflows.",RTX 5070,8,,https://drive.google.com/open?id=1tDJhrdiVtwjYKEWe62PllC1XSNscBBpr | https://mail.google.com/mail/u/0/#all/19b7da6afec818de,2
Gemini-Export,conversation_1777955851.txt,"can you consolidate all of the products into a single sheet? remove duplication, use format of sheet",2026-05-05T04:37:31.106703+00:00,"| \[URL\] |
| 2026-04-26  | 1        | Laptop     | ASUS ROG Zephyrus G16              | 4599       | 12       | 32      | RTX 5080        | Core Ultra 9 275     | New         | Scorptec        | UNKNOWN        | Strong           | Mid             | High-end thin-and-light; premium price.",RTX 5080,,,https://drive.google.com/open?id=1tDJhrdiVtwjYKEWe62PllC1XSNscBBpr | https://mail.google.com/mail/u/0/#all/19b7da6afec818de,3
Gemini-Export,conversation_1777955851.txt,"can you consolidate all of the products into a single sheet? remove duplication, use format of sheet",2026-05-05T04:37:31.106703+00:00,"| \[URL\] |
| 2026-04-26  | 1        | Laptop     | MSI Raider GE78 HX 14V             | 5299       | 16       | 64      | RTX 5090        | Core i9 14900HX      | New         | Scorptec        | UNKNOWN        | FLUX             | High            | Desktop replacement tier; massive RAM.",RTX 5090,,,https://drive.google.com/open?id=1tDJhrdiVtwjYKEWe62PllC1XSNscBBpr | https://mail.google.com/mail/u/0/#all/19b7da6afec818de,2
Gemini-Export,conversation_1777955851.txt,"can you consolidate all of the products into a single sheet? remove duplication, use format of sheet",2026-05-05T04:37:31.106703+00:00,"| \[URL\] |
| 2026-04-27  | 3        | Desktop    | Scorptec Sentinel RTX 5080         | 4899       | 16       | 32      | RTX 5080        | Ryzen 9 9900X        | New         | Scorptec        | Slotted        | FLUX             | High            | High-performance workstation/gaming build.",RTX 5080,,,https://drive.google.com/open?id=1tDJhrdiVtwjYKEWe62PllC1XSNscBBpr | https://mail.google.com/mail/u/0/#all/19b7da6afec818de,2
Gemini-Export,conversation_1777955851.txt,"can you consolidate all of the products into a single sheet? remove duplication, use format of sheet",2026-05-05T04:37:31.106703+00:00,"| \[URL\] |
| 2026-04-27  | 3        | Desktop    | Scorptec Beast RTX 5090            | 6499       | 24       | 64      | RTX 5090        | Core Ultra 9 285K    | New         | Scorptec        | Slotted        | Ultra            | Ultra           | Top-of-the-line consumer hardware.",RTX 5090,,,https://drive.google.com/open?id=1tDJhrdiVtwjYKEWe62PllC1XSNscBBpr | https://mail.google.com/mail/u/0/#all/19b7da6afec818de,2
Gemini-Export,conversation_1777955851.txt,"can you consolidate all of the products into a single sheet? remove duplication, use format of sheet",2026-05-05T04:37:31.106703+00:00,"| \[URL\] |
| 2026-04-28  | 3        | Desktop    | Budget RTX 4060 Build              | 1299       | 8        | 16      | RTX 4060        | Ryzen 5 5600         | New         | Centre Com      | Slotted        | Basic            | Entry           | Entry-level 1080p gaming.",RTX 4060,,,https://drive.google.com/open?id=1tDJhrdiVtwjYKEWe62PllC1XSNscBBpr | https://mail.google.com/mail/u/0/#all/19b7da6afec818de,2
Gemini-Export,conversation_1777955851.txt,"can you consolidate all of the products into a single sheet? remove duplication, use format of sheet",2026-05-05T04:37:31.106703+00:00,"| \[URL\] |
| 2026-04-28  | 3        | Desktop    | Mid-Range RTX 4070 Super           | 2199       | 12       | 32      | RTX 4070 Super  | Ryzen 7 7800X3D      | New         | Centre Com      | Slotted        | Strong           | Mid             | Best value for gaming performance.",RTX 4070,,,https://drive.google.com/open?id=1tDJhrdiVtwjYKEWe62PllC1XSNscBBpr | https://mail.google.com/mail/u/0/#all/19b7da6afec818de,2
Gemini-Export,conversation_1777955851.txt,"can you consolidate all of the products into a single sheet? remove duplication, use format of sheet",2026-05-05T04:37:31.106703+00:00,"| \[URL\] |
| 2026-04-29  | 1        | Laptop     | HP Victus 15                       | 1149       | 6        | 16      | RTX 4050        | Core i5 13420H       | New         | JB Hi-Fi        | UNKNOWN        | Basic            | Entry           | Budget laptop for light tasks.",RTX 4050,,,https://drive.google.com/open?id=1tDJhrdiVtwjYKEWe62PllC1XSNscBBpr | https://mail.google.com/mail/u/0/#all/19b7da6afec818de,2
Gemini-Export,conversation_1777955851.txt,"can you consolidate all of the products into a single sheet? remove duplication, use format of sheet",2026-05-05T04:37:31.106703+00:00,"| \[URL\] |
| 2026-04-29  | 1        | Laptop     | Razer Blade 14                     | 3899       | 8        | 16      | RTX 4070        | Ryzen 9 8945HS       | New         | JB Hi-Fi        | UNKNOWN        | Strong           | Entry           | Portable power; expensive for specs.",RTX 4070,,,https://drive.google.com/open?id=1tDJhrdiVtwjYKEWe62PllC1XSNscBBpr | https://mail.google.com/mail/u/0/#all/19b7da6afec818de,2
Gemini-Export,conversation_1777955851.txt,"can you consolidate all of the products into a single sheet? remove duplication, use format of sheet",2026-05-05T04:37:31.106703+00:00,"| \[URL\] |
| 2026-04-30  | 3        | Desktop    | Custom Workstation                 | 5500       | 24       | 128     | RTX 3090 (Used) | Threadripper 3960X   | Used        | Marketplace     | Slotted        | Ultra            | High            | High VRAM and RAM for LLM training.",RTX 3090,,,https://drive.google.com/open?id=1tDJhrdiVtwjYKEWe62PllC1XSNscBBpr | https://mail.google.com/mail/u/0/#all/19b7da6afec818de,2
Gemini-Export,conversation_1777955851.txt,"can you consolidate all of the products into a single sheet? remove duplication, use format of sheet",2026-05-05T04:37:31.106703+00:00,"| N/A     |
| 2026-05-01  | 3        | Desktop    | Silent RTX 4080 Build              | 3400       | 16       | 32      | RTX 4080        | Core i7 14700K       | New         | PCCaseGear      | Slotted        | FLUX             | High            | Focused on low noise levels.",RTX 4080,,,https://drive.google.com/open?id=1tDJhrdiVtwjYKEWe62PllC1XSNscBBpr | https://mail.google.com/mail/u/0/#all/19b7da6afec818de,2
Gemini-Export,conversation_1777955851.txt,"can you consolidate all of the products into a single sheet? remove duplication, use format of sheet",2026-05-05T04:37:31.106703+00:00,"| \[URL\] |
| 2026-04-26  | 1        | Laptop     | Lenovo Legion Pro 5i 16IAX10H      | 3699       | 12       | 32      | RTX 5070 Ti     | Core Ultra 9 275HX   | New         | Scorptec        | UNKNOWN        | Strong           | Mid             | Better 12GB VRAM; sale price until April 29.",RTX 5070 Ti,12,,https://drive.google.com/open?id=1tDJhrdiVtwjYKEWe62PllC1XSNscBBpr | https://mail.google.com/mail/u/0/#all/19b7da6afec818de,3
Gemini-Export,conversation_1777955851.txt,"can you consolidate all of the products into a single sheet? remove duplication, use format of sheet",2026-05-05T04:37:31.106703+00:00,"| \[URL\] |
| 2026-04-26  | 3        | Combo      | RTX 3090 Desktop + ThinkPad Bundle | 4000       | 24       | 64      | RTX 3090        | Ryzen 7 7700/7800X3D | Mixed       | Mike PC / eBay  | Excellent      | Excellent        | Excellent       | Best baseline for local AI value; comparison anchor.",RTX 3090,,,https://drive.google.com/open?id=1tDJhrdiVtwjYKEWe62PllC1XSNscBBpr | https://mail.google.com/mail/u/0/#all/19b7da6afec818de,2
Gemini-Export,conversation_1777955851.txt,"can you consolidate all of the products into a single sheet? remove duplication, use format of sheet",2026-05-05T04:37:31.106703+00:00,"| \[URL\] |
| 2026-04-26  | 3        | Desktop    | PLE AI Advanced RTX 5070 Ti        | 3907       | 16       | 32      | RTX 5070 Ti     | Ryzen 7 9700X        | New         | PLE Computers   | Good           | Strong           | Strong          | Clean local warranty route; less model-fit headroom than 24GB.",RTX 5070 Ti,24,,https://drive.google.com/open?id=1tDJhrdiVtwjYKEWe62PllC1XSNscBBpr | https://mail.google.com/mail/u/0/#all/19b7da6afec818de,3
Gemini-Export,conversation_1777955851.txt,"can you consolidate all of the products into a single sheet? remove duplication, use format of sheet",2026-05-05T04:37:31.106703+00:00,"| \[URL\] |
| 2026-04-26  | 3        | Desktop    | RTX 4080 Super Prebuilt            | 4100       | 16       | 32      | RTX 4080 Super  | i7-14700F            | New         | Mwave / Mike PC | Good           | Strong           | Strong          | Good compute speed; worse than RTX 3090 for large-model fit.",RTX 4080 | RTX 3090,,,https://drive.google.com/open?id=1tDJhrdiVtwjYKEWe62PllC1XSNscBBpr | https://mail.google.com/mail/u/0/#all/19b7da6afec818de,2
Gemini-Export,conversation_1777955851.txt,"can you consolidate all of the products into a single sheet? remove duplication, use format of sheet",2026-05-05T04:37:31.106703+00:00,"| \[URL\] |
| 2026-04-26  | 1        | Laptop     | Lenovo Legion Pro 7i RTX 4090      | 3599       | 16       | 64      | RTX 4090        | Core i9-14900HX      | New         | Mike PC         | Moderate       | Strong           | Strong          | Best one-device route if price/spec confirmed.",RTX 4090,,,https://drive.google.com/open?id=1tDJhrdiVtwjYKEWe62PllC1XSNscBBpr | https://mail.google.com/mail/u/0/#all/19b7da6afec818de,3
Gemini-Export,conversation_1777955851.txt,"can you consolidate all of the products into a single sheet? remove duplication, use format of sheet",2026-05-05T04:37:31.106703+00:00,"| \[URL\] |
| 2026-04-26  | 1        | Laptop     | MSI Vector A18 HX A9WHG            | 3150       | 12       | 32      | RTX 5070 Ti     | Ryzen 9 9955HX       | Ex-display  | TECS            | Likely good    | Strong           | Moderate-Strong | Good screen and current GPU; not the 16GB/24GB AI target.",RTX 5070 Ti,16,,https://drive.google.com/open?id=1tDJhrdiVtwjYKEWe62PllC1XSNscBBpr | https://mail.google.com/mail/u/0/#all/19b7da6afec818de,2
Gemini-Export,conversation_1777955851.txt,"can you consolidate all of the products into a single sheet? remove duplication, use format of sheet",2026-05-05T04:37:31.106703+00:00,"| \[URL\] |
| 2026-04-26  | 1        | Laptop     | ASUS TUF Gaming A16                | 2899       | 8        | 32      | RTX 5070        | Ryzen 9 8940HX       | New         | Scorptec        | UNKNOWN        | Basic            | Entry           | Budget option, but limited by 8GB VRAM.",RTX 5070,8,,https://drive.google.com/open?id=1tDJhrdiVtwjYKEWe62PllC1XSNscBBpr | https://mail.google.com/mail/u/0/#all/19b7da6afec818de,2
Gemini-Export,conversation_1777955851.txt,"can you consolidate all of the products into a single sheet? remove duplication, use format of sheet",2026-05-05T04:37:31.106703+00:00,"| \[URL\] |
| 2026-04-26  | 1        | Laptop     | ASUS ROG Strix G16                 | 3399       | 8        | 32      | RTX 5070        | Core i7-14650HX      | New         | Scorptec        | UNKNOWN        | Basic            | Entry           | Premium laptop build but still 8GB VRAM ceiling.",RTX 5070,8,,https://drive.google.com/open?id=1tDJhrdiVtwjYKEWe62PllC1XSNscBBpr | https://mail.google.com/mail/u/0/#all/19b7da6afec818de,2
Gemini-Export,conversation_1777955851.txt,"can you consolidate all of the products into a single sheet? remove duplication, use format of sheet",2026-05-05T04:37:31.106703+00:00,"| \[URL\] |
| Unknown     | Unknown  | Desktop    | Custom Local AI Workstation        | 6423       | 96       | 512     | 4x RTX 3090     | Unknown              | Used        | Marketplace     | Slotted        | Ultra            | High            | High VRAM and RAM capacity; workstation-grade build.",RTX 3090,,,https://drive.google.com/open?id=1tDJhrdiVtwjYKEWe62PllC1XSNscBBpr | https://mail.google.com/mail/u/0/#all/19b7da6afec818de,2
Gemini-Export,conversation_1777955851.txt,"can you consolidate all of the products into a single sheet? remove duplication, use format of sheet",2026-05-05T04:37:31.106703+00:00,"| Date\_Found | Path\_ID | Category | Item\_Name                    | Price\_AUD | VRAM\_GB | RAM\_GB | GPU\_Model     | CPU\_Model         | Condition   | Retailer | Upgradeability | Image\_Gen\_Tier | LLM\_Tier       | Notes                                                     | URL     |
| :---------: | :------: | :------: | :---------------------------: | :--------: | :------: | :-----: | :------------: | :----------------: | :---------: | :------: | :------------: | :--------------: | :-----",RTX 5070,8,,,2
Gemini-Export,conversation_1777955851.txt,"can you consolidate all of the products into a single sheet? remove duplication, use format of sheet",2026-05-05T04:37:31.106703+00:00,"| \[URL\] |
| 2026-04-26  | 1        | Laptop   | ASUS ROG Zephyrus G16         | 4599       | 12       | 32      | RTX 5080       | Core Ultra 9 275   | New         | Scorptec | UNKNOWN        | Strong           | Mid             | High-end thin-and-light; premium price.",RTX 5080,,,,2
Gemini-Export,conversation_1777955851.txt,"can you consolidate all of the products into a single sheet? remove duplication, use format of sheet",2026-05-05T04:37:31.106703+00:00,"| \[URL\] |
| 2026-04-26  | 1        | Laptop   | Lenovo Legion Pro 5i 16IAX10H | 3699       | 12       | 32      | RTX 5070 Ti    | Core Ultra 9 275HX | New         | Scorptec | UNKNOWN        | Strong           | Mid             | Better 12GB VRAM; sale price until April 29.",RTX 5070 Ti,12,,,2
Gemini-Export,conversation_1777955851.txt,"can you consolidate all of the products into a single sheet? remove duplication, use format of sheet",2026-05-05T04:37:31.106703+00:00,"| \[URL\] |
| 2026-04-26  | 1        | Laptop   | Lenovo Legion Pro 7i RTX 4090 | 3599       | 16       | 64      | RTX 4090       | Core i9-14900HX    | New         | Mike PC  | Moderate       | Strong           | Strong          | Best one-device route if price/spec confirmed.",RTX 4090,,,,2
Gemini-Export,conversation_1777955851.txt,"can you consolidate all of the products into a single sheet? remove duplication, use format of sheet",2026-05-05T04:37:31.106703+00:00,"| Date\_Found | Path\_ID | Category | Item\_Name                         | Price\_AUD | VRAM\_GB | RAM\_GB | GPU\_Model      | CPU\_Model           | Condition | Retailer        | Upgradeability | Image\_Gen\_Tier | LLM\_Tier | Notes                                                          | URL     |
| :---------: | :------: | :------: | :--------------------------------: | :--------: | :------: | :-----: | :-------------: | :------------------: | :-------: | :-------------: | :------------: | ",RTX 5060 Ti,,,,2
Gemini-Export,conversation_1777955851.txt,"can you consolidate all of the products into a single sheet? remove duplication, use format of sheet",2026-05-05T04:37:31.106703+00:00,"| \[URL\] |
| 2026-04-26  | 3        | Desktop  | Twilight RTX 5070 Gaming PC        | 2999       | 12       | 32      | RTX 5070        | Ryzen 5 7500X3D      | New       | Scorptec        | Slotted        | Strong           | Mid       | Discounted price until April 30.",RTX 5070,,,,2
Gemini-Export,conversation_1777955851.txt,"can you consolidate all of the products into a single sheet? remove duplication, use format of sheet",2026-05-05T04:37:31.106703+00:00,"| \[URL\] |
| 2026-04-26  | 3        | Desktop  | PLE AI Advanced RTX 5070 Ti        | 3907       | 16       | 32      | RTX 5070 Ti     | Ryzen 7 9700X        | New       | PLE Computers   | Good           | Strong           | Strong    | Clean local warranty route; less model-fit headroom than 24GB.",RTX 5070 Ti,24,,,2
Gemini-Export,conversation_1777955851.txt,"can you consolidate all of the products into a single sheet? remove duplication, use format of sheet",2026-05-05T04:37:31.106703+00:00,"| Item\_ID     | Product\_or\_Listing                        | Category   | Condition        | Price\_AUD  | Postage\_AUD | Total\_AUD  | Seller\_Name         | Seller\_Feedback | CPU                  | GPU             | GPU\_VRAM\_GB | RAM\_GB     | Storage     | Display               | Status        | Classification            | AI\_Score   | Notes                                                            |
| :----------: | :-----------------------------------------: | :--------: | :---------",RTX 5090 | RTX 5080 | RTX 4070 | RTX 4090 | RTX 4080 | RTX 5070Ti | RTX 5070 | RTX 5060 Ti,32,,,2
Gemini-Export,conversation_1777955851.txt,"can you consolidate all of the products into a single sheet? remove duplication, use format of sheet",2026-05-05T04:37:31.106703+00:00,"|
| \[Missing\]  | Twilight RTX 5070 Gaming PC                 | Desktop    | New              | 2999        | 0            | 2999        | Scorptec             | \[Missing\]      | Ryzen 5 7500X3D      | RTX 5070        | 12            | 32          | \[Missing\] | \[Missing\]           | \[Missing\]   | \[Missing\]               | \[Missing\] | Discounted price until April 30.",RTX 5070,,,,2
Gemini-Export,conversation_1777955851.txt,"can you consolidate all of the products into a single sheet? remove duplication, use format of sheet",2026-05-05T04:37:31.106703+00:00,"|
| \[Missing\]  | ASUS ROG Zephyrus G16                       | Laptop     | New              | 4599        | 0            | 4599        | Scorptec             | \[Missing\]      | Core Ultra 9 275     | RTX 5080        | 12            | 32          | \[Missing\] | \[Missing\]           | \[Missing\]   | \[Missing\]               | \[Missing\] | High-end thin-and-light; premium price.",RTX 5080,,,,2
Gemini-Export,conversation_1777955851.txt,"can you consolidate all of the products into a single sheet? remove duplication, use format of sheet",2026-05-05T04:37:31.106703+00:00,"|
| \[Missing\]  | Lenovo Legion Pro 5i 16IAX10H               | Laptop     | New              | 3699        | 0            | 3699        | Scorptec             | \[Missing\]      | Core Ultra 9 275HX   | RTX 5070 Ti     | 12            | 32          | \[Missing\] | \[Missing\]           | \[Missing\]   | \[Missing\]               | \[Missing\] | Better 12GB VRAM; sale price until April 29.",RTX 5070 Ti,12,,,2
Gemini-Export,conversation_1777955851.txt,"can you consolidate all of the products into a single sheet? remove duplication, use format of sheet",2026-05-05T04:37:31.106703+00:00,"|
| \[Missing\]  | PLE AI Advanced RTX 5070 Ti                 | Desktop    | New              | 3907        | 0            | 3907        | PLE Computers        | \[Missing\]      | Ryzen 7 9700X        | RTX 5070 Ti     | 16            | 32          | \[Missing\] | \[Missing\]           | \[Missing\]   | \[Missing\]               | \[Missing\] | Clean local warranty route; less model-fit headroom than 24GB.",RTX 5070 Ti,24,,,2
Gemini-Export,conversation_1777955851.txt,"can you consolidate all of the products into a single sheet? remove duplication, use format of sheet",2026-05-05T04:37:31.106703+00:00,"|
| \[Missing\]  | Lenovo Legion Pro 7i RTX 4090               | Laptop     | New              | 3599        | 0            | 3599        | Mike PC              | \[Missing\]      | Core i9-14900HX      | RTX 4090        | 16            | 64          | \[Missing\] | \[Missing\]           | \[Missing\]   | \[Missing\]               | \[Missing\] | Best one-device route if price/spec confirmed.",RTX 4090,,,,2
Gemini-Export,conversation_1777961628.txt,Analyze the data in the sheet,2026-05-05T06:13:48.298511+00:00,"| Row\_ID | Date\_Found | Source\_Platform | Category | Item\_Name                    | Condition | Price\_AUD | Postage\_AUD | Total\_AUD | CPU\_Model         | GPU\_Model      | VRAM\_GB | RAM\_GB | Storage   | Display           | Chassis\_Quality | Upgradeability | LLM\_Tier                       | VRAM\_per\_1k | Perf\_index | Perf\_per\_1k | Score\_computed | Priority\_for\_me | Status | Classification | Image\_Gen\_Tier | Notes                                            | URL     |
| :----",RTX 5060 Ti,,,,2
Gemini-Export,conversation_1777961628.txt,Analyze the data in the sheet,2026-05-05T06:13:48.298511+00:00,"| \[URL\] |
| 3       | 2026-04-26  | Scorptec         | Desktop  | Twilight RTX 5070 Gaming PC   | New       | 2999       | 0            | 2999       | Ryzen 5 7500X3D    | RTX 5070        | 12       | 32      | 1TB SSD   | UNKNOWN           | Mixed            | Slotted        | 7–13B tight                     | 4.0           | 60          | 20.0          | 5.8             | Avoid             | Active | Watchlist      | Strong           | Discounted price until April 30.",RTX 5070,,,,2
Gemini-Export,conversation_1777961628.txt,Analyze the data in the sheet,2026-05-05T06:13:48.298511+00:00,"| \[URL\] |
| 6       | 2026-04-26  | Scorptec         | Laptop   | ASUS ROG Zephyrus G16         | New       | 4599       | 0            | 4599       | Core Ultra 9 275   | RTX 5080 Laptop | 12       | 32      | 1TB SSD   | 16"" OLED          | Metal High       | UNKNOWN        | 7–13B tight                     | 2.6           | 65          | 14.1          | 5.6             | Avoid             | Active | Watchlist      | Strong           | High-end thin-and-light; premium price.",RTX 5080,,,,2
