intake_id,item_name,status,profile,category,Category_Group,track,pathway,gpu_model,vram_gb,unified_memory_gb,screen_size_in,thermal_flag,price_aud,Over_Budget,Price_Unknown,condition,retailer,verification_status,au_stock,seller_class,source_platform,batch,source_file,exceptional_override,shortlist_reason,soft_penalty_notes,Machine,Type,Performance_Headroom,Price_Value,Future_Proof,Portability,Track2_Avoidance,MCDA_Total,Seller_Risk_Multiplier,Source_Platform_Penalty,Risk_Adjustment,Adjusted_MCDA_Total,Policy_Status,Policy_Blockers,seller_risk_score,current_best_price_aud,current_best_retailer,current_best_url,in_stock_now,student_discount_possible,cashback_possible,cashback_source,stackable_coupons_confirmed,price_match_possible,price_beat_possible,effective_best_price_aud,promo_notes,pricing_checked_at,warranty_months_confirmed,acl_covered
HN6306_proart_px13,ASUS ProArt GoPro Edition PX13 HN7306EAC-LX044W (Strix Halo),BUY_CANDIDATE,Laptop,laptop,Complete_System,1,1B,UNKNOWN,128.0,128.0,13.3,UNKNOWN,4497.0,No,,New,Officeworks,Verified,Yes,MAJOR_RETAILER_AU,MANUFACTURER_AU,manual_user_submission,cards/HN6306_proart_px13.md,,Passed gates,,HN6306_proart_px13,Candidate,7,8,8,9,8,7.950,0.980,0.000,-0.159,7.791,GOOD_ENOUGH,,,,,,,,,,,,,,,,,
31_lenovo-legion-9i-18-rtx-5090,"Lenovo Legion 9i Gen 10 18"" RTX 5090",ACTIVE,Laptop,laptop,Complete_System,UNKNOWN,UNKNOWN,NVIDIA RTX 5090 Laptop GPU (24 GB),24.0,UNKNOWN,18.0,UNKNOWN,UNKNOWN,No,Yes,UNKNOWN,UNKNOWN,UNKNOWN,UNKNOWN,UNKNOWN,UNKNOWN,UNKNOWN,cards/31_lenovo-legion-9i-18-rtx-5090.md,,Passed gates,Price UNKNOWN — research required; Unverified — confirm specs before scoring; AU stock: UNKNOWN,31_lenovo-legion-9i-18-rtx-5090,Candidate,10,5,10,3,10,7.600,1.000,0.000,0.000,7.600,NEEDS_REVIEW,price UNKNOWN; AU stock not confirmed; track/pathway unresolved; seller_class UNKNOWN for risk adjustment; source_platform UNKNOWN for risk adjustment,,,,,,,,,,,,,,,,
intake-051,Acer Predator Helios 18,ACTIVE,Laptop,laptop,Complete_System,1,1A,RTX 4090 Mobile,16.0,UNKNOWN,UNKNOWN,UNKNOWN,4449.0,No,,Refurbished,UNKNOWN,Verified,Yes,UNKNOWN,UNKNOWN,2026-05-05_notebooklm_batch1_processed,cards/intake-051_acer-predator-helios-18.md,,Passed gates,,intake-051,Candidate,7,8,7,3,7,6.400,1.000,0.000,0.000,6.400,NEEDS_REVIEW,screen size UNKNOWN; seller_class UNKNOWN for risk adjustment; source_platform UNKNOWN for risk adjustment,,,,,,,,,,,,,,,,
36_lenovo-legion-9i-18-rtx-5080-ebay,"Lenovo Legion 9i Gen 10 18"" RTX 5080 (eBay)",BUY_CANDIDATE,Laptop,laptop,Complete_System,1,1A,NVIDIA RTX 5080 Laptop GPU (16 GB),16.0,UNKNOWN,18.0,UNKNOWN,4585.0,No,,UNKNOWN,UNKNOWN,Verified,Yes,EBAY_POWER_SELLER,EBAY_AU,UNKNOWN,cards/36_lenovo-legion-9i-18-rtx-5080-ebay.md,,Passed gates,,36_lenovo-legion-9i-18-rtx-5080-ebay,Candidate,7,10,8,3,7,7.000,0.900,0.400,-1.100,5.900,GOOD_ENOUGH,,,,,,,,,,,,,,,,,
intake-074,"ASUS ROG Zephyrus Duo 16"" (RTX 4080) — Unicorn Exception",BUY_CANDIDATE,Laptop,laptop,Complete_System,1,1A,NVIDIA GeForce RTX 4080 Laptop GPU (12 GB),12.0,UNKNOWN,16.0,UNKNOWN,2800.0,No,,Pre-owned,eBay (Item 397837419713),Verified,Yes,EBAY_POWER_SELLER,EBAY_AU,manual_user_submission,cards/intake-074_asus-rog-zephyrus-duo-16-ebay.md,,Passed gates,,intake-074,Candidate,6,10,7,6,5,6.850,0.900,0.400,-1.085,5.765,GOOD_ENOUGH,,,,,,,,,,,,,,,,,
01_lenovo-thinkstation-basic,Lenovo ThinkStation (Basic Config),ACTIVE,Desktop,desktop_tower_new,Complete_System,UNKNOWN,UNKNOWN,UNKNOWN,UNKNOWN,UNKNOWN,UNKNOWN,UNKNOWN,3350.0,No,,UNKNOWN,UNKNOWN,UNKNOWN,UNKNOWN,UNKNOWN,UNKNOWN,UNKNOWN,cards/01_lenovo-thinkstation-basic.md,,Passed gates,Unverified — confirm specs before scoring; AU stock: UNKNOWN,01_lenovo-thinkstation-basic,Candidate,,,,,,,,,,,NEEDS_REVIEW,"missing MCDA: Performance_Headroom, Price_Value, Future_Proof, Portability, Track2_Avoidance; AU stock not confirmed; track/pathway unresolved; MCDA score incomplete",,,,,,,,,,,,,,,,
C07_hp_z2_mini_g1a,,BUY_CANDIDATE,Desktop,workstation,Complete_System,2,2C,AMD Radeon Graphics (Strix Halo Integrated),UNKNOWN,UNKNOWN,UNKNOWN,UNKNOWN,3395.0,No,,New,IT Nest / LogicalTech,Verified (Price matched at LogicalTech),Yes,UNKNOWN,UNKNOWN,manual_user_submission,cards/C07_hp_z2_mini_g1a.md,,Passed gates,,C07_hp_z2_mini_g1a,Candidate,,,,,,,,,,,NEEDS_REVIEW,"missing MCDA: Performance_Headroom, Price_Value, Future_Proof, Portability, Track2_Avoidance; MCDA score incomplete",,,,,,,,,,,,,,,,
hp-z2-mini-g1a-strix-halo,HP Z2 Mini G1a,ACTIVE,Desktop,mini_pc,Complete_System,UNKNOWN,UNKNOWN,UNKNOWN,UNKNOWN,32.0,UNKNOWN,UNKNOWN,UNKNOWN,No,Yes,UNKNOWN,UNKNOWN,UNKNOWN,UNKNOWN,UNKNOWN,UNKNOWN,UNKNOWN,cards/hp-z2-mini-g1a-strix-halo.md,,Passed gates,Price UNKNOWN — research required; Unverified — confirm specs before scoring; AU stock: UNKNOWN,hp-z2-mini-g1a-strix-halo,Candidate,,,,,,,,,,,NEEDS_REVIEW,"missing MCDA: Performance_Headroom, Price_Value, Future_Proof, Portability, Track2_Avoidance; price UNKNOWN; AU stock not confirmed; track/pathway unresolved; MCDA score incomplete",,,,,,,,,,,,,,,,
hp_mini_pc_placeholder,HP Workstation Mini PC,ACTIVE,Desktop,mini-pc,Complete_System,UNKNOWN,UNKNOWN,UNKNOWN,UNKNOWN,UNKNOWN,UNKNOWN,UNKNOWN,UNKNOWN,No,Yes,UNKNOWN,UNKNOWN,UNKNOWN,UNKNOWN,UNKNOWN,UNKNOWN,UNKNOWN,cards/hp_mini_pc_placeholder.md,,Passed gates,Price UNKNOWN — research required; Unverified — confirm specs before scoring; AU stock: UNKNOWN,hp_mini_pc_placeholder,Candidate,,,,,,,,,,,NEEDS_REVIEW,"missing MCDA: Performance_Headroom, Price_Value, Future_Proof, Portability, Track2_Avoidance; price UNKNOWN; AU stock not confirmed; track/pathway unresolved; MCDA score incomplete",,,,,,,,,,,,,,,,
intake-034,Lenovo ThinkStation P330 Tiny Desktop,ACTIVE,Desktop,desktop,Complete_System,UNKNOWN,UNKNOWN,UNKNOWN,UNKNOWN,UNKNOWN,UNKNOWN,UNKNOWN,469.0,No,,Refurbished,UNKNOWN,Unverified,UNKNOWN,UNKNOWN,UNKNOWN,2026-05-05_notebooklm_batch1_processed,cards/intake-034_lenovo-thinkstation-p330-tiny-desktop.md,,Passed gates,Unverified — confirm specs before scoring; AU stock: UNKNOWN,intake-034,Candidate,,,,,,,,,,,NEEDS_REVIEW,"missing MCDA: Performance_Headroom, Price_Value, Future_Proof, Portability, Track2_Avoidance; AU stock not confirmed; track/pathway unresolved; MCDA score incomplete",,,,,,,,,,,,,,,,
intake-065,Dell OptiPlex 5060 SFF,ACTIVE,Desktop,desktop,Complete_System,UNKNOWN,UNKNOWN,UNKNOWN,UNKNOWN,UNKNOWN,UNKNOWN,UNKNOWN,238.99,No,,Refurbished,UNKNOWN,Unverified,UNKNOWN,UNKNOWN,UNKNOWN,2026-05-05_notebooklm_batch1_processed,cards/intake-065_dell-optiplex-5060-sff.md,,Passed gates,Unverified — confirm specs before scoring; AU stock: UNKNOWN,intake-065,Candidate,,,,,,,,,,,NEEDS_REVIEW,"missing MCDA: Performance_Headroom, Price_Value, Future_Proof, Portability, Track2_Avoidance; AU stock not confirmed; track/pathway unresolved; MCDA score incomplete",,,,,,,,,,,,,,,,
25_ple-ai-advanced-rtx-5070-ti,PLE AI Advanced RTX 5070 Ti 16 GB Desktop,ACTIVE,Desktop,desktop,Complete_System,UNKNOWN,UNKNOWN,NVIDIA GeForce RTX 5070 Ti (16 GB),16.0,UNKNOWN,UNKNOWN,UNKNOWN,UNKNOWN,No,Yes,UNKNOWN,UNKNOWN,UNKNOWN,UNKNOWN,UNKNOWN,UNKNOWN,UNKNOWN,cards/25_ple-ai-advanced-rtx-5070-ti.md,,Passed gates,Price UNKNOWN — research required; Unverified — confirm specs before scoring; AU stock: UNKNOWN,25_ple-ai-advanced-rtx-5070-ti,Candidate,,,,,,,,,,,NEEDS_REVIEW,"missing MCDA: Performance_Headroom, Price_Value, Future_Proof, Portability, Track2_Avoidance; price UNKNOWN; AU stock not confirmed; track/pathway unresolved; MCDA score incomplete",,,,,,,,,,,,,,,,
27_scorptec-eclipse-rtx-5070-ti,Scorptec Eclipse RTX 5070 Ti,ACTIVE,Desktop,desktop,Complete_System,UNKNOWN,UNKNOWN,NVIDIA GeForce RTX 5070 Ti (16 GB),16.0,UNKNOWN,UNKNOWN,UNKNOWN,UNKNOWN,No,Yes,UNKNOWN,UNKNOWN,UNKNOWN,UNKNOWN,UNKNOWN,UNKNOWN,UNKNOWN,cards/27_scorptec-eclipse-rtx-5070-ti.md,,Passed gates,Price UNKNOWN — research required; Unverified — confirm specs before scoring; AU stock: UNKNOWN,27_scorptec-eclipse-rtx-5070-ti,Candidate,,,,,,,,,,,NEEDS_REVIEW,"missing MCDA: Performance_Headroom, Price_Value, Future_Proof, Portability, Track2_Avoidance; price UNKNOWN; AU stock not confirmed; track/pathway unresolved; MCDA score incomplete",,,,,,,,,,,,,,,,
intake-007,PLE AI Advanced RTX 5070 Ti Desktop,ACTIVE,Desktop,desktop,Complete_System,UNKNOWN,UNKNOWN,RTX 5070 Ti,16.0,UNKNOWN,UNKNOWN,UNKNOWN,3907.0,No,,New,UNKNOWN,Unverified,UNKNOWN,UNKNOWN,UNKNOWN,2026-05-05_notebooklm_batch1_processed,cards/intake-007_ple-ai-advanced-rtx-5070-ti-desktop.md,,Passed gates,Unverified — confirm specs before scoring; AU stock: UNKNOWN,intake-007,Candidate,,,,,,,,,,,NEEDS_REVIEW,"missing MCDA: Performance_Headroom, Price_Value, Future_Proof, Portability, Track2_Avoidance; AU stock not confirmed; track/pathway unresolved; MCDA score incomplete",,,,,,,,,,,,,,,,
intake-008,Evatech Y40K RTX 4080 Super Gaming PC,ACTIVE,Desktop,desktop,Complete_System,UNKNOWN,UNKNOWN,RTX 4080 Super,16.0,UNKNOWN,UNKNOWN,UNKNOWN,UNKNOWN,No,Yes,New,UNKNOWN,Unverified,UNKNOWN,UNKNOWN,UNKNOWN,2026-05-05_notebooklm_batch1_processed,cards/intake-008_evatech-y40k-rtx-4080-super-gaming-pc.md,,Passed gates,Price UNKNOWN — research required; Unverified — confirm specs before scoring; AU stock: UNKNOWN,intake-008,Candidate,,,,,,,,,,,NEEDS_REVIEW,"missing MCDA: Performance_Headroom, Price_Value, Future_Proof, Portability, Track2_Avoidance; price UNKNOWN; AU stock not confirmed; track/pathway unresolved; MCDA score incomplete",,,,,,,,,,,,,,,,
intake-016,OKINOS Studio Pro - RTX 5070 Ti/3090,ACTIVE,Desktop,desktop,Complete_System,UNKNOWN,UNKNOWN,RTX 5070 Ti,16.0,UNKNOWN,UNKNOWN,UNKNOWN,3599.0,No,,New,UNKNOWN,Unverified,UNKNOWN,UNKNOWN,UNKNOWN,2026-05-05_notebooklm_batch1_processed,cards/intake-016_okinos-studio-pro-rtx-5070-ti3090.md,,Passed gates,Unverified — confirm specs before scoring; AU stock: UNKNOWN,intake-016,Candidate,,,,,,,,,,,NEEDS_REVIEW,"missing MCDA: Performance_Headroom, Price_Value, Future_Proof, Portability, Track2_Avoidance; AU stock not confirmed; track/pathway unresolved; MCDA score incomplete",,,,,,,,,,,,,,,,
intake-017,Budget build,ACTIVE,Desktop,diy build,Complete_System,UNKNOWN,UNKNOWN,RTX 4060 Ti,16.0,UNKNOWN,UNKNOWN,UNKNOWN,899.0,No,,New,UNKNOWN,Unverified,UNKNOWN,UNKNOWN,UNKNOWN,2026-05-05_notebooklm_batch1_processed,cards/intake-017_budget-build.md,,Passed gates,Unverified — confirm specs before scoring; AU stock: UNKNOWN,intake-017,Candidate,,,,,,,,,,,NEEDS_REVIEW,"missing MCDA: Performance_Headroom, Price_Value, Future_Proof, Portability, Track2_Avoidance; AU stock not confirmed; track/pathway unresolved; MCDA score incomplete",,,,,,,,,,,,,,,,
intake-032,TOPAZ SNOW PC,ACTIVE,Desktop,desktop,Complete_System,UNKNOWN,UNKNOWN,RTX 5070 Ti,16.0,UNKNOWN,UNKNOWN,UNKNOWN,2699.0,No,,New,UNKNOWN,Unverified,UNKNOWN,UNKNOWN,UNKNOWN,2026-05-05_notebooklm_batch1_processed,cards/intake-032_topaz-snow-pc.md,,Passed gates,Unverified — confirm specs before scoring; AU stock: UNKNOWN,intake-032,Candidate,,,,,,,,,,,NEEDS_REVIEW,"missing MCDA: Performance_Headroom, Price_Value, Future_Proof, Portability, Track2_Avoidance; AU stock not confirmed; track/pathway unresolved; MCDA score incomplete",,,,,,,,,,,,,,,,
intake-033,VISION ONYX PC,ACTIVE,Desktop,desktop,Complete_System,UNKNOWN,UNKNOWN,RTX 5080,16.0,UNKNOWN,UNKNOWN,UNKNOWN,3999.0,No,,New,UNKNOWN,Unverified,UNKNOWN,UNKNOWN,UNKNOWN,2026-05-05_notebooklm_batch1_processed,cards/intake-033_vision-onyx-pc.md,,Passed gates,Unverified — confirm specs before scoring; AU stock: UNKNOWN,intake-033,Candidate,,,,,,,,,,,NEEDS_REVIEW,"missing MCDA: Performance_Headroom, Price_Value, Future_Proof, Portability, Track2_Avoidance; AU stock not confirmed; track/pathway unresolved; MCDA score incomplete",,,,,,,,,,,,,,,,
intake-037,Thermaltake Horizon Xtreme tower + X1 Carbon,ACTIVE,Desktop,desktop,Complete_System,UNKNOWN,UNKNOWN,RTX 4080 Super,16.0,UNKNOWN,UNKNOWN,UNKNOWN,4543.0,No,,New,UNKNOWN,Unverified,UNKNOWN,UNKNOWN,UNKNOWN,2026-05-05_notebooklm_batch1_processed,cards/intake-037_thermaltake-horizon-xtreme-tower-x1-carbon.md,,Passed gates,Unverified — confirm specs before scoring; AU stock: UNKNOWN,intake-037,Candidate,,,,,,,,,,,NEEDS_REVIEW,"missing MCDA: Performance_Headroom, Price_Value, Future_Proof, Portability, Track2_Avoidance; AU stock not confirmed; track/pathway unresolved; MCDA score incomplete",,,,,,,,,,,,,,,,
intake-041,ACT Dell 3650 + A4000,ACTIVE,Desktop,desktop,Complete_System,UNKNOWN,UNKNOWN,RTX A4000,16.0,UNKNOWN,UNKNOWN,UNKNOWN,1800.0,No,,Refurbished,UNKNOWN,Unverified,UNKNOWN,UNKNOWN,UNKNOWN,2026-05-05_notebooklm_batch1_processed,cards/intake-041_act-dell-3650-a4000.md,,Passed gates,Unverified — confirm specs before scoring; AU stock: UNKNOWN,intake-041,Candidate,,,,,,,,,,,NEEDS_REVIEW,"missing MCDA: Performance_Headroom, Price_Value, Future_Proof, Portability, Track2_Avoidance; AU stock not confirmed; track/pathway unresolved; MCDA score incomplete",,,,,,,,,,,,,,,,
intake-043,PLE Pixel 5070 Ti,ACTIVE,Desktop,desktop,Complete_System,UNKNOWN,UNKNOWN,RTX 5070 Ti,16.0,UNKNOWN,UNKNOWN,UNKNOWN,3799.0,No,,New,UNKNOWN,Unverified,UNKNOWN,UNKNOWN,UNKNOWN,2026-05-05_notebooklm_batch1_processed,cards/intake-043_ple-pixel-5070-ti.md,,Passed gates,Unverified — confirm specs before scoring; AU stock: UNKNOWN,intake-043,Candidate,,,,,,,,,,,NEEDS_REVIEW,"missing MCDA: Performance_Headroom, Price_Value, Future_Proof, Portability, Track2_Avoidance; AU stock not confirmed; track/pathway unresolved; MCDA score incomplete",,,,,,,,,,,,,,,,
intake-044,Scorptec Eclipse RTX 5070 Ti Gaming PC,ACTIVE,Desktop,desktop,Complete_System,UNKNOWN,UNKNOWN,RTX 5070 Ti,16.0,UNKNOWN,UNKNOWN,UNKNOWN,3399.0,No,,New,UNKNOWN,Verified,UNKNOWN,UNKNOWN,UNKNOWN,2026-05-05_notebooklm_batch1_processed,cards/intake-044_scorptec-eclipse-rtx-5070-ti-gaming-pc.md,,Passed gates,AU stock: UNKNOWN,intake-044,Candidate,,,,,,,,,,,NEEDS_REVIEW,"missing MCDA: Performance_Headroom, Price_Value, Future_Proof, Portability, Track2_Avoidance; AU stock not confirmed; track/pathway unresolved; MCDA score incomplete",,,,,,,,,,,,,,,,
intake-046,Acer Predator Orion 7000 RTX 4080 refurbished,ACTIVE,Desktop,desktop,Complete_System,UNKNOWN,UNKNOWN,RTX 4080,16.0,UNKNOWN,UNKNOWN,UNKNOWN,3699.0,No,,Refurbished,UNKNOWN,Unverified,UNKNOWN,UNKNOWN,UNKNOWN,2026-05-05_notebooklm_batch1_processed,cards/intake-046_acer-predator-orion-7000-rtx-4080-refurbished.md,,Passed gates,Unverified — confirm specs before scoring; AU stock: UNKNOWN,intake-046,Candidate,,,,,,,,,,,NEEDS_REVIEW,"missing MCDA: Performance_Headroom, Price_Value, Future_Proof, Portability, Track2_Avoidance; AU stock not confirmed; track/pathway unresolved; MCDA score incomplete",,,,,,,,,,,,,,,,
intake-054,CONSTELLAR ONYX PC — RTX 4080 SUPER,ACTIVE,Desktop,desktop,Complete_System,UNKNOWN,UNKNOWN,RTX 4080 Super,16.0,UNKNOWN,UNKNOWN,UNKNOWN,4099.0,No,,UNKNOWN,UNKNOWN,Unverified,UNKNOWN,UNKNOWN,UNKNOWN,2026-05-05_notebooklm_batch1_processed,cards/intake-054_constellar-onyx-pc-rtx-4080-super.md,,Passed gates,Unverified — confirm specs before scoring; AU stock: UNKNOWN,intake-054,Candidate,,,,,,,,,,,NEEDS_REVIEW,"missing MCDA: Performance_Headroom, Price_Value, Future_Proof, Portability, Track2_Avoidance; AU stock not confirmed; track/pathway unresolved; MCDA score incomplete",,,,,,,,,,,,,,,,
intake-055,Scorptec 32-Core Compute Platform,ACTIVE,Desktop,desktop,Complete_System,UNKNOWN,UNKNOWN,RTX PRO 4000,16.0,UNKNOWN,UNKNOWN,UNKNOWN,UNKNOWN,No,Yes,New,UNKNOWN,Unverified,UNKNOWN,UNKNOWN,UNKNOWN,2026-05-05_notebooklm_batch1_processed,cards/intake-055_scorptec-32-core-compute-platform.md,,Passed gates,Price UNKNOWN — research required; Unverified — confirm specs before scoring; AU stock: UNKNOWN,intake-055,Candidate,,,,,,,,,,,NEEDS_REVIEW,"missing MCDA: Performance_Headroom, Price_Value, Future_Proof, Portability, Track2_Avoidance; price UNKNOWN; AU stock not confirmed; track/pathway unresolved; MCDA score incomplete",,,,,,,,,,,,,,,,
10_alienware-aurora-r11-rtx-3090-refurbished,Alienware Aurora R11 Gaming PC,ACTIVE,Desktop,desktop_gaming_refurbished,Complete_System,UNKNOWN,UNKNOWN,NVIDIA RTX 3090 (24 GB),24.0,UNKNOWN,UNKNOWN,UNKNOWN,2300.0,No,,UNKNOWN,UNKNOWN,UNKNOWN,UNKNOWN,UNKNOWN,UNKNOWN,UNKNOWN,cards/10_alienware-aurora-r11-rtx-3090-refurbished.md,,Passed gates,Unverified — confirm specs before scoring; AU stock: UNKNOWN,10_alienware-aurora-r11-rtx-3090-refurbished,Candidate,,,,,,,,,,,NEEDS_REVIEW,"missing MCDA: Performance_Headroom, Price_Value, Future_Proof, Portability, Track2_Avoidance; AU stock not confirmed; track/pathway unresolved; MCDA score incomplete",,,,,,,,,,,,,,,,
28_hp-z4-g4-rtx-3090-refurbished,HP Z4 G4 Workstation + Used RTX 3090 24 GB,ACTIVE,Desktop,desktop,Complete_System,UNKNOWN,UNKNOWN,NVIDIA GeForce RTX 3090 (24 GB),24.0,UNKNOWN,UNKNOWN,UNKNOWN,UNKNOWN,No,Yes,UNKNOWN,UNKNOWN,UNKNOWN,UNKNOWN,UNKNOWN,UNKNOWN,UNKNOWN,cards/28_hp-z4-g4-rtx-3090-refurbished.md,,Passed gates,Price UNKNOWN — research required; Unverified — confirm specs before scoring; AU stock: UNKNOWN,28_hp-z4-g4-rtx-3090-refurbished,Candidate,,,,,,,,,,,NEEDS_REVIEW,"missing MCDA: Performance_Headroom, Price_Value, Future_Proof, Portability, Track2_Avoidance; price UNKNOWN; AU stock not confirmed; track/pathway unresolved; MCDA score incomplete",,,,,,,,,,,,,,,,
intake-002,Supertech Computers RTX 4090 Gaming PC,ACTIVE,Desktop,desktop,Complete_System,UNKNOWN,UNKNOWN,RTX 4090,24.0,UNKNOWN,UNKNOWN,UNKNOWN,5799.0,Yes,,New,UNKNOWN,Unverified,UNKNOWN,UNKNOWN,UNKNOWN,2026-05-05_notebooklm_batch1_processed,cards/intake-002_supertech-computers-rtx-4090-gaming-pc.md,≥ 24.0GB VRAM allows budget stretch to $6000.0,Passed via exceptional override,"Exceeds $5,000 AUD budget (price: $5,799.00) [ALLOWED: ≥ 24.0GB VRAM allows budget stretch to $6000.0]; Unverified — confirm specs before scoring; AU stock: UNKNOWN",intake-002,Candidate,,,,,,,,,,,NEEDS_REVIEW,"missing MCDA: Performance_Headroom, Price_Value, Future_Proof, Portability, Track2_Avoidance; AU stock not confirmed; track/pathway unresolved; MCDA score incomplete",,,,,,,,,,,,,,,,
intake-003,Dell Precision 5820 Tower Bundle,ACTIVE,Desktop,desktop,Complete_System,2,B,RTX 3090,24.0,UNKNOWN,UNKNOWN,UNKNOWN,3558.0,No,,Refurbished,UNKNOWN,Verified,Yes,UNKNOWN,UNKNOWN,2026-05-05_notebooklm_batch1_processed,cards/intake-003_dell-precision-5820-tower-bundle.md,,Passed gates,,intake-003,Candidate,,,,,,,,,,,NEEDS_REVIEW,"missing MCDA: Performance_Headroom, Price_Value, Future_Proof, Portability, Track2_Avoidance; MCDA score incomplete",,,,,,,,,,,,,,,,
intake-004,HP Z4 G4 Workstation (Refurbished Base),ACTIVE,Desktop,desktop,Complete_System,2,B,RTX 3090,24.0,UNKNOWN,UNKNOWN,UNKNOWN,3500.0,No,,Refurbished,UNKNOWN,Unverified,Low,UNKNOWN,UNKNOWN,2026-05-05_notebooklm_batch1_processed,cards/intake-004_hp-z4-g4-workstation-refurbished-base.md,,Passed gates,Unverified — confirm specs before scoring,intake-004,Candidate,,,,,,,,,,,NEEDS_REVIEW,"missing MCDA: Performance_Headroom, Price_Value, Future_Proof, Portability, Track2_Avoidance; AU stock not confirmed; MCDA score incomplete",,,,,,,,,,,,,,,,
intake-005,Dell Precision T7910 (Refurbished Base),ACTIVE,Desktop,desktop,Complete_System,2,B,RTX 3090,24.0,UNKNOWN,UNKNOWN,UNKNOWN,1875.0,No,,Refurbished,UNKNOWN,Unverified,Yes,UNKNOWN,UNKNOWN,2026-05-05_notebooklm_batch1_processed,cards/intake-005_dell-precision-t7910-refurbished-base.md,,Passed gates,Unverified — confirm specs before scoring,intake-005,Candidate,,,,,,,,,,,NEEDS_REVIEW,"missing MCDA: Performance_Headroom, Price_Value, Future_Proof, Portability, Track2_Avoidance; MCDA score incomplete",,,,,,,,,,,,,,,,
intake-006,Alienware Aurora R12 (Refurbished),ACTIVE,Desktop,desktop,Complete_System,1.5,UNKNOWN,RTX 3090,24.0,UNKNOWN,UNKNOWN,UNKNOWN,3884.0,No,,Refurbished,UNKNOWN,Unverified,Yes,UNKNOWN,UNKNOWN,2026-05-05_notebooklm_batch1_processed,cards/intake-006_alienware-aurora-r12-refurbished.md,,Passed gates,Unverified — confirm specs before scoring,intake-006,Candidate,,,,,,,,,,,NEEDS_REVIEW,"missing MCDA: Performance_Headroom, Price_Value, Future_Proof, Portability, Track2_Avoidance; MCDA score incomplete",,,,,,,,,,,,,,,,
intake-019,Pro build,ACTIVE,Desktop,diy build,Complete_System,UNKNOWN,UNKNOWN,RTX 4090,24.0,UNKNOWN,UNKNOWN,UNKNOWN,2899.0,No,,New,UNKNOWN,Unverified,UNKNOWN,UNKNOWN,UNKNOWN,2026-05-05_notebooklm_batch1_processed,cards/intake-019_pro-build.md,,Passed gates,Unverified — confirm specs before scoring; AU stock: UNKNOWN,intake-019,Candidate,,,,,,,,,,,NEEDS_REVIEW,"missing MCDA: Performance_Headroom, Price_Value, Future_Proof, Portability, Track2_Avoidance; AU stock not confirmed; track/pathway unresolved; MCDA score incomplete",,,,,,,,,,,,,,,,
intake-022,Gaming PC Intel i9-12th Gen NVIDIA RTX 3090,ACTIVE,Desktop,desktop,Complete_System,UNKNOWN,UNKNOWN,RTX 3090,24.0,UNKNOWN,UNKNOWN,UNKNOWN,5271.98,Yes,,New,UNKNOWN,Unverified,UNKNOWN,UNKNOWN,UNKNOWN,2026-05-05_notebooklm_batch1_processed,cards/intake-022_gaming-pc-intel-i9-12th-gen-nvidia-rtx-3090.md,≥ 24.0GB VRAM allows budget stretch to $6000.0,Passed via exceptional override,"Exceeds $5,000 AUD budget (price: $5,271.98) [ALLOWED: ≥ 24.0GB VRAM allows budget stretch to $6000.0]; Unverified — confirm specs before scoring; AU stock: UNKNOWN",intake-022,Candidate,,,,,,,,,,,NEEDS_REVIEW,"missing MCDA: Performance_Headroom, Price_Value, Future_Proof, Portability, Track2_Avoidance; AU stock not confirmed; track/pathway unresolved; MCDA score incomplete",,,,,,,,,,,,,,,,
intake-023,Gaming PC Jonsbo MOD 5 ASRock x570 Aqua,ACTIVE,Desktop,desktop,Complete_System,UNKNOWN,UNKNOWN,RTX 3090,24.0,UNKNOWN,UNKNOWN,UNKNOWN,3898.3,No,,Refurbished,UNKNOWN,Unverified,UNKNOWN,UNKNOWN,UNKNOWN,2026-05-05_notebooklm_batch1_processed,cards/intake-023_gaming-pc-jonsbo-mod-5-asrock-x570-aqua.md,,Passed gates,Unverified — confirm specs before scoring; AU stock: UNKNOWN,intake-023,Candidate,,,,,,,,,,,NEEDS_REVIEW,"missing MCDA: Performance_Headroom, Price_Value, Future_Proof, Portability, Track2_Avoidance; AU stock not confirmed; track/pathway unresolved; MCDA score incomplete",,,,,,,,,,,,,,,,
intake-035,Specialized EVGA 3090 Custom Build,ACTIVE,Desktop,desktop,Complete_System,UNKNOWN,UNKNOWN,RTX 3090,24.0,UNKNOWN,UNKNOWN,UNKNOWN,2953.0,No,,Refurbished,UNKNOWN,Unverified,UNKNOWN,UNKNOWN,UNKNOWN,2026-05-05_notebooklm_batch1_processed,cards/intake-035_specialized-evga-3090-custom-build.md,,Passed gates,Unverified — confirm specs before scoring; AU stock: UNKNOWN,intake-035,Candidate,,,,,,,,,,,NEEDS_REVIEW,"missing MCDA: Performance_Headroom, Price_Value, Future_Proof, Portability, Track2_Avoidance; AU stock not confirmed; track/pathway unresolved; MCDA score incomplete",,,,,,,,,,,,,,,,
intake-040,Recompute Dell Precision 5820 Tower + ACT ThinkPad,ACTIVE,Desktop,desktop,Complete_System,2,B,RTX 3090,24.0,UNKNOWN,UNKNOWN,UNKNOWN,3558.0,No,,Refurbished,UNKNOWN,Verified,Yes,UNKNOWN,UNKNOWN,2026-05-05_notebooklm_batch1_processed,cards/intake-040_recompute-dell-precision-5820-tower-act-thinkpad.md,,Passed gates,,intake-040,Candidate,,,,,,,,,,,NEEDS_REVIEW,"missing MCDA: Performance_Headroom, Price_Value, Future_Proof, Portability, Track2_Avoidance; MCDA score incomplete",,,,,,,,,,,,,,,,
intake-042,HP Z4 G4 + used 3090,ACTIVE,Desktop,desktop,Complete_System,2,B,RTX 3090,24.0,UNKNOWN,UNKNOWN,UNKNOWN,2800.0,No,,Refurbished,UNKNOWN,Unverified,Mixed,UNKNOWN,UNKNOWN,2026-05-05_notebooklm_batch1_processed,cards/intake-042_hp-z4-g4-used-3090.md,,Passed gates,Unverified — confirm specs before scoring,intake-042,Candidate,,,,,,,,,,,NEEDS_REVIEW,"missing MCDA: Performance_Headroom, Price_Value, Future_Proof, Portability, Track2_Avoidance; AU stock not confirmed; MCDA score incomplete",,,,,,,,,,,,,,,,
intake-047,Alienware Aurora R12 RTX 3090 refurbished,ACTIVE,Desktop,desktop,Complete_System,UNKNOWN,UNKNOWN,RTX 3090,24.0,UNKNOWN,UNKNOWN,UNKNOWN,3884.0,No,,Refurbished,UNKNOWN,Unverified,UNKNOWN,UNKNOWN,UNKNOWN,2026-05-05_notebooklm_batch1_processed,cards/intake-047_alienware-aurora-r12-rtx-3090-refurbished.md,,Passed gates,Unverified — confirm specs before scoring; AU stock: UNKNOWN,intake-047,Candidate,,,,,,,,,,,NEEDS_REVIEW,"missing MCDA: Performance_Headroom, Price_Value, Future_Proof, Portability, Track2_Avoidance; AU stock not confirmed; track/pathway unresolved; MCDA score incomplete",,,,,,,,,,,,,,,,
intake-066,Dell Precision 5820 Tower Workstation (32GB RAM),ACTIVE,Desktop,desktop,Complete_System,2,B,RTX 3090,24.0,UNKNOWN,UNKNOWN,UNKNOWN,2399.0,No,,Refurbished,UNKNOWN,Verified,Yes,UNKNOWN,UNKNOWN,2026-05-05_notebooklm_batch1_processed,cards/intake-066_dell-precision-5820-tower-workstation-32gb-ram.md,,Passed gates,,intake-066,Candidate,,,,,,,,,,,NEEDS_REVIEW,"missing MCDA: Performance_Headroom, Price_Value, Future_Proof, Portability, Track2_Avoidance; MCDA score incomplete",,,,,,,,,,,,,,,,
intake-024,Skytech Prism 4 Gaming PC,ACTIVE,Desktop,desktop,Complete_System,UNKNOWN,UNKNOWN,RTX 5090,32.0,UNKNOWN,UNKNOWN,UNKNOWN,6599.98,Yes,,New,UNKNOWN,Unverified,UNKNOWN,UNKNOWN,UNKNOWN,2026-05-05_notebooklm_batch1_processed,cards/intake-024_skytech-prism-4-gaming-pc.md,,Passed gates,"Exceeds $5,000 AUD budget (price: $6,599.98); Unverified — confirm specs before scoring; AU stock: UNKNOWN",intake-024,Candidate,,,,,,,,,,,NEEDS_REVIEW,"missing MCDA: Performance_Headroom, Price_Value, Future_Proof, Portability, Track2_Avoidance; AU stock not confirmed; track/pathway unresolved; MCDA score incomplete",,,,,,,,,,,,,,,,
intake-025,HP OMEN 45L GT22-3090 Gaming PC,ACTIVE,Desktop,desktop,Complete_System,UNKNOWN,UNKNOWN,RTX 5090,32.0,UNKNOWN,UNKNOWN,UNKNOWN,7499.98,Yes,,New,UNKNOWN,Unverified,UNKNOWN,UNKNOWN,UNKNOWN,2026-05-05_notebooklm_batch1_processed,cards/intake-025_hp-omen-45l-gt22-3090-gaming-pc.md,,Passed gates,"Exceeds $5,000 AUD budget (price: $7,499.98); Unverified — confirm specs before scoring; AU stock: UNKNOWN",intake-025,Candidate,,,,,,,,,,,NEEDS_REVIEW,"missing MCDA: Performance_Headroom, Price_Value, Future_Proof, Portability, Track2_Avoidance; AU stock not confirmed; track/pathway unresolved; MCDA score incomplete",,,,,,,,,,,,,,,,
intake-026,CLX Horus Gaming Desktop,ACTIVE,Desktop,desktop,Complete_System,UNKNOWN,UNKNOWN,RTX 5090,32.0,UNKNOWN,UNKNOWN,UNKNOWN,9899.98,Yes,,New,UNKNOWN,Unverified,UNKNOWN,UNKNOWN,UNKNOWN,2026-05-05_notebooklm_batch1_processed,cards/intake-026_clx-horus-gaming-desktop.md,,Passed gates,"Exceeds $5,000 AUD budget (price: $9,899.98); Unverified — confirm specs before scoring; AU stock: UNKNOWN",intake-026,Candidate,,,,,,,,,,,NEEDS_REVIEW,"missing MCDA: Performance_Headroom, Price_Value, Future_Proof, Portability, Track2_Avoidance; AU stock not confirmed; track/pathway unresolved; MCDA score incomplete",,,,,,,,,,,,,,,,
intake-062,Allied M.O.A.B-A: RTX 5090 32GB Gaming PC,ACTIVE,Desktop,desktop,Complete_System,UNKNOWN,UNKNOWN,RTX 5090,32.0,UNKNOWN,UNKNOWN,UNKNOWN,UNKNOWN,No,Yes,New,UNKNOWN,Unverified,UNKNOWN,UNKNOWN,UNKNOWN,2026-05-05_notebooklm_batch1_processed,cards/intake-062_allied-moab-a-rtx-5090-32gb-gaming-pc.md,,Passed gates,Price UNKNOWN — research required; Unverified — confirm specs before scoring; AU stock: UNKNOWN,intake-062,Candidate,,,,,,,,,,,NEEDS_REVIEW,"missing MCDA: Performance_Headroom, Price_Value, Future_Proof, Portability, Track2_Avoidance; price UNKNOWN; AU stock not confirmed; track/pathway unresolved; MCDA score incomplete",,,,,,,,,,,,,,,,
intake-063,Scorptec Vengeance RTX 5090 Gaming PC,ACTIVE,Desktop,desktop,Complete_System,UNKNOWN,UNKNOWN,RTX 5090,32.0,UNKNOWN,UNKNOWN,UNKNOWN,UNKNOWN,No,Yes,New,UNKNOWN,Unverified,UNKNOWN,UNKNOWN,UNKNOWN,2026-05-05_notebooklm_batch1_processed,cards/intake-063_scorptec-vengeance-rtx-5090-gaming-pc.md,,Passed gates,Price UNKNOWN — research required; Unverified — confirm specs before scoring; AU stock: UNKNOWN,intake-063,Candidate,,,,,,,,,,,NEEDS_REVIEW,"missing MCDA: Performance_Headroom, Price_Value, Future_Proof, Portability, Track2_Avoidance; price UNKNOWN; AU stock not confirmed; track/pathway unresolved; MCDA score incomplete",,,,,,,,,,,,,,,,
intake-064,AETHER : LVL 10 ICE MAX RTX 5090 Desktop PC,ACTIVE,Desktop,desktop,Complete_System,UNKNOWN,UNKNOWN,RTX 5090,32.0,UNKNOWN,UNKNOWN,UNKNOWN,UNKNOWN,No,Yes,New,UNKNOWN,Unverified,UNKNOWN,UNKNOWN,UNKNOWN,2026-05-05_notebooklm_batch1_processed,cards/intake-064_aether-lvl-10-ice-max-rtx-5090-desktop-pc.md,,Passed gates,Price UNKNOWN — research required; Unverified — confirm specs before scoring; AU stock: UNKNOWN,intake-064,Candidate,,,,,,,,,,,NEEDS_REVIEW,"missing MCDA: Performance_Headroom, Price_Value, Future_Proof, Portability, Track2_Avoidance; price UNKNOWN; AU stock not confirmed; track/pathway unresolved; MCDA score incomplete",,,,,,,,,,,,,,,,
intake-001,Dual RTX 3090 24GB GPU Pro Workstation (Pure 501 Black),ACTIVE,Desktop,desktop,Complete_System,UNKNOWN,UNKNOWN,RTX 3090,48.0,UNKNOWN,UNKNOWN,UNKNOWN,5998.5,Yes,,New,UNKNOWN,Unverified,UNKNOWN,UNKNOWN,UNKNOWN,2026-05-05_notebooklm_batch1_processed,cards/intake-001_dual-rtx-3090-24gb-gpu-pro-workstation-pure-501-black.md,≥ 24.0GB VRAM allows budget stretch to $6000.0,Passed via exceptional override,"Exceeds $5,000 AUD budget (price: $5,998.50) [ALLOWED: ≥ 24.0GB VRAM allows budget stretch to $6000.0]; Unverified — confirm specs before scoring; AU stock: UNKNOWN",intake-001,Candidate,,,,,,,,,,,NEEDS_REVIEW,"missing MCDA: Performance_Headroom, Price_Value, Future_Proof, Portability, Track2_Avoidance; AU stock not confirmed; track/pathway unresolved; MCDA score incomplete",,,,,,,,,,,,,,,,
intake-028,Dual RTX 4090 24GB GPU Pro Workstation,ACTIVE,Desktop,desktop,Complete_System,UNKNOWN,UNKNOWN,RTX 4090,48.0,UNKNOWN,UNKNOWN,UNKNOWN,11998.5,Yes,,New,UNKNOWN,Unverified,UNKNOWN,UNKNOWN,UNKNOWN,2026-05-05_notebooklm_batch1_processed,cards/intake-028_dual-rtx-4090-24gb-gpu-pro-workstation.md,,Passed gates,"Exceeds $5,000 AUD budget (price: $11,998.50); Unverified — confirm specs before scoring; AU stock: UNKNOWN",intake-028,Candidate,,,,,,,,,,,NEEDS_REVIEW,"missing MCDA: Performance_Headroom, Price_Value, Future_Proof, Portability, Track2_Avoidance; AU stock not confirmed; track/pathway unresolved; MCDA score incomplete",,,,,,,,,,,,,,,,
intake-056,Scorptec Blackwell PRO Workstation,ACTIVE,Desktop,desktop,Complete_System,UNKNOWN,UNKNOWN,RTX PRO 5000 Blackwell,48.0,UNKNOWN,UNKNOWN,UNKNOWN,UNKNOWN,No,Yes,New,UNKNOWN,Unverified,UNKNOWN,UNKNOWN,UNKNOWN,2026-05-05_notebooklm_batch1_processed,cards/intake-056_scorptec-blackwell-pro-workstation.md,,Passed gates,Price UNKNOWN — research required; Unverified — confirm specs before scoring; AU stock: UNKNOWN,intake-056,Candidate,,,,,,,,,,,NEEDS_REVIEW,"missing MCDA: Performance_Headroom, Price_Value, Future_Proof, Portability, Track2_Avoidance; price UNKNOWN; AU stock not confirmed; track/pathway unresolved; MCDA score incomplete",,,,,,,,,,,,,,,,
intake-029,Dual RTX 5090 32GB GPU Pro Workstation,ACTIVE,Desktop,desktop,Complete_System,UNKNOWN,UNKNOWN,RTX 5090,64.0,UNKNOWN,UNKNOWN,UNKNOWN,14998.5,Yes,,New,UNKNOWN,Unverified,UNKNOWN,UNKNOWN,UNKNOWN,2026-05-05_notebooklm_batch1_processed,cards/intake-029_dual-rtx-5090-32gb-gpu-pro-workstation.md,,Passed gates,"Exceeds $5,000 AUD budget (price: $14,998.50); Unverified — confirm specs before scoring; AU stock: UNKNOWN",intake-029,Candidate,,,,,,,,,,,NEEDS_REVIEW,"missing MCDA: Performance_Headroom, Price_Value, Future_Proof, Portability, Track2_Avoidance; AU stock not confirmed; track/pathway unresolved; MCDA score incomplete",,,,,,,,,,,,,,,,
40_minisforum-ai-x1-pro-strix-halo,"Minisforum AI X1 Pro — AMD Ryzen AI Max+ (Strix Halo, up to 128 GB)",ACTIVE,Desktop,mini-pc,Complete_System,UNKNOWN,Track2-C,AMD Radeon integrated Strix Halo GPU (unified memory),6496128.0,UNKNOWN,UNKNOWN,UNKNOWN,UNKNOWN,No,Yes,UNKNOWN,UNKNOWN,UNKNOWN,UNKNOWN,UNKNOWN,UNKNOWN,UNKNOWN,cards/40_minisforum-ai-x1-pro-strix-halo.md,,Passed gates,Price UNKNOWN — research required; Unverified — confirm specs before scoring; AU stock: UNKNOWN,40_minisforum-ai-x1-pro-strix-halo,Candidate,,,,,,,,,,,NEEDS_REVIEW,"missing MCDA: Performance_Headroom, Price_Value, Future_Proof, Portability, Track2_Avoidance; price UNKNOWN; AU stock not confirmed; track/pathway unresolved; MCDA score incomplete",,,,,,,,,,,,,,,,
056_alienware-area-51-18-rtx-5070-ti-ebay-mkt-015,Dell Laptop Alienware 18 Area-51 18in Ultra 9 275HX 2TB RTX 5070 Ti,Watchlist,Laptop,laptop,Complete_System,1,1A,RTX 5070 Ti Laptop,UNKNOWN,UNKNOWN,UNKNOWN,UNKNOWN,UNKNOWN,No,Yes,Brand new,UNKNOWN,Needs Verification,No,UNKNOWN,UNKNOWN,UNKNOWN,cards/056_alienware-area-51-18-rtx-5070-ti-ebay-mkt-015.md,,Passed gates,Price UNKNOWN — research required; AU stock: No,056_alienware-area-51-18-rtx-5070-ti-ebay-mkt-015,Candidate,,,,,,,,,,,NEEDS_REVIEW,"missing MCDA: Performance_Headroom, Price_Value, Future_Proof, Portability, Track2_Avoidance; price UNKNOWN; AU stock not confirmed; VRAM UNKNOWN; screen size UNKNOWN; MCDA score incomplete",,,,,,,,,,,,,,,,
057_alienware-area-51-18-rtx-5070-ti-ebay-mkt-016,Alienware 18 Area-51 18in QHD+ Ultra 9 32GB 2TB RTX 5070 Ti,Watchlist,Laptop,laptop,Complete_System,1,1A,RTX 5070 Ti Laptop,UNKNOWN,UNKNOWN,UNKNOWN,UNKNOWN,2981.0,No,,Brand new,UNKNOWN,Needs Verification,No,UNKNOWN,UNKNOWN,UNKNOWN,cards/057_alienware-area-51-18-rtx-5070-ti-ebay-mkt-016.md,,Passed gates,AU stock: No,057_alienware-area-51-18-rtx-5070-ti-ebay-mkt-016,Candidate,,,,,,,,,,,NEEDS_REVIEW,"missing MCDA: Performance_Headroom, Price_Value, Future_Proof, Portability, Track2_Avoidance; AU stock not confirmed; VRAM UNKNOWN; screen size UNKNOWN; MCDA score incomplete",,,,,,,,,,,,,,,,
37_lenovo-legion-9i-gen10-direct,,BUY_CANDIDATE,Laptop,laptop,Complete_System,1,1A,NVIDIA RTX 5080 (16 GB) or RTX 5090 (24 GB) Laptop GPU,UNKNOWN,UNKNOWN,18.0,UNKNOWN,6279.0,Yes,,New,Lenovo AU Direct (EDU/Pro + Cashback),User Verified (effective price),Yes,UNKNOWN,UNKNOWN,manual_user_submission,cards/37_lenovo-legion-9i-gen10-direct.md,,Passed gates,"Exceeds $5,000 AUD budget (price: $6,279.00)",37_lenovo-legion-9i-gen10-direct,Candidate,,,,,,,,,,,NEEDS_REVIEW,"missing MCDA: Performance_Headroom, Price_Value, Future_Proof, Portability, Track2_Avoidance; price > Track 1 cap (5000 AUD); VRAM UNKNOWN; MCDA score incomplete",,,,,,,,,,,,,,,,
39_msi-raider-a18-hx-refurb,MSI Raider A18 HX (Remanufactured),ACTIVE,Laptop,laptop,Complete_System,UNKNOWN,UNKNOWN,NVIDIA RTX 4080 Laptop GPU (12 GB),UNKNOWN,UNKNOWN,18.0,UNKNOWN,3972.0,No,,UNKNOWN,UNKNOWN,UNKNOWN,UNKNOWN,UNKNOWN,UNKNOWN,UNKNOWN,cards/39_msi-raider-a18-hx-refurb.md,,Passed gates,Unverified — confirm specs before scoring; AU stock: UNKNOWN,39_msi-raider-a18-hx-refurb,Candidate,,,,,,,,,,,NEEDS_REVIEW,"missing MCDA: Performance_Headroom, Price_Value, Future_Proof, Portability, Track2_Avoidance; AU stock not confirmed; track/pathway unresolved; MCDA score incomplete",,,,,,,,,,,,,,,,
40_msi-katana-17-hx,MSI Katana 17 HX,ACTIVE,Laptop,laptop,Complete_System,UNKNOWN,UNKNOWN,NVIDIA RTX 5070 Laptop GPU (8 GB),UNKNOWN,UNKNOWN,17.0,UNKNOWN,2798.0,No,,UNKNOWN,UNKNOWN,UNKNOWN,UNKNOWN,UNKNOWN,UNKNOWN,UNKNOWN,cards/40_msi-katana-17-hx.md,,Passed gates,Unverified — confirm specs before scoring; AU stock: UNKNOWN,40_msi-katana-17-hx,Candidate,,,,,,,,,,,NEEDS_REVIEW,"missing MCDA: Performance_Headroom, Price_Value, Future_Proof, Portability, Track2_Avoidance; AU stock not confirmed; track/pathway unresolved; MCDA score incomplete",,,,,,,,,,,,,,,,
A2XWJG-078AU_msi_vector_17_hx,,BUY_CANDIDATE,Laptop,laptop,Complete_System,1A,1A,NVIDIA GeForce RTX 5080 Laptop,UNKNOWN,UNKNOWN,17.0,Flagged,4999.0,No,,UNKNOWN,MSY (User Verified),UNKNOWN,UNKNOWN,UNKNOWN,UNKNOWN,UNKNOWN,cards/A2XWJG-078AU_msi_vector_17_hx.md,,Passed gates,Unverified — confirm specs before scoring; AU stock: UNKNOWN,A2XWJG-078AU_msi_vector_17_hx,Candidate,,,,,,,,,,,NEEDS_REVIEW,"missing MCDA: Performance_Headroom, Price_Value, Future_Proof, Portability, Track2_Avoidance; AU stock not confirmed; VRAM UNKNOWN; MCDA score incomplete",,,,,,,,,,,,,,,,
A9WIG-082US_msi_raider_a18_hx,,WATCHLIST,Laptop,laptop,Complete_System,1,1A,NVIDIA GeForce RTX 5080 Laptop GPU,UNKNOWN,UNKNOWN,18.0,UNKNOWN,5359.0,Yes,,New,B&H Photo (US Import),Verified,No,UNKNOWN,UNKNOWN,manual_user_submission,cards/A9WIG-082US_msi_raider_a18_hx.md,,Passed gates,"Exceeds $5,000 AUD budget (price: $5,359.00); AU stock: No",A9WIG-082US_msi_raider_a18_hx,Candidate,,,,,,,,,,,NEEDS_REVIEW,"missing MCDA: Performance_Headroom, Price_Value, Future_Proof, Portability, Track2_Avoidance; AU stock not confirmed; price > Track 1 cap (5000 AUD); VRAM UNKNOWN; MCDA score incomplete",,,,,,,,,,,,,,,,
GZ302EA-RU004W_rog_flow_z13,,BUY_CANDIDATE,Laptop,laptop,Complete_System,1,1B,AMD Radeon 8060S (Strix Halo Integrated),UNKNOWN,UNKNOWN,13.4,UNKNOWN,4499.0,No,,New,ASUS Australia,Verified,Yes,UNKNOWN,UNKNOWN,manual_user_submission,cards/GZ302EA-RU004W_rog_flow_z13.md,,Passed gates,,GZ302EA-RU004W_rog_flow_z13,Candidate,,,,,,,,,,,NEEDS_REVIEW,"missing MCDA: Performance_Headroom, Price_Value, Future_Proof, Portability, Track2_Avoidance; unified memory UNKNOWN; MCDA score incomplete",,,,,,,,,,,,,,,,
NBKHNB141202_hp_zbook_ultra_14_g1a,,BUY_CANDIDATE,Laptop,laptop,Complete_System,1B,1B,UNKNOWN,UNKNOWN,UNKNOWN,14.0,UNKNOWN,3699.0,No,,UNKNOWN,JW Computers,UNKNOWN,UNKNOWN,UNKNOWN,UNKNOWN,UNKNOWN,cards/NBKHNB141202_hp_zbook_ultra_14_g1a.md,,Passed gates,Unverified — confirm specs before scoring; AU stock: UNKNOWN,NBKHNB141202_hp_zbook_ultra_14_g1a,Candidate,,,,,,,,,,,NEEDS_REVIEW,"missing MCDA: Performance_Headroom, Price_Value, Future_Proof, Portability, Track2_Avoidance; AU stock not confirmed; unified memory UNKNOWN; Track 1B SoC not confirmed (requires Strix Halo / Ryzen AI Max); MCDA score incomplete",,,,,,,,,,,,,,,,
NBKMSI182020_msi_stealth_18_hx,,PARKED_BELOW_FLOOR,Laptop,laptop,Complete_System,1A,1A,NVIDIA GeForce RTX 5070 Ti Laptop,UNKNOWN,UNKNOWN,18.0,Flagged,4403.81,No,,UNKNOWN,PB Tech,UNKNOWN,UNKNOWN,UNKNOWN,UNKNOWN,UNKNOWN,cards/NBKMSI182020_msi_stealth_18_hx.md,,Passed gates,Unverified — confirm specs before scoring; AU stock: UNKNOWN,NBKMSI182020_msi_stealth_18_hx,Candidate,,,,,,,,,,,NEEDS_REVIEW,"missing MCDA: Performance_Headroom, Price_Value, Future_Proof, Portability, Track2_Avoidance; AU stock not confirmed; VRAM UNKNOWN; MCDA score incomplete",,,,,,,,,,,,,,,,
RZ09-0511_razer_blade_14,,WATCHLIST,Laptop,laptop,Complete_System,1,1A,NVIDIA GeForce RTX 5060 Laptop GPU,UNKNOWN,UNKNOWN,14.0,UNKNOWN,3100.0,No,,New,DigiDirect,Verified,Yes,UNKNOWN,UNKNOWN,manual_user_submission,cards/RZ09-0511_razer_blade_14.md,,Passed gates,,RZ09-0511_razer_blade_14,Candidate,,,,,,,,,,,NEEDS_REVIEW,"missing MCDA: Performance_Headroom, Price_Value, Future_Proof, Portability, Track2_Avoidance; VRAM UNKNOWN; screen size below Track 1A floor (16 in); MCDA score incomplete",,,,,,,,,,,,,,,,
aa182502898_alienware_18_area_51,,BUY_CANDIDATE,Laptop,laptop,Complete_System,1,1A,NVIDIA GeForce RTX 5080 Laptop GPU,UNKNOWN,UNKNOWN,18.0,UNKNOWN,3179.0,No,,Refurbished,Dell Outlet Australia,User Verified,Yes,UNKNOWN,UNKNOWN,manual_user_submission,cards/aa182502898_alienware_18_area_51.md,,Passed gates,,aa182502898_alienware_18_area_51,Candidate,,,,,,,,,,,NEEDS_REVIEW,"missing MCDA: Performance_Headroom, Price_Value, Future_Proof, Portability, Track2_Avoidance; VRAM UNKNOWN; MCDA score incomplete",,,,,,,,,,,,,,,,
asus-rog-flow-z13,ASUS ROG Flow Z13 (2025),ACTIVE,Laptop,laptop,Complete_System,UNKNOWN,UNKNOWN,UNKNOWN,UNKNOWN,UNKNOWN,13.0,UNKNOWN,UNKNOWN,No,Yes,UNKNOWN,UNKNOWN,UNKNOWN,UNKNOWN,UNKNOWN,UNKNOWN,UNKNOWN,cards/asus-rog-flow-z13.md,,Passed gates,Price UNKNOWN — research required; Unverified — confirm specs before scoring; AU stock: UNKNOWN,asus-rog-flow-z13,Candidate,,,,,,,,,,,NEEDS_REVIEW,"missing MCDA: Performance_Headroom, Price_Value, Future_Proof, Portability, Track2_Avoidance; price UNKNOWN; AU stock not confirmed; track/pathway unresolved; MCDA score incomplete",,,,,,,,,,,,,,,,
asus-zenbook-duo-ux8406,ASUS Zenbook Duo UX8406,ACTIVE,Laptop,laptop,Complete_System,UNKNOWN,UNKNOWN,Intel Arc Graphics (Integrated),UNKNOWN,UNKNOWN,14.0,UNKNOWN,UNKNOWN,No,Yes,UNKNOWN,UNKNOWN,UNKNOWN,UNKNOWN,UNKNOWN,UNKNOWN,UNKNOWN,cards/asus-zenbook-duo-ux8406.md,,Passed gates,Price UNKNOWN — research required; Unverified — confirm specs before scoring; AU stock: UNKNOWN,asus-zenbook-duo-ux8406,Candidate,,,,,,,,,,,NEEDS_REVIEW,"missing MCDA: Performance_Headroom, Price_Value, Future_Proof, Portability, Track2_Avoidance; price UNKNOWN; AU stock not confirmed; track/pathway unresolved; MCDA score incomplete",,,,,,,,,,,,,,,,
hp-zbook-ultra-14-g1a,HP ZBook Ultra 14 G1a,ACTIVE,Laptop,laptop,Complete_System,UNKNOWN,UNKNOWN,UNKNOWN,UNKNOWN,16.0,14.0,UNKNOWN,UNKNOWN,No,Yes,UNKNOWN,UNKNOWN,UNKNOWN,UNKNOWN,UNKNOWN,UNKNOWN,UNKNOWN,cards/hp-zbook-ultra-14-g1a.md,,Passed gates,Price UNKNOWN — research required; Unverified — confirm specs before scoring; AU stock: UNKNOWN,hp-zbook-ultra-14-g1a,Candidate,,,,,,,,,,,NEEDS_REVIEW,"missing MCDA: Performance_Headroom, Price_Value, Future_Proof, Portability, Track2_Avoidance; price UNKNOWN; AU stock not confirmed; track/pathway unresolved; MCDA score incomplete",,,,,,,,,,,,,,,,
intake-014,Lenovo ThinkPad T14 / T14s (Refurbished),ACTIVE,Laptop,laptop,Complete_System,UNKNOWN,UNKNOWN,UNKNOWN,UNKNOWN,UNKNOWN,UNKNOWN,UNKNOWN,800.0,No,,Refurbished,UNKNOWN,Unverified,UNKNOWN,UNKNOWN,UNKNOWN,2026-05-05_notebooklm_batch1_processed,cards/intake-014_lenovo-thinkpad-t14-t14s-refurbished.md,,Passed gates,Unverified — confirm specs before scoring; AU stock: UNKNOWN,intake-014,Candidate,,,,,,,,,,,NEEDS_REVIEW,"missing MCDA: Performance_Headroom, Price_Value, Future_Proof, Portability, Track2_Avoidance; AU stock not confirmed; track/pathway unresolved; MCDA score incomplete",,,,,,,,,,,,,,,,
intake-015,Dell Latitude 7330 2-in-1 (Refurbished),ACTIVE,Laptop,laptop,Complete_System,UNKNOWN,UNKNOWN,UNKNOWN,UNKNOWN,UNKNOWN,UNKNOWN,UNKNOWN,1254.0,No,,Refurbished,UNKNOWN,Unverified,UNKNOWN,UNKNOWN,UNKNOWN,2026-05-05_notebooklm_batch1_processed,cards/intake-015_dell-latitude-7330-2-in-1-refurbished.md,,Passed gates,Unverified — confirm specs before scoring; AU stock: UNKNOWN,intake-015,Candidate,,,,,,,,,,,NEEDS_REVIEW,"missing MCDA: Performance_Headroom, Price_Value, Future_Proof, Portability, Track2_Avoidance; AU stock not confirmed; track/pathway unresolved; MCDA score incomplete",,,,,,,,,,,,,,,,
intake-072,HP ZBook Ultra 14 G1a,ACTIVE,Laptop,laptop,Complete_System,UNKNOWN,UNKNOWN,Radeon 8060S,UNKNOWN,UNKNOWN,14.0,UNKNOWN,UNKNOWN,No,Yes,New,UNKNOWN,Needs Verification,UNKNOWN,UNKNOWN,UNKNOWN,2026-05-05_notebooklm_batch1_processed,cards/intake-072_hp-zbook-ultra-14-g1a.md,,Passed gates,Price UNKNOWN — research required; AU stock: UNKNOWN,intake-072,Candidate,,,,,,,,,,,NEEDS_REVIEW,"missing MCDA: Performance_Headroom, Price_Value, Future_Proof, Portability, Track2_Avoidance; price UNKNOWN; AU stock not confirmed; track/pathway unresolved; MCDA score incomplete",,,,,,,,,,,,,,,,
intake-073,Alienware 18 Area-51 (RTX 5070 8GB),REJECTED_BELOW_FLOOR,Laptop,laptop,Complete_System,1,1A,NVIDIA GeForce RTX 5070 Laptop,UNKNOWN,UNKNOWN,18.0,UNKNOWN,3179.0,No,,Used (Replacement unit),UNKNOWN,Verified (User provided specs),Yes,UNKNOWN,UNKNOWN,manual_user_submission,cards/intake-073_ebay-shortlink-hxqmlu.md,,Passed gates,,intake-073,Candidate,,,,,,,,,,,NEEDS_REVIEW,"missing MCDA: Performance_Headroom, Price_Value, Future_Proof, Portability, Track2_Avoidance; VRAM UNKNOWN; MCDA score incomplete",,,,,,,,,,,,,,,,
laptop4134_alienware_m18_r2,,BUY_CANDIDATE,Laptop,laptop,Complete_System,1,1A,NVIDIA GeForce RTX 4090 Laptop GPU,UNKNOWN,UNKNOWN,18.0,UNKNOWN,3899.1,No,,Refurbished,Dell Outlet Australia,User Verified,Yes,UNKNOWN,UNKNOWN,manual_user_submission,cards/laptop4134_alienware_m18_r2.md,,Passed gates,,laptop4134_alienware_m18_r2,Candidate,,,,,,,,,,,NEEDS_REVIEW,"missing MCDA: Performance_Headroom, Price_Value, Future_Proof, Portability, Track2_Avoidance; VRAM UNKNOWN; MCDA score incomplete",,,,,,,,,,,,,,,,
lenovo-legion-pro-7-5080-centrecom,,BUY_CANDIDATE,Laptop,laptop,Complete_System,1,1A,NVIDIA GeForce RTX 5080 Laptop GPU,UNKNOWN,UNKNOWN,16.0,UNKNOWN,4699.0,No,,New,Centre Com,Verified,Yes,UNKNOWN,UNKNOWN,manual_user_submission,cards/lenovo-legion-pro-7-5080-centrecom.md,,Passed gates,,lenovo-legion-pro-7-5080-centrecom,Candidate,,,,,,,,,,,NEEDS_REVIEW,"missing MCDA: Performance_Headroom, Price_Value, Future_Proof, Portability, Track2_Avoidance; VRAM UNKNOWN; MCDA score incomplete",,,,,,,,,,,,,,,,
mikepc_msi_raider_ge68_rtx4090,,BUY_CANDIDATE,Laptop,laptop,Complete_System,1,1A,NVIDIA GeForce RTX 4090 Laptop,UNKNOWN,UNKNOWN,16.0,UNKNOWN,2899.0,No,,Used (Excellent Cosmetic Condition),Mike's PC AU,Verified,Yes,UNKNOWN,UNKNOWN,manual_user_submission,cards/mikepc_msi_raider_ge68_rtx4090.md,,Passed gates,,mikepc_msi_raider_ge68_rtx4090,Candidate,,,,,,,,,,,NEEDS_REVIEW,"missing MCDA: Performance_Headroom, Price_Value, Future_Proof, Portability, Track2_Avoidance; VRAM UNKNOWN; MCDA score incomplete",,,,,,,,,,,,,,,,
052_alienware-m18-r2-rtx-4080-ebay-mkt-011,Alienware M18 R2 18in 165Hz i9-14900HX 32GB 1TB RTX 4080,GOOD ENOUGH,Laptop,laptop,Complete_System,1,1A,RTX 4080 Laptop,12.0,UNKNOWN,UNKNOWN,UNKNOWN,3905.0,No,,Pre-owned,UNKNOWN,Needs Verification,No,UNKNOWN,UNKNOWN,UNKNOWN,cards/052_alienware-m18-r2-rtx-4080-ebay-mkt-011.md,,Passed gates,AU stock: No,052_alienware-m18-r2-rtx-4080-ebay-mkt-011,Candidate,,,,,,,,,,,NEEDS_REVIEW,"missing MCDA: Performance_Headroom, Price_Value, Future_Proof, Portability, Track2_Avoidance; AU stock not confirmed; screen size UNKNOWN; MCDA score incomplete",,,,,,,,,,,,,,,,
053_alienware-m18-r2-rtx-4080-ebay-mkt-012,Dell Alienware M18 R2 165Hz QHD+ i9-14900HX 32GB 1TB RTX 4080-12GB,ACTIVE,Laptop,laptop,Complete_System,1,1A,RTX 4080 Laptop,12.0,UNKNOWN,UNKNOWN,UNKNOWN,3814.0,No,,Pre-owned,UNKNOWN,Needs Verification,No,UNKNOWN,UNKNOWN,UNKNOWN,cards/053_alienware-m18-r2-rtx-4080-ebay-mkt-012.md,,Passed gates,AU stock: No,053_alienware-m18-r2-rtx-4080-ebay-mkt-012,Candidate,,,,,,,,,,,NEEDS_REVIEW,"missing MCDA: Performance_Headroom, Price_Value, Future_Proof, Portability, Track2_Avoidance; AU stock not confirmed; screen size UNKNOWN; MCDA score incomplete",,,,,,,,,,,,,,,,
41_asus-rog-strix-g18-rtx-5070ti-2025,ASUS ROG Strix G18 (2025),ACTIVE,Laptop,laptop,Complete_System,UNKNOWN,UNKNOWN,NVIDIA RTX 5070 Ti Laptop GPU (12 GB),12.0,UNKNOWN,18.0,UNKNOWN,4334.0,No,,UNKNOWN,UNKNOWN,UNKNOWN,UNKNOWN,UNKNOWN,UNKNOWN,UNKNOWN,cards/41_asus-rog-strix-g18-rtx-5070ti-2025.md,,Passed gates,Unverified — confirm specs before scoring; AU stock: UNKNOWN,41_asus-rog-strix-g18-rtx-5070ti-2025,Candidate,,,,,,,,,,,NEEDS_REVIEW,"missing MCDA: Performance_Headroom, Price_Value, Future_Proof, Portability, Track2_Avoidance; AU stock not confirmed; track/pathway unresolved; MCDA score incomplete",,,,,,,,,,,,,,,,
43_asus-rog-zephyrus-g16-rtx-5070-2025,ASUS ROG Zephyrus G16 (2025),ACTIVE,Laptop,laptop,Complete_System,UNKNOWN,UNKNOWN,NVIDIA RTX 5070 Laptop GPU (12 GB),12.0,UNKNOWN,16.0,UNKNOWN,3999.0,No,,UNKNOWN,UNKNOWN,UNKNOWN,UNKNOWN,UNKNOWN,UNKNOWN,UNKNOWN,cards/43_asus-rog-zephyrus-g16-rtx-5070-2025.md,,Passed gates,Unverified — confirm specs before scoring; AU stock: UNKNOWN,43_asus-rog-zephyrus-g16-rtx-5070-2025,Candidate,,,,,,,,,,,NEEDS_REVIEW,"missing MCDA: Performance_Headroom, Price_Value, Future_Proof, Portability, Track2_Avoidance; AU stock not confirmed; track/pathway unresolved; MCDA score incomplete",,,,,,,,,,,,,,,,
44_asus-rog-strix-g16-rtx-5070ti-2025,ASUS ROG Strix G16 (2025) — RTX 5070 Ti,ACTIVE,Laptop,laptop,Complete_System,UNKNOWN,UNKNOWN,NVIDIA RTX 5070 Ti Laptop GPU (12 GB),12.0,UNKNOWN,16.0,UNKNOWN,4199.0,No,,UNKNOWN,UNKNOWN,UNKNOWN,UNKNOWN,UNKNOWN,UNKNOWN,UNKNOWN,cards/44_asus-rog-strix-g16-rtx-5070ti-2025.md,,Passed gates,Unverified — confirm specs before scoring; AU stock: UNKNOWN,44_asus-rog-strix-g16-rtx-5070ti-2025,Candidate,,,,,,,,,,,NEEDS_REVIEW,"missing MCDA: Performance_Headroom, Price_Value, Future_Proof, Portability, Track2_Avoidance; AU stock not confirmed; track/pathway unresolved; MCDA score incomplete",,,,,,,,,,,,,,,,
45_asus-rog-zephyrus-g16-intel-rtx-5070ti-2025,ASUS ROG Zephyrus G16 (2025) Intel — RTX 5070 Ti,ACTIVE,Laptop,laptop,Complete_System,UNKNOWN,UNKNOWN,NVIDIA RTX 5070 Ti Laptop GPU (12 GB),12.0,UNKNOWN,16.0,UNKNOWN,4499.0,No,,UNKNOWN,UNKNOWN,UNKNOWN,UNKNOWN,UNKNOWN,UNKNOWN,UNKNOWN,cards/45_asus-rog-zephyrus-g16-intel-rtx-5070ti-2025.md,,Passed gates,Unverified — confirm specs before scoring; AU stock: UNKNOWN,45_asus-rog-zephyrus-g16-intel-rtx-5070ti-2025,Candidate,,,,,,,,,,,NEEDS_REVIEW,"missing MCDA: Performance_Headroom, Price_Value, Future_Proof, Portability, Track2_Avoidance; AU stock not confirmed; track/pathway unresolved; MCDA score incomplete",,,,,,,,,,,,,,,,
47_asus-rog-strix-g18-2024-rtx4080,ASUS ROG Strix G18 (2024) — RTX 4080,ACTIVE,Laptop,laptop,Complete_System,UNKNOWN,UNKNOWN,NVIDIA RTX 4080 Laptop GPU (12 GB),12.0,UNKNOWN,18.0,UNKNOWN,2455.0,No,,UNKNOWN,UNKNOWN,UNKNOWN,UNKNOWN,UNKNOWN,UNKNOWN,UNKNOWN,cards/47_asus-rog-strix-g18-2024-rtx4080.md,,Passed gates,Unverified — confirm specs before scoring; AU stock: UNKNOWN,47_asus-rog-strix-g18-2024-rtx4080,Candidate,,,,,,,,,,,NEEDS_REVIEW,"missing MCDA: Performance_Headroom, Price_Value, Future_Proof, Portability, Track2_Avoidance; AU stock not confirmed; track/pathway unresolved; MCDA score incomplete",,,,,,,,,,,,,,,,
48_asus-rog-zephyrus-g16-2024-rtx4080,ASUS ROG Zephyrus G16 (2024) — RTX 4080,ACTIVE,Laptop,laptop,Complete_System,UNKNOWN,UNKNOWN,NVIDIA RTX 4080 Laptop GPU (12 GB),12.0,UNKNOWN,16.0,UNKNOWN,3500.0,No,,UNKNOWN,UNKNOWN,UNKNOWN,UNKNOWN,UNKNOWN,UNKNOWN,UNKNOWN,cards/48_asus-rog-zephyrus-g16-2024-rtx4080.md,,Passed gates,Unverified — confirm specs before scoring; AU stock: UNKNOWN,48_asus-rog-zephyrus-g16-2024-rtx4080,Candidate,,,,,,,,,,,NEEDS_REVIEW,"missing MCDA: Performance_Headroom, Price_Value, Future_Proof, Portability, Track2_Avoidance; AU stock not confirmed; track/pathway unresolved; MCDA score incomplete",,,,,,,,,,,,,,,,
054_alienware-m18-r2-rtx-4090-ebay-mkt-013,Dell Alienware M18 R2 165Hz QHD+ i9-14900HX 64GB 2TB RTX 4090 Very Good Refurb,GOOD ENOUGH,Laptop,laptop,Complete_System,1,1A,RTX 4090 Laptop,16.0,UNKNOWN,UNKNOWN,UNKNOWN,3950.0,No,,Refurbished,UNKNOWN,Needs Verification,No,UNKNOWN,UNKNOWN,UNKNOWN,cards/054_alienware-m18-r2-rtx-4090-ebay-mkt-013.md,,Passed gates,AU stock: No,054_alienware-m18-r2-rtx-4090-ebay-mkt-013,Candidate,,,,,,,,,,,NEEDS_REVIEW,"missing MCDA: Performance_Headroom, Price_Value, Future_Proof, Portability, Track2_Avoidance; AU stock not confirmed; screen size UNKNOWN; MCDA score incomplete",,,,,,,,,,,,,,,,
055_alienware-m18-r2-rtx-4090-ebay-mkt-014,Dell Alienware M18 R2 165Hz QHD+ i9-14900HX 64GB 2TB RTX 4090,ACTIVE,Laptop,laptop,Complete_System,1,1A,RTX 4090 Laptop,16.0,UNKNOWN,UNKNOWN,UNKNOWN,3950.0,No,,Pre-owned,UNKNOWN,Needs Verification,No,UNKNOWN,UNKNOWN,UNKNOWN,cards/055_alienware-m18-r2-rtx-4090-ebay-mkt-014.md,,Passed gates,AU stock: No,055_alienware-m18-r2-rtx-4090-ebay-mkt-014,Candidate,,,,,,,,,,,NEEDS_REVIEW,"missing MCDA: Performance_Headroom, Price_Value, Future_Proof, Portability, Track2_Avoidance; AU stock not confirmed; screen size UNKNOWN; MCDA score incomplete",,,,,,,,,,,,,,,,
21_lenovo-legion-pro-7i-rtx-4090,Lenovo Legion Pro 7i,ACTIVE,Laptop,laptop,Complete_System,UNKNOWN,UNKNOWN,NVIDIA RTX 4090 Laptop GPU (16 GB),16.0,UNKNOWN,16.0,UNKNOWN,UNKNOWN,No,Yes,UNKNOWN,UNKNOWN,UNKNOWN,UNKNOWN,UNKNOWN,UNKNOWN,UNKNOWN,cards/21_lenovo-legion-pro-7i-rtx-4090.md,,Passed gates,Price UNKNOWN — research required; Unverified — confirm specs before scoring; AU stock: UNKNOWN,21_lenovo-legion-pro-7i-rtx-4090,Candidate,,,,,,,,,,,NEEDS_REVIEW,"missing MCDA: Performance_Headroom, Price_Value, Future_Proof, Portability, Track2_Avoidance; price UNKNOWN; AU stock not confirmed; track/pathway unresolved; MCDA score incomplete",,,,,,,,,,,,,,,,
22_asus-rog-strix-scar-17-rtx-4090,Asus ROG Strix Scar 17 G733PY-LL021W,ACTIVE,Laptop,laptop,Complete_System,UNKNOWN,UNKNOWN,NVIDIA RTX 4090 Laptop GPU (16 GB),16.0,UNKNOWN,17.3,UNKNOWN,UNKNOWN,No,Yes,UNKNOWN,UNKNOWN,UNKNOWN,UNKNOWN,UNKNOWN,UNKNOWN,UNKNOWN,cards/22_asus-rog-strix-scar-17-rtx-4090.md,,Passed gates,Price UNKNOWN — research required; Unverified — confirm specs before scoring; AU stock: UNKNOWN,22_asus-rog-strix-scar-17-rtx-4090,Candidate,,,,,,,,,,,NEEDS_REVIEW,"missing MCDA: Performance_Headroom, Price_Value, Future_Proof, Portability, Track2_Avoidance; price UNKNOWN; AU stock not confirmed; track/pathway unresolved; MCDA score incomplete",,,,,,,,,,,,,,,,
23_asus-rog-strix-scar-18-rtx-4090,Asus ROG Strix Scar 18 G834JYR-R6037W,ACTIVE,Laptop,laptop,Complete_System,UNKNOWN,UNKNOWN,NVIDIA RTX 4090 Laptop GPU (16 GB),16.0,UNKNOWN,18.0,UNKNOWN,UNKNOWN,No,Yes,UNKNOWN,UNKNOWN,UNKNOWN,UNKNOWN,UNKNOWN,UNKNOWN,UNKNOWN,cards/23_asus-rog-strix-scar-18-rtx-4090.md,,Passed gates,Price UNKNOWN — research required; Unverified — confirm specs before scoring; AU stock: UNKNOWN,23_asus-rog-strix-scar-18-rtx-4090,Candidate,,,,,,,,,,,NEEDS_REVIEW,"missing MCDA: Performance_Headroom, Price_Value, Future_Proof, Portability, Track2_Avoidance; price UNKNOWN; AU stock not confirmed; track/pathway unresolved; MCDA score incomplete",,,,,,,,,,,,,,,,
24_msi-stealth-16-ai-studio-rtx-4090,MSI Stealth 16 AI Studio A1VIG,ACTIVE,Laptop,laptop,Complete_System,UNKNOWN,UNKNOWN,NVIDIA RTX 4090 Laptop GPU (16 GB),16.0,UNKNOWN,16.0,UNKNOWN,UNKNOWN,No,Yes,UNKNOWN,UNKNOWN,UNKNOWN,UNKNOWN,UNKNOWN,UNKNOWN,UNKNOWN,cards/24_msi-stealth-16-ai-studio-rtx-4090.md,,Passed gates,Price UNKNOWN — research required; Unverified — confirm specs before scoring; AU stock: UNKNOWN,24_msi-stealth-16-ai-studio-rtx-4090,Candidate,,,,,,,,,,,NEEDS_REVIEW,"missing MCDA: Performance_Headroom, Price_Value, Future_Proof, Portability, Track2_Avoidance; price UNKNOWN; AU stock not confirmed; track/pathway unresolved; MCDA score incomplete",,,,,,,,,,,,,,,,
42_asus-rog-strix-g16-rtx-5080-2025,ASUS ROG Strix G16 (2025),ACTIVE,Laptop,laptop,Complete_System,UNKNOWN,UNKNOWN,NVIDIA RTX 5080 Laptop GPU (16 GB),16.0,UNKNOWN,16.0,UNKNOWN,4559.0,No,,UNKNOWN,UNKNOWN,UNKNOWN,UNKNOWN,UNKNOWN,UNKNOWN,UNKNOWN,cards/42_asus-rog-strix-g16-rtx-5080-2025.md,,Passed gates,Unverified — confirm specs before scoring; AU stock: UNKNOWN,42_asus-rog-strix-g16-rtx-5080-2025,Candidate,,,,,,,,,,,NEEDS_REVIEW,"missing MCDA: Performance_Headroom, Price_Value, Future_Proof, Portability, Track2_Avoidance; AU stock not confirmed; track/pathway unresolved; MCDA score incomplete",,,,,,,,,,,,,,,,
intake-009,Lenovo Legion Pro 7i,ACTIVE,Laptop,laptop,Complete_System,UNKNOWN,UNKNOWN,RTX 4090 Mobile,16.0,UNKNOWN,UNKNOWN,UNKNOWN,4575.0,No,,New,UNKNOWN,Unverified,UNKNOWN,UNKNOWN,UNKNOWN,2026-05-05_notebooklm_batch1_processed,cards/intake-009_lenovo-legion-pro-7i.md,,Passed gates,Unverified — confirm specs before scoring; AU stock: UNKNOWN,intake-009,Candidate,,,,,,,,,,,NEEDS_REVIEW,"missing MCDA: Performance_Headroom, Price_Value, Future_Proof, Portability, Track2_Avoidance; AU stock not confirmed; track/pathway unresolved; MCDA score incomplete",,,,,,,,,,,,,,,,
intake-036,Alienware 16 Area-51 new config,ACTIVE,Laptop,laptop,Complete_System,UNKNOWN,UNKNOWN,RTX 5070 Ti Mobile,16.0,UNKNOWN,UNKNOWN,UNKNOWN,4198.7,No,,New,UNKNOWN,Unverified,UNKNOWN,UNKNOWN,UNKNOWN,2026-05-05_notebooklm_batch1_processed,cards/intake-036_alienware-16-area-51-new-config.md,,Passed gates,Unverified — confirm specs before scoring; AU stock: UNKNOWN,intake-036,Candidate,,,,,,,,,,,NEEDS_REVIEW,"missing MCDA: Performance_Headroom, Price_Value, Future_Proof, Portability, Track2_Avoidance; AU stock not confirmed; track/pathway unresolved; MCDA score incomplete",,,,,,,,,,,,,,,,
intake-045,MSI Stealth A16 5080,ACTIVE,Laptop,laptop,Complete_System,UNKNOWN,UNKNOWN,RTX 5080 Mobile,16.0,UNKNOWN,UNKNOWN,UNKNOWN,4999.0,No,,New,UNKNOWN,Unverified,UNKNOWN,UNKNOWN,UNKNOWN,2026-05-05_notebooklm_batch1_processed,cards/intake-045_msi-stealth-a16-5080.md,,Passed gates,Unverified — confirm specs before scoring; AU stock: UNKNOWN,intake-045,Candidate,,,,,,,,,,,NEEDS_REVIEW,"missing MCDA: Performance_Headroom, Price_Value, Future_Proof, Portability, Track2_Avoidance; AU stock not confirmed; track/pathway unresolved; MCDA score incomplete",,,,,,,,,,,,,,,,
intake-075,ASUS ROG Strix Scar 18 (RTX 4090) - eBay Sold Market Floor,ACTIVE,Laptop,laptop,Complete_System,1,1A,RTX 4090 Laptop,16.0,UNKNOWN,18.0,UNKNOWN,4200.0,No,,Pre-owned,UNKNOWN,Verified,No,UNKNOWN,UNKNOWN,UNKNOWN,cards/intake-075_asus-rog-strix-scar-18-ebay-sold.md,,Passed gates,AU stock: No,intake-075,Candidate,,,,,,,,,,,NEEDS_REVIEW,"missing MCDA: Performance_Headroom, Price_Value, Future_Proof, Portability, Track2_Avoidance; AU stock not confirmed; MCDA score incomplete",,,,,,,,,,,,,,,,
30_asus-rog-strix-scar-18-rtx-5090-2025,ASUS ROG Strix Scar 18 (2025) RTX 5090,ACTIVE,Laptop,laptop,Complete_System,UNKNOWN,UNKNOWN,NVIDIA RTX 5090 Laptop GPU (24 GB),24.0,UNKNOWN,18.0,UNKNOWN,UNKNOWN,No,Yes,UNKNOWN,UNKNOWN,UNKNOWN,UNKNOWN,UNKNOWN,UNKNOWN,UNKNOWN,cards/30_asus-rog-strix-scar-18-rtx-5090-2025.md,,Passed gates,Price UNKNOWN — research required; Unverified — confirm specs before scoring; AU stock: UNKNOWN,30_asus-rog-strix-scar-18-rtx-5090-2025,Candidate,,,,,,,,,,,NEEDS_REVIEW,"missing MCDA: Performance_Headroom, Price_Value, Future_Proof, Portability, Track2_Avoidance; price UNKNOWN; AU stock not confirmed; track/pathway unresolved; MCDA score incomplete",,,,,,,,,,,,,,,,
32_msi-raider-a18-hx-rtx-5090,MSI Raider A18 HX RTX 5090,ACTIVE,Laptop,laptop,Complete_System,UNKNOWN,UNKNOWN,NVIDIA RTX 5090 Laptop GPU (24 GB),24.0,UNKNOWN,18.0,UNKNOWN,UNKNOWN,No,Yes,UNKNOWN,UNKNOWN,UNKNOWN,UNKNOWN,UNKNOWN,UNKNOWN,UNKNOWN,cards/32_msi-raider-a18-hx-rtx-5090.md,,Passed gates,Price UNKNOWN — research required; Unverified — confirm specs before scoring; AU stock: UNKNOWN,32_msi-raider-a18-hx-rtx-5090,Candidate,,,,,,,,,,,NEEDS_REVIEW,"missing MCDA: Performance_Headroom, Price_Value, Future_Proof, Portability, Track2_Avoidance; price UNKNOWN; AU stock not confirmed; track/pathway unresolved; MCDA score incomplete",,,,,,,,,,,,,,,,
33_msi-titan-rtx-5090,MSI Titan (RTX 5090) — model variant UNKNOWN,ACTIVE,Laptop,laptop,Complete_System,UNKNOWN,UNKNOWN,NVIDIA RTX 5090 Laptop GPU (24 GB),24.0,UNKNOWN,17.0,Flagged,UNKNOWN,No,Yes,UNKNOWN,UNKNOWN,UNKNOWN,UNKNOWN,UNKNOWN,UNKNOWN,UNKNOWN,cards/33_msi-titan-rtx-5090.md,,Passed gates,Price UNKNOWN — research required; Unverified — confirm specs before scoring; AU stock: UNKNOWN,33_msi-titan-rtx-5090,Candidate,,,,,,,,,,,NEEDS_REVIEW,"missing MCDA: Performance_Headroom, Price_Value, Future_Proof, Portability, Track2_Avoidance; price UNKNOWN; AU stock not confirmed; track/pathway unresolved; MCDA score incomplete",,,,,,,,,,,,,,,,
46_asus-rog-zephyrus-g16-intel-rtx-5090-2025,ASUS ROG Zephyrus G16 (2025) Intel — RTX 5090,ACTIVE,Laptop,laptop,Complete_System,UNKNOWN,UNKNOWN,NVIDIA RTX 5090 Laptop GPU (24 GB),24.0,UNKNOWN,16.0,UNKNOWN,6749.0,Yes,,UNKNOWN,UNKNOWN,UNKNOWN,UNKNOWN,UNKNOWN,UNKNOWN,UNKNOWN,cards/46_asus-rog-zephyrus-g16-intel-rtx-5090-2025.md,,Passed gates,"Exceeds $5,000 AUD budget (price: $6,749.00); Unverified — confirm specs before scoring; AU stock: UNKNOWN",46_asus-rog-zephyrus-g16-intel-rtx-5090-2025,Candidate,,,,,,,,,,,NEEDS_REVIEW,"missing MCDA: Performance_Headroom, Price_Value, Future_Proof, Portability, Track2_Avoidance; AU stock not confirmed; track/pathway unresolved; MCDA score incomplete",,,,,,,,,,,,,,,,
hp_omen_max,HP OMEN Max (Ryzen AI 9 HX 375 + RTX 5090),ACTIVE,Laptop,laptop,Complete_System,UNKNOWN,UNKNOWN,NVIDIA RTX 5090,24.0,UNKNOWN,UNKNOWN,UNKNOWN,UNKNOWN,No,Yes,UNKNOWN,UNKNOWN,UNKNOWN,UNKNOWN,UNKNOWN,UNKNOWN,UNKNOWN,cards/hp_omen_max.md,,Passed gates,Price UNKNOWN — research required; Unverified — confirm specs before scoring; AU stock: UNKNOWN,hp_omen_max,Candidate,,,,,,,,,,,NEEDS_REVIEW,"missing MCDA: Performance_Headroom, Price_Value, Future_Proof, Portability, Track2_Avoidance; price UNKNOWN; AU stock not confirmed; track/pathway unresolved; MCDA score incomplete",,,,,,,,,,,,,,,,
intake-010,MSI Raider 18 HX AI A2XWJG,ACTIVE,Laptop,laptop,Complete_System,UNKNOWN,UNKNOWN,RTX 5090 Mobile,24.0,UNKNOWN,UNKNOWN,UNKNOWN,8488.0,Yes,,New,UNKNOWN,Verified,UNKNOWN,UNKNOWN,UNKNOWN,2026-05-05_notebooklm_batch1_processed,cards/intake-010_msi-raider-18-hx-ai-a2xwjg.md,,Passed gates,"Exceeds $5,000 AUD budget (price: $8,488.00); AU stock: UNKNOWN",intake-010,Candidate,,,,,,,,,,,NEEDS_REVIEW,"missing MCDA: Performance_Headroom, Price_Value, Future_Proof, Portability, Track2_Avoidance; AU stock not confirmed; track/pathway unresolved; MCDA score incomplete",,,,,,,,,,,,,,,,
intake-011,Dell Alienware m18 R2 / Area-51,Parked,Laptop,laptop,Complete_System,1,1A,RTX 5090 Mobile (Conflict),24.0,UNKNOWN,18.0,UNKNOWN,UNKNOWN,No,Yes,Refurbished,UNKNOWN,Unverified,UNKNOWN,UNKNOWN,UNKNOWN,2026-05-05_notebooklm_batch1_processed,cards/intake-011_dell-alienware-m18-r2-area-51.md,,Passed gates,Price UNKNOWN — research required; Unverified — confirm specs before scoring; AU stock: UNKNOWN,intake-011,Candidate,,,,,,,,,,,NEEDS_REVIEW,"missing MCDA: Performance_Headroom, Price_Value, Future_Proof, Portability, Track2_Avoidance; price UNKNOWN; AU stock not confirmed; MCDA score incomplete",,,,,,,,,,,,,,,,
intake-012,Razer Blade 18,ACTIVE,Laptop,laptop,Complete_System,UNKNOWN,UNKNOWN,RTX 5090 Mobile,24.0,UNKNOWN,UNKNOWN,UNKNOWN,7400.0,Yes,,New,UNKNOWN,Unverified,UNKNOWN,UNKNOWN,UNKNOWN,2026-05-05_notebooklm_batch1_processed,cards/intake-012_razer-blade-18.md,,Passed gates,"Exceeds $5,000 AUD budget (price: $7,400.00); Unverified — confirm specs before scoring; AU stock: UNKNOWN",intake-012,Candidate,,,,,,,,,,,NEEDS_REVIEW,"missing MCDA: Performance_Headroom, Price_Value, Future_Proof, Portability, Track2_Avoidance; AU stock not confirmed; track/pathway unresolved; MCDA score incomplete",,,,,,,,,,,,,,,,
asus-tuf-a14,ASUS TUF Gaming A14 (2026) FA401EA,ACTIVE,Laptop,laptop,Complete_System,UNKNOWN,UNKNOWN,UNKNOWN,32.0,UNKNOWN,UNKNOWN,UNKNOWN,UNKNOWN,No,Yes,UNKNOWN,UNKNOWN,UNKNOWN,UNKNOWN,UNKNOWN,UNKNOWN,UNKNOWN,cards/asus-tuf-a14.md,,Passed gates,Price UNKNOWN — research required; Unverified — confirm specs before scoring; AU stock: UNKNOWN,asus-tuf-a14,Candidate,,,,,,,,,,,NEEDS_REVIEW,"missing MCDA: Performance_Headroom, Price_Value, Future_Proof, Portability, Track2_Avoidance; price UNKNOWN; AU stock not confirmed; track/pathway unresolved; MCDA score incomplete",,,,,,,,,,,,,,,,
34_asus-tuf-gaming-a16-strix-halo,ASUS TUF Gaming A16 — AMD Strix Halo (Ryzen AI Max),ACTIVE,Laptop,laptop,Complete_System,UNKNOWN,UNKNOWN,AMD Radeon 890M / integrated Strix Halo GPU (unified),3264.0,UNKNOWN,16.0,UNKNOWN,UNKNOWN,No,Yes,UNKNOWN,UNKNOWN,UNKNOWN,UNKNOWN,UNKNOWN,UNKNOWN,UNKNOWN,cards/34_asus-tuf-gaming-a16-strix-halo.md,,Passed gates,Price UNKNOWN — research required; Unverified — confirm specs before scoring; AU stock: UNKNOWN,34_asus-tuf-gaming-a16-strix-halo,Candidate,,,,,,,,,,,NEEDS_REVIEW,"missing MCDA: Performance_Headroom, Price_Value, Future_Proof, Portability, Track2_Avoidance; price UNKNOWN; AU stock not confirmed; track/pathway unresolved; MCDA score incomplete",,,,,,,,,,,,,,,,
35_asus-rog-zephyrus-g16-strix-halo,ASUS ROG Zephyrus G16 — AMD Strix Halo (Ryzen AI Max),ACTIVE,Laptop,laptop,Complete_System,UNKNOWN,UNKNOWN,AMD Radeon integrated Strix Halo GPU (unified),3296.0,UNKNOWN,16.0,UNKNOWN,UNKNOWN,No,Yes,UNKNOWN,UNKNOWN,UNKNOWN,UNKNOWN,UNKNOWN,UNKNOWN,UNKNOWN,cards/35_asus-rog-zephyrus-g16-strix-halo.md,,Passed gates,Price UNKNOWN — research required; Unverified — confirm specs before scoring; AU stock: UNKNOWN,35_asus-rog-zephyrus-g16-strix-halo,Candidate,,,,,,,,,,,NEEDS_REVIEW,"missing MCDA: Performance_Headroom, Price_Value, Future_Proof, Portability, Track2_Avoidance; price UNKNOWN; AU stock not confirmed; track/pathway unresolved; MCDA score incomplete",,,,,,,,,,,,,,,,
intake-013,MSI Crosshair 18 HX AI,Rejected,Laptop,laptop,Complete_System,1,1A,RTX 5070 Mobile,8.0,UNKNOWN,18.0,UNKNOWN,UNKNOWN,No,Yes,New,UNKNOWN,Verified,Yes,UNKNOWN,UNKNOWN,2026-05-05_notebooklm_batch1_processed,cards/intake-013_msi-crosshair-18-hx-ai.md,,Passed gates,Price UNKNOWN — research required,intake-013,Candidate,,,,,,,,,,,NEEDS_REVIEW,"missing MCDA: Performance_Headroom, Price_Value, Future_Proof, Portability, Track2_Avoidance; price UNKNOWN; MCDA score incomplete",,,,,,,,,,,,,,,,
intake-052,Acer Predator Helios Neo 16S AI RTX 5060,ACTIVE,Laptop,laptop,Complete_System,UNKNOWN,UNKNOWN,RTX 5060,8.0,UNKNOWN,UNKNOWN,UNKNOWN,2399.0,No,,Refurbished,UNKNOWN,Unverified,UNKNOWN,UNKNOWN,UNKNOWN,2026-05-05_notebooklm_batch1_processed,cards/intake-052_acer-predator-helios-neo-16s-ai-rtx-5060.md,,Passed gates,Unverified — confirm specs before scoring; AU stock: UNKNOWN,intake-052,Candidate,,,,,,,,,,,NEEDS_REVIEW,"missing MCDA: Performance_Headroom, Price_Value, Future_Proof, Portability, Track2_Avoidance; AU stock not confirmed; track/pathway unresolved; MCDA score incomplete",,,,,,,,,,,,,,,,
intake-053,ERAZER Major X20 RTX 4070,ACTIVE,Laptop,laptop,Complete_System,UNKNOWN,UNKNOWN,RTX 4070,8.0,UNKNOWN,16.0,UNKNOWN,2999.0,No,,New,UNKNOWN,Unverified,UNKNOWN,UNKNOWN,UNKNOWN,2026-05-05_notebooklm_batch1_processed,cards/intake-053_erazer-major-x20-rtx-4070.md,,Passed gates,Unverified — confirm specs before scoring; AU stock: UNKNOWN,intake-053,Candidate,,,,,,,,,,,NEEDS_REVIEW,"missing MCDA: Performance_Headroom, Price_Value, Future_Proof, Portability, Track2_Avoidance; AU stock not confirmed; track/pathway unresolved; MCDA score incomplete",,,,,,,,,,,,,,,,
intake-071,GPD WIN 5,ACTIVE,Mini PC,mini pc,Complete_System,UNKNOWN,UNKNOWN,Radeon 8060S,UNKNOWN,UNKNOWN,UNKNOWN,UNKNOWN,UNKNOWN,No,Yes,New,UNKNOWN,Needs Verification,UNKNOWN,UNKNOWN,UNKNOWN,2026-05-05_notebooklm_batch1_processed,cards/intake-071_gpd-win-5.md,,Passed gates,Price UNKNOWN — research required; AU stock: UNKNOWN,intake-071,Candidate,,,,,,,,,,,NEEDS_REVIEW,"missing MCDA: Performance_Headroom, Price_Value, Future_Proof, Portability, Track2_Avoidance; price UNKNOWN; AU stock not confirmed; track/pathway unresolved; MCDA score incomplete",,,,,,,,,,,,,,,,
intake-038,Minisforum AI X1 Pro + DEG2 + RTX 5070 Ti,ACTIVE,Mini PC,mini pc,Complete_System,UNKNOWN,UNKNOWN,RTX 5070 Ti,16.0,UNKNOWN,UNKNOWN,UNKNOWN,3633.19,No,,New,UNKNOWN,Unverified,UNKNOWN,UNKNOWN,UNKNOWN,2026-05-05_notebooklm_batch1_processed,cards/intake-038_minisforum-ai-x1-pro-deg2-rtx-5070-ti.md,,Passed gates,Unverified — confirm specs before scoring; AU stock: UNKNOWN,intake-038,Candidate,,,,,,,,,,,NEEDS_REVIEW,"missing MCDA: Performance_Headroom, Price_Value, Future_Proof, Portability, Track2_Avoidance; AU stock not confirmed; track/pathway unresolved; MCDA score incomplete",,,,,,,,,,,,,,,,
intake-039,Minisforum X1 Lite + DEG1 + RTX 5070 Ti,ACTIVE,Mini PC,mini pc,Complete_System,UNKNOWN,UNKNOWN,RTX 5070 Ti,16.0,UNKNOWN,UNKNOWN,UNKNOWN,2851.98,No,,New,UNKNOWN,Unverified,UNKNOWN,UNKNOWN,UNKNOWN,2026-05-05_notebooklm_batch1_processed,cards/intake-039_minisforum-x1-lite-deg1-rtx-5070-ti.md,,Passed gates,Unverified — confirm specs before scoring; AU stock: UNKNOWN,intake-039,Candidate,,,,,,,,,,,NEEDS_REVIEW,"missing MCDA: Performance_Headroom, Price_Value, Future_Proof, Portability, Track2_Avoidance; AU stock not confirmed; track/pathway unresolved; MCDA score incomplete",,,,,,,,,,,,,,,,
intake-027,Gigabyte Radeon RX 9070 XT Gaming OC Ice 16G,ACTIVE,Component,component,Standalone_GPU,UNKNOWN,UNKNOWN,RX 9070 XT,16.0,UNKNOWN,UNKNOWN,UNKNOWN,1235.4,No,,New,UNKNOWN,Unverified,UNKNOWN,UNKNOWN,UNKNOWN,2026-05-05_notebooklm_batch1_processed,cards/intake-027_gigabyte-radeon-rx-9070-xt-gaming-oc-ice-16g.md,,Passed gates,Unverified — confirm specs before scoring; AU stock: UNKNOWN,intake-027,Candidate,,,,,,,,,,,NEEDS_REVIEW,"missing MCDA: Performance_Headroom, Price_Value, Future_Proof, Portability, Track2_Avoidance; AU stock not confirmed; track/pathway unresolved; MCDA score incomplete",,,,,,,,,,,,,,,,
intake-020,ASUS ROG Strix GeForce RTX 3090 OC 24GB GDDR6X,ACTIVE,Component,component,Standalone_GPU,UNKNOWN,UNKNOWN,RTX 3090,24.0,UNKNOWN,UNKNOWN,UNKNOWN,1250.0,No,,Refurbished,UNKNOWN,Unverified,UNKNOWN,UNKNOWN,UNKNOWN,2026-05-05_notebooklm_batch1_processed,cards/intake-020_asus-rog-strix-geforce-rtx-3090-oc-24gb-gddr6x.md,,Passed gates,Unverified — confirm specs before scoring; AU stock: UNKNOWN,intake-020,Candidate,,,,,,,,,,,NEEDS_REVIEW,"missing MCDA: Performance_Headroom, Price_Value, Future_Proof, Portability, Track2_Avoidance; AU stock not confirmed; track/pathway unresolved; MCDA score incomplete",,,,,,,,,,,,,,,,
intake-021,NVIDIA GeForce RTX 3090 24GB 2SLOT Turbo Blower,ACTIVE,Component,component,Standalone_GPU,UNKNOWN,UNKNOWN,RTX 3090,24.0,UNKNOWN,UNKNOWN,UNKNOWN,1250.0,No,,New,UNKNOWN,Unverified,UNKNOWN,UNKNOWN,UNKNOWN,2026-05-05_notebooklm_batch1_processed,cards/intake-021_nvidia-geforce-rtx-3090-24gb-2slot-turbo-blower.md,,Passed gates,Unverified — confirm specs before scoring; AU stock: UNKNOWN,intake-021,Candidate,,,,,,,,,,,NEEDS_REVIEW,"missing MCDA: Performance_Headroom, Price_Value, Future_Proof, Portability, Track2_Avoidance; AU stock not confirmed; track/pathway unresolved; MCDA score incomplete",,,,,,,,,,,,,,,,
intake-057,ASRock Radeon RX 7900 XTX Phantom Gaming 24GB OC,ACTIVE,Component,component,Standalone_GPU,UNKNOWN,UNKNOWN,RX 7900 XTX,24.0,UNKNOWN,UNKNOWN,UNKNOWN,1229.0,No,,New,UNKNOWN,Verified,UNKNOWN,UNKNOWN,UNKNOWN,2026-05-05_notebooklm_batch1_processed,cards/intake-057_asrock-radeon-rx-7900-xtx-phantom-gaming-24gb-oc.md,,Passed gates,AU stock: UNKNOWN,intake-057,Candidate,,,,,,,,,,,NEEDS_REVIEW,"missing MCDA: Performance_Headroom, Price_Value, Future_Proof, Portability, Track2_Avoidance; AU stock not confirmed; track/pathway unresolved; MCDA score incomplete",,,,,,,,,,,,,,,,
intake-067,EVGA FTW3 Ultra RTX 3090,ACTIVE,Component,component,Standalone_GPU,UNKNOWN,UNKNOWN,RTX 3090,24.0,UNKNOWN,UNKNOWN,UNKNOWN,1318.0,No,,Refurbished,UNKNOWN,Needs Verification,UNKNOWN,UNKNOWN,UNKNOWN,2026-05-05_notebooklm_batch1_processed,cards/intake-067_evga-ftw3-ultra-rtx-3090.md,,Passed gates,AU stock: UNKNOWN,intake-067,Candidate,,,,,,,,,,,NEEDS_REVIEW,"missing MCDA: Performance_Headroom, Price_Value, Future_Proof, Portability, Track2_Avoidance; AU stock not confirmed; track/pathway unresolved; MCDA score incomplete",,,,,,,,,,,,,,,,
intake-030,GIGABYTE AORUS GeForce RTX 5090 Master Ice 32G,ACTIVE,Component,component,Standalone_GPU,UNKNOWN,UNKNOWN,RTX 5090,32.0,UNKNOWN,UNKNOWN,UNKNOWN,6499.0,Yes,,New,UNKNOWN,Unverified,UNKNOWN,UNKNOWN,UNKNOWN,2026-05-05_notebooklm_batch1_processed,cards/intake-030_gigabyte-aorus-geforce-rtx-5090-master-ice-32g.md,,Passed gates,"Exceeds $5,000 AUD budget (price: $6,499.00); Unverified — confirm specs before scoring; AU stock: UNKNOWN",intake-030,Candidate,,,,,,,,,,,NEEDS_REVIEW,"missing MCDA: Performance_Headroom, Price_Value, Future_Proof, Portability, Track2_Avoidance; AU stock not confirmed; track/pathway unresolved; MCDA score incomplete",,,,,,,,,,,,,,,,
intake-031,ZOTAC Gaming GeForce RTX 5090 Solid OC,ACTIVE,Component,component,Standalone_GPU,UNKNOWN,UNKNOWN,RTX 5090,32.0,UNKNOWN,UNKNOWN,UNKNOWN,6569.95,Yes,,New,UNKNOWN,Unverified,UNKNOWN,UNKNOWN,UNKNOWN,2026-05-05_notebooklm_batch1_processed,cards/intake-031_zotac-gaming-geforce-rtx-5090-solid-oc.md,,Passed gates,"Exceeds $5,000 AUD budget (price: $6,569.95); Unverified — confirm specs before scoring; AU stock: UNKNOWN",intake-031,Candidate,,,,,,,,,,,NEEDS_REVIEW,"missing MCDA: Performance_Headroom, Price_Value, Future_Proof, Portability, Track2_Avoidance; AU stock not confirmed; track/pathway unresolved; MCDA score incomplete",,,,,,,,,,,,,,,,
intake-070,NVIDIA RTX 2000 Ada 16GB,ACTIVE,Component,component,Workstation_GPU,UNKNOWN,UNKNOWN,RTX 2000 Ada,16.0,UNKNOWN,UNKNOWN,UNKNOWN,1233.0,No,,New,UNKNOWN,Verified,Yes,UNKNOWN,UNKNOWN,2026-05-05_notebooklm_batch1_processed,cards/intake-070_nvidia-rtx-2000-ada-16gb.md,,Passed gates,,intake-070,Candidate,,,,,,,,,,,NEEDS_REVIEW,"missing MCDA: Performance_Headroom, Price_Value, Future_Proof, Portability, Track2_Avoidance; track/pathway unresolved; MCDA score incomplete",,,,,,,,,,,,,,,,
intake-068,Intel Arc Pro B70,ACTIVE,Component,component,Workstation_GPU,UNKNOWN,UNKNOWN,Arc Pro B70,32.0,UNKNOWN,UNKNOWN,UNKNOWN,1423.0,No,,New,UNKNOWN,Needs Verification,UNKNOWN,UNKNOWN,UNKNOWN,2026-05-05_notebooklm_batch1_processed,cards/intake-068_intel-arc-pro-b70.md,,Passed gates,AU stock: UNKNOWN,intake-068,Candidate,,,,,,,,,,,NEEDS_REVIEW,"missing MCDA: Performance_Headroom, Price_Value, Future_Proof, Portability, Track2_Avoidance; AU stock not confirmed; track/pathway unresolved; MCDA score incomplete",,,,,,,,,,,,,,,,
intake-069,NVIDIA RTX 5000 Ada 32GB,ACTIVE,Component,component,Workstation_GPU,UNKNOWN,UNKNOWN,RTX 5000 Ada,32.0,UNKNOWN,UNKNOWN,UNKNOWN,6368.0,Yes,,New,UNKNOWN,Verified,Yes,UNKNOWN,UNKNOWN,2026-05-05_notebooklm_batch1_processed,cards/intake-069_nvidia-rtx-5000-ada-32gb.md,,Passed gates,"Exceeds $5,000 AUD budget (price: $6,368.00)",intake-069,Candidate,,,,,,,,,,,NEEDS_REVIEW,"missing MCDA: Performance_Headroom, Price_Value, Future_Proof, Portability, Track2_Avoidance; track/pathway unresolved; MCDA score incomplete",,,,,,,,,,,,,,,,
intake-061,AMD Radeon Pro W7900 48GB ECC GDDR6,ACTIVE,Component,component,Workstation_GPU,UNKNOWN,UNKNOWN,Radeon Pro W7900,48.0,UNKNOWN,UNKNOWN,UNKNOWN,UNKNOWN,No,Yes,New,UNKNOWN,Unverified,UNKNOWN,UNKNOWN,UNKNOWN,2026-05-05_notebooklm_batch1_processed,cards/intake-061_amd-radeon-pro-w7900-48gb-ecc-gddr6.md,,Passed gates,Price UNKNOWN — research required; Unverified — confirm specs before scoring; AU stock: UNKNOWN,intake-061,Candidate,,,,,,,,,,,NEEDS_REVIEW,"missing MCDA: Performance_Headroom, Price_Value, Future_Proof, Portability, Track2_Avoidance; price UNKNOWN; AU stock not confirmed; track/pathway unresolved; MCDA score incomplete",,,,,,,,,,,,,,,,
harvest-20260512-001,dell outlet alienware m18 r2,NEEDS_REVIEW,,,,UNKNOWN,UNKNOWN,,UNKNOWN,,,,,,,,,Needs Verification,UNKNOWN,UNKNOWN,UNKNOWN,,cards/harvest-20260512-001_dell-outlet-alienware-m18-r2.md,,Harvested from legacy log; unverified,,dell outlet alienware m18 r2,,,,,,,,,,,,NEEDS_REVIEW,"missing MCDA: Performance_Headroom, Price_Value, Future_Proof, Portability, Track2_Avoidance; price UNKNOWN; AU stock not confirmed; track/pathway unresolved; MCDA score incomplete",,,,,,,,,,,,,,,,
harvest-20260512-002,minisforum ai x1 pro deg2 rtx 5070 ti 850w psu,NEEDS_REVIEW,,,,UNKNOWN,UNKNOWN,,UNKNOWN,,,,,,,,,Needs Verification,UNKNOWN,UNKNOWN,UNKNOWN,,cards/harvest-20260512-002_minisforum-ai-x1-pro-deg2-rtx-5070-ti-850w-psu.md,,Harvested from legacy log; unverified,,minisforum ai x1 pro deg2 rtx 5070 ti 850w psu,,,,,,,,,,,,NEEDS_REVIEW,"missing MCDA: Performance_Headroom, Price_Value, Future_Proof, Portability, Track2_Avoidance; price UNKNOWN; AU stock not confirmed; track/pathway unresolved; MCDA score incomplete",,,,,,,,,,,,,,,,
harvest-20260512-003,minisforum x1 lite deg1 rtx 5070 ti 850w psu,NEEDS_REVIEW,,,,UNKNOWN,UNKNOWN,,UNKNOWN,,,,,,,,,Needs Verification,UNKNOWN,UNKNOWN,UNKNOWN,,cards/harvest-20260512-003_minisforum-x1-lite-deg1-rtx-5070-ti-850w-psu.md,,Harvested from legacy log; unverified,,minisforum x1 lite deg1 rtx 5070 ti 850w psu,,,,,,,,,,,,NEEDS_REVIEW,"missing MCDA: Performance_Headroom, Price_Value, Future_Proof, Portability, Track2_Avoidance; price UNKNOWN; AU stock not confirmed; track/pathway unresolved; MCDA score incomplete",,,,,,,,,,,,,,,,
harvest-20260512-004,asus zephyrus g16 5080,NEEDS_REVIEW,,,,UNKNOWN,UNKNOWN,,UNKNOWN,,,,,,,,,Needs Verification,UNKNOWN,UNKNOWN,UNKNOWN,,cards/harvest-20260512-004_asus-zephyrus-g16-5080.md,,Harvested from legacy log; unverified,,asus zephyrus g16 5080,,,,,,,,,,,,NEEDS_REVIEW,"missing MCDA: Performance_Headroom, Price_Value, Future_Proof, Portability, Track2_Avoidance; price UNKNOWN; AU stock not confirmed; track/pathway unresolved; MCDA score incomplete",,,,,,,,,,,,,,,,
harvest-20260512-005,lenovo legion pro 5i 5070 ti,NEEDS_REVIEW,,,,UNKNOWN,UNKNOWN,,UNKNOWN,,,,,,,,,Needs Verification,UNKNOWN,UNKNOWN,UNKNOWN,,cards/harvest-20260512-005_lenovo-legion-pro-5i-5070-ti.md,,Harvested from legacy log; unverified,,lenovo legion pro 5i 5070 ti,,,,,,,,,,,,NEEDS_REVIEW,"missing MCDA: Performance_Headroom, Price_Value, Future_Proof, Portability, Track2_Avoidance; price UNKNOWN; AU stock not confirmed; track/pathway unresolved; MCDA score incomplete",,,,,,,,,,,,,,,,
harvest-20260512-006,lenovo legion pro 7i 5080,NEEDS_REVIEW,,,,UNKNOWN,UNKNOWN,,UNKNOWN,,,,,,,,,Needs Verification,UNKNOWN,UNKNOWN,UNKNOWN,,cards/harvest-20260512-006_lenovo-legion-pro-7i-5080.md,,Harvested from legacy log; unverified,,lenovo legion pro 7i 5080,,,,,,,,,,,,NEEDS_REVIEW,"missing MCDA: Performance_Headroom, Price_Value, Future_Proof, Portability, Track2_Avoidance; price UNKNOWN; AU stock not confirmed; track/pathway unresolved; MCDA score incomplete",,,,,,,,,,,,,,,,
harvest-20260512-007,metrocom custom 5700x rtx 4070 super,NEEDS_REVIEW,,,,UNKNOWN,UNKNOWN,,UNKNOWN,,,,,,,,,Needs Verification,UNKNOWN,UNKNOWN,UNKNOWN,,cards/harvest-20260512-007_metrocom-custom-5700x-rtx-4070-super.md,,Harvested from legacy log; unverified,,metrocom custom 5700x rtx 4070 super,,,,,,,,,,,,NEEDS_REVIEW,"missing MCDA: Performance_Headroom, Price_Value, Future_Proof, Portability, Track2_Avoidance; price UNKNOWN; AU stock not confirmed; track/pathway unresolved; MCDA score incomplete",,,,,,,,,,,,,,,,
harvest-20260512-008,nebula titan nebula pc titan rtx 5070,NEEDS_REVIEW,,,,UNKNOWN,UNKNOWN,,UNKNOWN,,,,,,,,,Needs Verification,UNKNOWN,UNKNOWN,UNKNOWN,,cards/harvest-20260512-008_nebula-titan-nebula-pc-titan-rtx-5070.md,,Harvested from legacy log; unverified,,nebula titan nebula pc titan rtx 5070,,,,,,,,,,,,NEEDS_REVIEW,"missing MCDA: Performance_Headroom, Price_Value, Future_Proof, Portability, Track2_Avoidance; price UNKNOWN; AU stock not confirmed; track/pathway unresolved; MCDA score incomplete",,,,,,,,,,,,,,,,
harvest-20260512-009,ple sidekick rtx 4070 super ex demo,NEEDS_REVIEW,,,,UNKNOWN,UNKNOWN,,UNKNOWN,,,,,,,,,Needs Verification,UNKNOWN,UNKNOWN,UNKNOWN,,cards/harvest-20260512-009_ple-sidekick-rtx-4070-super-ex-demo.md,,Harvested from legacy log; unverified,,ple sidekick rtx 4070 super ex demo,,,,,,,,,,,,NEEDS_REVIEW,"missing MCDA: Performance_Headroom, Price_Value, Future_Proof, Portability, Track2_Avoidance; price UNKNOWN; AU stock not confirmed; track/pathway unresolved; MCDA score incomplete",,,,,,,,,,,,,,,,
harvest-20260512-010,acer predator helios 18 rtx 4090 refurbished,NEEDS_REVIEW,,,,UNKNOWN,UNKNOWN,,UNKNOWN,,,,,,,,,Needs Verification,UNKNOWN,UNKNOWN,UNKNOWN,,cards/harvest-20260512-010_acer-predator-helios-18-rtx-4090-refurbished.md,,Harvested from legacy log; unverified,,acer predator helios 18 rtx 4090 refurbished,,,,,,,,,,,,NEEDS_REVIEW,"missing MCDA: Performance_Headroom, Price_Value, Future_Proof, Portability, Track2_Avoidance; price UNKNOWN; AU stock not confirmed; track/pathway unresolved; MCDA score incomplete",,,,,,,,,,,,,,,,
harvest-20260512-011,acer predator helios neo 16s ai rtx 5060 refurbished,NEEDS_REVIEW,,,,UNKNOWN,UNKNOWN,,UNKNOWN,,,,,,,,,Needs Verification,UNKNOWN,UNKNOWN,UNKNOWN,,cards/harvest-20260512-011_acer-predator-helios-neo-16s-ai-rtx-5060-refurbished.md,,Harvested from legacy log; unverified,,acer predator helios neo 16s ai rtx 5060 refurbished,,,,,,,,,,,,NEEDS_REVIEW,"missing MCDA: Performance_Headroom, Price_Value, Future_Proof, Portability, Track2_Avoidance; price UNKNOWN; AU stock not confirmed; track/pathway unresolved; MCDA score incomplete",,,,,,,,,,,,,,,,
harvest-20260512-012,acer predator orion 7000 other rtx 4080s retail desktops,NEEDS_REVIEW,,,,UNKNOWN,UNKNOWN,,UNKNOWN,,,,,,,,,Needs Verification,UNKNOWN,UNKNOWN,UNKNOWN,,cards/harvest-20260512-012_acer-predator-orion-7000-other-rtx-4080s-retail-desktops.md,,Harvested from legacy log; unverified,,acer predator orion 7000 other rtx 4080s retail desktops,,,,,,,,,,,,NEEDS_REVIEW,"missing MCDA: Performance_Headroom, Price_Value, Future_Proof, Portability, Track2_Avoidance; price UNKNOWN; AU stock not confirmed; track/pathway unresolved; MCDA score incomplete",,,,,,,,,,,,,,,,
harvest-20260512-013,acer predator orion 7000 rtx 4080 super desktop,NEEDS_REVIEW,,,,UNKNOWN,UNKNOWN,,UNKNOWN,,,,,,,,,Needs Verification,UNKNOWN,UNKNOWN,UNKNOWN,,cards/harvest-20260512-013_acer-predator-orion-7000-rtx-4080-super-desktop.md,,Harvested from legacy log; unverified,,acer predator orion 7000 rtx 4080 super desktop,,,,,,,,,,,,NEEDS_REVIEW,"missing MCDA: Performance_Headroom, Price_Value, Future_Proof, Portability, Track2_Avoidance; price UNKNOWN; AU stock not confirmed; track/pathway unresolved; MCDA score incomplete",,,,,,,,,,,,,,,,
harvest-20260512-014,custom rtx 3090 24gb desktop refurbished thinkpad bundle,NEEDS_REVIEW,,,,UNKNOWN,UNKNOWN,,UNKNOWN,,,,,,,,,Needs Verification,UNKNOWN,UNKNOWN,UNKNOWN,,cards/harvest-20260512-014_custom-rtx-3090-24gb-desktop-refurbished-thinkpad-bundle.md,,Harvested from legacy log; unverified,,custom rtx 3090 24gb desktop refurbished thinkpad bundle,,,,,,,,,,,,NEEDS_REVIEW,"missing MCDA: Performance_Headroom, Price_Value, Future_Proof, Portability, Track2_Avoidance; price UNKNOWN; AU stock not confirmed; track/pathway unresolved; MCDA score incomplete",,,,,,,,,,,,,,,,
harvest-20260512-015,evatech 7800x3d rtx 4070 ti desktop,NEEDS_REVIEW,,,,UNKNOWN,UNKNOWN,,UNKNOWN,,,,,,,,,Needs Verification,UNKNOWN,UNKNOWN,UNKNOWN,,cards/harvest-20260512-015_evatech-7800x3d-rtx-4070-ti-desktop.md,,Harvested from legacy log; unverified,,evatech 7800x3d rtx 4070 ti desktop,,,,,,,,,,,,NEEDS_REVIEW,"missing MCDA: Performance_Headroom, Price_Value, Future_Proof, Portability, Track2_Avoidance; price UNKNOWN; AU stock not confirmed; track/pathway unresolved; MCDA score incomplete",,,,,,,,,,,,,,,,
harvest-20260512-016,msi rtx 3090 aero 24gb standalone gpu,NEEDS_REVIEW,,,,UNKNOWN,UNKNOWN,,UNKNOWN,,,,,,,,,Needs Verification,UNKNOWN,UNKNOWN,UNKNOWN,,cards/harvest-20260512-016_msi-rtx-3090-aero-24gb-standalone-gpu.md,,Harvested from legacy log; unverified,,msi rtx 3090 aero 24gb standalone gpu,,,,,,,,,,,,NEEDS_REVIEW,"missing MCDA: Performance_Headroom, Price_Value, Future_Proof, Portability, Track2_Avoidance; price UNKNOWN; AU stock not confirmed; track/pathway unresolved; MCDA score incomplete",,,,,,,,,,,,,,,,
harvest-20260512-017,mike pc msi rtx 3090 aero 24gb gpu build route,NEEDS_REVIEW,,,,UNKNOWN,UNKNOWN,,UNKNOWN,,,,,,,,,Needs Verification,UNKNOWN,UNKNOWN,UNKNOWN,,cards/harvest-20260512-017_mike-pc-msi-rtx-3090-aero-24gb-gpu-build-route.md,,Harvested from legacy log; unverified,,mike pc msi rtx 3090 aero 24gb gpu build route,,,,,,,,,,,,NEEDS_REVIEW,"missing MCDA: Performance_Headroom, Price_Value, Future_Proof, Portability, Track2_Avoidance; price UNKNOWN; AU stock not confirmed; track/pathway unresolved; MCDA score incomplete",,,,,,,,,,,,,,,,
harvest-20260512-018,nebula pc r7 7800x3d rtx 4080 desktop,NEEDS_REVIEW,,,,UNKNOWN,UNKNOWN,,UNKNOWN,,,,,,,,,Needs Verification,UNKNOWN,UNKNOWN,UNKNOWN,,cards/harvest-20260512-018_nebula-pc-r7-7800x3d-rtx-4080-desktop.md,,Harvested from legacy log; unverified,,nebula pc r7 7800x3d rtx 4080 desktop,,,,,,,,,,,,NEEDS_REVIEW,"missing MCDA: Performance_Headroom, Price_Value, Future_Proof, Portability, Track2_Avoidance; price UNKNOWN; AU stock not confirmed; track/pathway unresolved; MCDA score incomplete",,,,,,,,,,,,,,,,
harvest-20260512-019,ple ai advanced rtx 5070 ti 16gb build,NEEDS_REVIEW,,,,UNKNOWN,UNKNOWN,,UNKNOWN,,,,,,,,,Needs Verification,UNKNOWN,UNKNOWN,UNKNOWN,,cards/harvest-20260512-019_ple-ai-advanced-rtx-5070-ti-16gb-build.md,,Harvested from legacy log; unverified,,ple ai advanced rtx 5070 ti 16gb build,,,,,,,,,,,,NEEDS_REVIEW,"missing MCDA: Performance_Headroom, Price_Value, Future_Proof, Portability, Track2_Avoidance; price UNKNOWN; AU stock not confirmed; track/pathway unresolved; MCDA score incomplete",,,,,,,,,,,,,,,,
harvest-20260512-020,ple ai advanced rtx 5070 ti 16gb desktop,NEEDS_REVIEW,,,,UNKNOWN,UNKNOWN,,UNKNOWN,,,,,,,,,Needs Verification,UNKNOWN,UNKNOWN,UNKNOWN,,cards/harvest-20260512-020_ple-ai-advanced-rtx-5070-ti-16gb-desktop.md,,Harvested from legacy log; unverified,,ple ai advanced rtx 5070 ti 16gb desktop,,,,,,,,,,,,NEEDS_REVIEW,"missing MCDA: Performance_Headroom, Price_Value, Future_Proof, Portability, Track2_Avoidance; price UNKNOWN; AU stock not confirmed; track/pathway unresolved; MCDA score incomplete",,,,,,,,,,,,,,,,
harvest-20260512-021,rtx 4080 super 16gb desktop refurbished msi infinite x2 class,NEEDS_REVIEW,,,,UNKNOWN,UNKNOWN,,UNKNOWN,,,,,,,,,Needs Verification,UNKNOWN,UNKNOWN,UNKNOWN,,cards/harvest-20260512-021_rtx-4080-super-16gb-desktop-refurbished-msi-infinite-x2-class.md,,Harvested from legacy log; unverified,,rtx 4080 super 16gb desktop refurbished msi infinite x2 class,,,,,,,,,,,,NEEDS_REVIEW,"missing MCDA: Performance_Headroom, Price_Value, Future_Proof, Portability, Track2_Avoidance; price UNKNOWN; AU stock not confirmed; track/pathway unresolved; MCDA score incomplete",,,,,,,,,,,,,,,,
harvest-20260512-022,rtx 4080 super 16gb prebuilt refurbished msi infinite x2 class,NEEDS_REVIEW,,,,UNKNOWN,UNKNOWN,,UNKNOWN,,,,,,,,,Needs Verification,UNKNOWN,UNKNOWN,UNKNOWN,,cards/harvest-20260512-022_rtx-4080-super-16gb-prebuilt-refurbished-msi-infinite-x2-class.md,,Harvested from legacy log; unverified,,rtx 4080 super 16gb prebuilt refurbished msi infinite x2 class,,,,,,,,,,,,NEEDS_REVIEW,"missing MCDA: Performance_Headroom, Price_Value, Future_Proof, Portability, Track2_Avoidance; price UNKNOWN; AU stock not confirmed; track/pathway unresolved; MCDA score incomplete",,,,,,,,,,,,,,,,
harvest-20260512-023,supertech rtx 4090 gaming pc,NEEDS_REVIEW,,,,UNKNOWN,UNKNOWN,,UNKNOWN,,,,,,,,,Needs Verification,UNKNOWN,UNKNOWN,UNKNOWN,,cards/harvest-20260512-023_supertech-rtx-4090-gaming-pc.md,,Harvested from legacy log; unverified,,supertech rtx 4090 gaming pc,,,,,,,,,,,,NEEDS_REVIEW,"missing MCDA: Performance_Headroom, Price_Value, Future_Proof, Portability, Track2_Avoidance; price UNKNOWN; AU stock not confirmed; track/pathway unresolved; MCDA score incomplete",,,,,,,,,,,,,,,,
harvest-20260512-024,asus rog strix g17 ebay listing,NEEDS_REVIEW,,,,UNKNOWN,UNKNOWN,,UNKNOWN,,,,,,,,,Needs Verification,UNKNOWN,UNKNOWN,UNKNOWN,,cards/harvest-20260512-024_asus-rog-strix-g17-ebay-listing.md,,Harvested from legacy log; unverified,,asus rog strix g17 ebay listing,,,,,,,,,,,,NEEDS_REVIEW,"missing MCDA: Performance_Headroom, Price_Value, Future_Proof, Portability, Track2_Avoidance; price UNKNOWN; AU stock not confirmed; track/pathway unresolved; MCDA score incomplete",,,,,,,,,,,,,,,,
harvest-20260512-025,aorus 17 bsg 17 inch rtx 4070 class,NEEDS_REVIEW,,,,UNKNOWN,UNKNOWN,,UNKNOWN,,,,,,,,,Needs Verification,UNKNOWN,UNKNOWN,UNKNOWN,,cards/harvest-20260512-025_aorus-17-bsg-17-inch-rtx-4070-class.md,,Harvested from legacy log; unverified,,aorus 17 bsg 17 inch rtx 4070 class,,,,,,,,,,,,NEEDS_REVIEW,"missing MCDA: Performance_Headroom, Price_Value, Future_Proof, Portability, Track2_Avoidance; price UNKNOWN; AU stock not confirmed; track/pathway unresolved; MCDA score incomplete",,,,,,,,,,,,,,,,
harvest-20260512-026,asus rog strix scar 17 rtx 4090,NEEDS_REVIEW,,,,UNKNOWN,UNKNOWN,,UNKNOWN,,,,,,,,,Needs Verification,UNKNOWN,UNKNOWN,UNKNOWN,,cards/harvest-20260512-026_asus-rog-strix-scar-17-rtx-4090.md,,Harvested from legacy log; unverified,,asus rog strix scar 17 rtx 4090,,,,,,,,,,,,NEEDS_REVIEW,"missing MCDA: Performance_Headroom, Price_Value, Future_Proof, Portability, Track2_Avoidance; price UNKNOWN; AU stock not confirmed; track/pathway unresolved; MCDA score incomplete",,,,,,,,,,,,,,,,
harvest-20260512-027,dell alienware m18 area 51 18 inch rtx 4090 class,NEEDS_REVIEW,,,,UNKNOWN,UNKNOWN,,UNKNOWN,,,,,,,,,Needs Verification,UNKNOWN,UNKNOWN,UNKNOWN,,cards/harvest-20260512-027_dell-alienware-m18-area-51-18-inch-rtx-4090-class.md,,Harvested from legacy log; unverified,,dell alienware m18 area 51 18 inch rtx 4090 class,,,,,,,,,,,,NEEDS_REVIEW,"missing MCDA: Performance_Headroom, Price_Value, Future_Proof, Portability, Track2_Avoidance; price UNKNOWN; AU stock not confirmed; track/pathway unresolved; MCDA score incomplete",,,,,,,,,,,,,,,,
harvest-20260512-028,dell alienware m18 area 51 rtx 4090 configuration,NEEDS_REVIEW,,,,UNKNOWN,UNKNOWN,,UNKNOWN,,,,,,,,,Needs Verification,UNKNOWN,UNKNOWN,UNKNOWN,,cards/harvest-20260512-028_dell-alienware-m18-area-51-rtx-4090-configuration.md,,Harvested from legacy log; unverified,,dell alienware m18 area 51 rtx 4090 configuration,,,,,,,,,,,,NEEDS_REVIEW,"missing MCDA: Performance_Headroom, Price_Value, Future_Proof, Portability, Track2_Avoidance; price UNKNOWN; AU stock not confirmed; track/pathway unresolved; MCDA score incomplete",,,,,,,,,,,,,,,,
harvest-20260512-029,hp omen transcend 16,NEEDS_REVIEW,,,,UNKNOWN,UNKNOWN,,UNKNOWN,,,,,,,,,Needs Verification,UNKNOWN,UNKNOWN,UNKNOWN,,cards/harvest-20260512-029_hp-omen-transcend-16.md,,Harvested from legacy log; unverified,,hp omen transcend 16,,,,,,,,,,,,NEEDS_REVIEW,"missing MCDA: Performance_Headroom, Price_Value, Future_Proof, Portability, Track2_Avoidance; price UNKNOWN; AU stock not confirmed; track/pathway unresolved; MCDA score incomplete",,,,,,,,,,,,,,,,
harvest-20260512-030,lenovo legion pro 7 i9 13900hx rtx 4090,NEEDS_REVIEW,,,,UNKNOWN,UNKNOWN,,UNKNOWN,,,,,,,,,Needs Verification,UNKNOWN,UNKNOWN,UNKNOWN,,cards/harvest-20260512-030_lenovo-legion-pro-7-i9-13900hx-rtx-4090.md,,Harvested from legacy log; unverified,,lenovo legion pro 7 i9 13900hx rtx 4090,,,,,,,,,,,,NEEDS_REVIEW,"missing MCDA: Performance_Headroom, Price_Value, Future_Proof, Portability, Track2_Avoidance; price UNKNOWN; AU stock not confirmed; track/pathway unresolved; MCDA score incomplete",,,,,,,,,,,,,,,,
harvest-20260512-031,lenovo legion pro 7i rtx 4090 16gb,NEEDS_REVIEW,,,,UNKNOWN,UNKNOWN,,UNKNOWN,,,,,,,,,Needs Verification,UNKNOWN,UNKNOWN,UNKNOWN,,cards/harvest-20260512-031_lenovo-legion-pro-7i-rtx-4090-16gb.md,,Harvested from legacy log; unverified,,lenovo legion pro 7i rtx 4090 16gb,,,,,,,,,,,,NEEDS_REVIEW,"missing MCDA: Performance_Headroom, Price_Value, Future_Proof, Portability, Track2_Avoidance; price UNKNOWN; AU stock not confirmed; track/pathway unresolved; MCDA score incomplete",,,,,,,,,,,,,,,,
harvest-20260512-032,lenovo legion pro 7i direct lenovo option,NEEDS_REVIEW,,,,UNKNOWN,UNKNOWN,,UNKNOWN,,,,,,,,,Needs Verification,UNKNOWN,UNKNOWN,UNKNOWN,,cards/harvest-20260512-032_lenovo-legion-pro-7i-direct-lenovo-option.md,,Harvested from legacy log; unverified,,lenovo legion pro 7i direct lenovo option,,,,,,,,,,,,NEEDS_REVIEW,"missing MCDA: Performance_Headroom, Price_Value, Future_Proof, Portability, Track2_Avoidance; price UNKNOWN; AU stock not confirmed; track/pathway unresolved; MCDA score incomplete",,,,,,,,,,,,,,,,
harvest-20260512-033,lenovo legion pro 7i i9 14900hx rtx 4090,NEEDS_REVIEW,,,,UNKNOWN,UNKNOWN,,UNKNOWN,,,,,,,,,Needs Verification,UNKNOWN,UNKNOWN,UNKNOWN,,cards/harvest-20260512-033_lenovo-legion-pro-7i-i9-14900hx-rtx-4090.md,,Harvested from legacy log; unverified,,lenovo legion pro 7i i9 14900hx rtx 4090,,,,,,,,,,,,NEEDS_REVIEW,"missing MCDA: Performance_Headroom, Price_Value, Future_Proof, Portability, Track2_Avoidance; price UNKNOWN; AU stock not confirmed; track/pathway unresolved; MCDA score incomplete",,,,,,,,,,,,,,,,
harvest-20260512-034,msi katana 17 hx rtx 5060,NEEDS_REVIEW,,,,UNKNOWN,UNKNOWN,,UNKNOWN,,,,,,,,,Needs Verification,UNKNOWN,UNKNOWN,UNKNOWN,,cards/harvest-20260512-034_msi-katana-17-hx-rtx-5060.md,,Harvested from legacy log; unverified,,msi katana 17 hx rtx 5060,,,,,,,,,,,,NEEDS_REVIEW,"missing MCDA: Performance_Headroom, Price_Value, Future_Proof, Portability, Track2_Avoidance; price UNKNOWN; AU stock not confirmed; track/pathway unresolved; MCDA score incomplete",,,,,,,,,,,,,,,,
harvest-20260512-035,pioneer dreambook power x370 rtx 4090,NEEDS_REVIEW,,,,UNKNOWN,UNKNOWN,,UNKNOWN,,,,,,,,,Needs Verification,UNKNOWN,UNKNOWN,UNKNOWN,,cards/harvest-20260512-035_pioneer-dreambook-power-x370-rtx-4090.md,,Harvested from legacy log; unverified,,pioneer dreambook power x370 rtx 4090,,,,,,,,,,,,NEEDS_REVIEW,"missing MCDA: Performance_Headroom, Price_Value, Future_Proof, Portability, Track2_Avoidance; price UNKNOWN; AU stock not confirmed; track/pathway unresolved; MCDA score incomplete",,,,,,,,,,,,,,,,
harvest-20260512-036,minisforum ms 01 deg1 oculink rtx 3090 24gb,NEEDS_REVIEW,,,,UNKNOWN,UNKNOWN,,UNKNOWN,,,,,,,,,Needs Verification,UNKNOWN,UNKNOWN,UNKNOWN,,cards/harvest-20260512-036_minisforum-ms-01-deg1-oculink-rtx-3090-24gb.md,,Harvested from legacy log; unverified,,minisforum ms 01 deg1 oculink rtx 3090 24gb,,,,,,,,,,,,NEEDS_REVIEW,"missing MCDA: Performance_Headroom, Price_Value, Future_Proof, Portability, Track2_Avoidance; price UNKNOWN; AU stock not confirmed; track/pathway unresolved; MCDA score incomplete",,,,,,,,,,,,,,,,
harvest-20260512-037,minisforum ms 01 deg1 oculink rtx 4070 ti super 16gb,NEEDS_REVIEW,,,,UNKNOWN,UNKNOWN,,UNKNOWN,,,,,,,,,Needs Verification,UNKNOWN,UNKNOWN,UNKNOWN,,cards/harvest-20260512-037_minisforum-ms-01-deg1-oculink-rtx-4070-ti-super-16gb.md,,Harvested from legacy log; unverified,,minisforum ms 01 deg1 oculink rtx 4070 ti super 16gb,,,,,,,,,,,,NEEDS_REVIEW,"missing MCDA: Performance_Headroom, Price_Value, Future_Proof, Portability, Track2_Avoidance; price UNKNOWN; AU stock not confirmed; track/pathway unresolved; MCDA score incomplete",,,,,,,,,,,,,,,,
harvest-20260512-038,custom rtx 3090 24gb desktop refurbished thinkpad class laptop,NEEDS_REVIEW,,,,UNKNOWN,UNKNOWN,,UNKNOWN,,,,,,,,,Needs Verification,UNKNOWN,UNKNOWN,UNKNOWN,,cards/harvest-20260512-038_custom-rtx-3090-24gb-desktop-refurbished-thinkpad-class-laptop.md,,Harvested from legacy log; unverified,,custom rtx 3090 24gb desktop refurbished thinkpad class laptop,,,,,,,,,,,,NEEDS_REVIEW,"missing MCDA: Performance_Headroom, Price_Value, Future_Proof, Portability, Track2_Avoidance; price UNKNOWN; AU stock not confirmed; track/pathway unresolved; MCDA score incomplete",,,,,,,,,,,,,,,,
