intake_id,item_name,status,profile,category,Category_Group,track,pathway,gpu_model,vram_gb,unified_memory_gb,price_aud,Over_Budget,Price_Unknown,condition,retailer,verification_status,au_stock,batch,source_file,exceptional_override,shortlist_reason,soft_penalty_notes,Machine,Type,VRAM_Adequacy,GPU_Compute_Tier,Value_Score,Price_to_Perf,Condition_Risk,Verification_Confidence,Sustained_TGP_Rating,Portability_Score,current_best_price_aud,current_best_retailer,current_best_url,in_stock_now,student_discount_possible,cashback_possible,cashback_source,stackable_coupons_confirmed,price_match_possible,price_beat_possible,effective_best_price_aud,promo_notes,pricing_checked_at
intake-034,Lenovo ThinkStation P330 Tiny Desktop,ACTIVE,Desktop,desktop,Complete_System,UNKNOWN,UNKNOWN,UNKNOWN,UNKNOWN,UNKNOWN,469.0,No,,Refurbished,UNKNOWN,Unverified,UNKNOWN,2026-05-05_notebooklm_batch1_processed,NotebookLM_Workspaces/02_Refurbished_Desktop_Towers/intake-034_lenovo-thinkstation-p330-tiny-desktop.md,,Passed gates,Unverified — confirm specs before scoring; AU stock: UNKNOWN,intake-034,Candidate,,,,,,,,,,,,,,,,,,,,,
intake-065,Dell OptiPlex 5060 SFF,ACTIVE,Desktop,desktop,Complete_System,UNKNOWN,UNKNOWN,UNKNOWN,UNKNOWN,UNKNOWN,238.99,No,,Refurbished,UNKNOWN,Unverified,UNKNOWN,2026-05-05_notebooklm_batch1_processed,NotebookLM_Workspaces/02_Refurbished_Desktop_Towers/intake-065_dell-optiplex-5060-sff.md,,Passed gates,Unverified — confirm specs before scoring; AU stock: UNKNOWN,intake-065,Candidate,,,,,,,,,,,,,,,,,,,,,
intake-050,PLE Sidekick RTX 4070 Super EX-DEMO,ACTIVE,Desktop,desktop,Complete_System,UNKNOWN,UNKNOWN,RTX 4070 Super,12.0,UNKNOWN,3079.0,No,,Open Box,UNKNOWN,Unverified,UNKNOWN,2026-05-05_notebooklm_batch1_processed,NotebookLM_Workspaces/02_Refurbished_Desktop_Towers/intake-050_ple-sidekick-rtx-4070-super-ex-demo.md,,Passed gates,Unverified — confirm specs before scoring; AU stock: UNKNOWN,intake-050,Candidate,,,,,,,,,,,,,,,,,,,,,
intake-048,Metrocom Custom 5700X RTX 4070 Super,PARKED,Desktop,desktop,Complete_System,UNKNOWN,UNKNOWN,RTX 4070 Super,12.0,UNKNOWN,2350.0,No,,New,UNKNOWN,Unverified,UNKNOWN,2026-05-05_notebooklm_batch1_processed,NotebookLM_Workspaces/03_New_Desktop_Systems/intake-048_metrocom-custom-5700x-rtx-4070-super.md,,Passed gates,Unverified — confirm specs before scoring; AU stock: UNKNOWN,intake-048,Candidate,,,,,,,,,,,,,,,,,,,,,
intake-049,Nebula PC Titan Ryzen 7 7800X3D RTX 5070,PARKED,Desktop,desktop,Complete_System,UNKNOWN,UNKNOWN,RTX 5070,12.0,UNKNOWN,2238.0,No,,New,UNKNOWN,Unverified,UNKNOWN,2026-05-05_notebooklm_batch1_processed,NotebookLM_Workspaces/03_New_Desktop_Systems/intake-049_nebula-pc-titan-ryzen-7-7800x3d-rtx-5070.md,,Passed gates,Unverified — confirm specs before scoring; AU stock: UNKNOWN,intake-049,Candidate,,,,,,,,,,,,,,,,,,,,,
intake-050,PLE Sidekick RTX 4070 Super EX-DEMO,ACTIVE,Desktop,desktop,Complete_System,UNKNOWN,UNKNOWN,RTX 4070 Super,12.0,UNKNOWN,3079.0,No,,UNKNOWN,UNKNOWN,Unverified,UNKNOWN,2026-05-05_notebooklm_batch1_processed,NotebookLM_Workspaces/03_New_Desktop_Systems/intake-050_ple-sidekick-rtx-4070-super-ex-demo.md,,Passed gates,Unverified — confirm specs before scoring; AU stock: UNKNOWN,intake-050,Candidate,,,,,,,,,,,,,,,,,,,,,
intake-018,Mid-range build,PARKED,Desktop,diy build,Complete_System,UNKNOWN,UNKNOWN,RTX 4070 Super,12.0,UNKNOWN,1599.0,No,,New,UNKNOWN,Unverified,UNKNOWN,2026-05-05_notebooklm_batch1_processed,NotebookLM_Workspaces/08_Custom_Builds/intake-018_mid-range-build.md,,Passed gates,Unverified — confirm specs before scoring; AU stock: UNKNOWN,intake-018,Candidate,,,,,,,,,,,,,,,,,,,,,
intake-041,ACT Dell 3650 + A4000,ACTIVE,Desktop,desktop,Complete_System,UNKNOWN,UNKNOWN,RTX A4000,16.0,UNKNOWN,1800.0,No,,Refurbished,UNKNOWN,Unverified,UNKNOWN,2026-05-05_notebooklm_batch1_processed,NotebookLM_Workspaces/02_Refurbished_Desktop_Towers/intake-041_act-dell-3650-a4000.md,,Passed gates,Unverified — confirm specs before scoring; AU stock: UNKNOWN,intake-041,Candidate,,,,,,,,,,,,,,,,,,,,,
intake-046,Acer Predator Orion 7000 RTX 4080 refurbished,ACTIVE,Desktop,desktop,Complete_System,UNKNOWN,UNKNOWN,RTX 4080,16.0,UNKNOWN,3699.0,No,,Refurbished,UNKNOWN,Unverified,UNKNOWN,2026-05-05_notebooklm_batch1_processed,NotebookLM_Workspaces/02_Refurbished_Desktop_Towers/intake-046_acer-predator-orion-7000-rtx-4080-refurbished.md,,Passed gates,Unverified — confirm specs before scoring; AU stock: UNKNOWN,intake-046,Candidate,,,,,,,,,,,,,,,,,,,,,
intake-007,PLE AI Advanced RTX 5070 Ti Desktop,PARKED,Desktop,desktop,Complete_System,UNKNOWN,UNKNOWN,RTX 5070 Ti,16.0,UNKNOWN,3907.0,No,,New,UNKNOWN,Unverified,UNKNOWN,2026-05-05_notebooklm_batch1_processed,NotebookLM_Workspaces/03_New_Desktop_Systems/intake-007_ple-ai-advanced-rtx-5070-ti-desktop.md,,Passed gates,Unverified — confirm specs before scoring; AU stock: UNKNOWN,intake-007,Candidate,,,,,,,,,,,,,,,,,,,,,
intake-008,Evatech Y40K RTX 4080 Super Gaming PC,PARKED,Desktop,desktop,Complete_System,UNKNOWN,UNKNOWN,RTX 4080 Super,16.0,UNKNOWN,UNKNOWN,No,Yes,New,UNKNOWN,Unverified,UNKNOWN,2026-05-05_notebooklm_batch1_processed,NotebookLM_Workspaces/03_New_Desktop_Systems/intake-008_evatech-y40k-rtx-4080-super-gaming-pc.md,,Passed gates,Price UNKNOWN — research required; Unverified — confirm specs before scoring; AU stock: UNKNOWN,intake-008,Candidate,,,,,,,,,,,,,,,,,,,,,
intake-016,OKINOS Studio Pro - RTX 5070 Ti/3090,PARKED,Desktop,desktop,Complete_System,UNKNOWN,UNKNOWN,RTX 5070 Ti,16.0,UNKNOWN,3599.0,No,,New,UNKNOWN,Unverified,UNKNOWN,2026-05-05_notebooklm_batch1_processed,NotebookLM_Workspaces/03_New_Desktop_Systems/intake-016_okinos-studio-pro-rtx-5070-ti3090.md,,Passed gates,Unverified — confirm specs before scoring; AU stock: UNKNOWN,intake-016,Candidate,,,,,,,,,,,,,,,,,,,,,
intake-032,TOPAZ SNOW PC,PARKED,Desktop,desktop,Complete_System,UNKNOWN,UNKNOWN,RTX 5070 Ti,16.0,UNKNOWN,2699.0,No,,New,UNKNOWN,Unverified,UNKNOWN,2026-05-05_notebooklm_batch1_processed,NotebookLM_Workspaces/03_New_Desktop_Systems/intake-032_topaz-snow-pc.md,,Passed gates,Unverified — confirm specs before scoring; AU stock: UNKNOWN,intake-032,Candidate,,,,,,,,,,,,,,,,,,,,,
intake-033,VISION ONYX PC,PARKED,Desktop,desktop,Complete_System,UNKNOWN,UNKNOWN,RTX 5080,16.0,UNKNOWN,3999.0,No,,New,UNKNOWN,Unverified,UNKNOWN,2026-05-05_notebooklm_batch1_processed,NotebookLM_Workspaces/03_New_Desktop_Systems/intake-033_vision-onyx-pc.md,,Passed gates,Unverified — confirm specs before scoring; AU stock: UNKNOWN,intake-033,Candidate,,,,,,,,,,,,,,,,,,,,,
intake-037,Thermaltake Horizon Xtreme tower + X1 Carbon,PARKED,Desktop,desktop,Complete_System,UNKNOWN,UNKNOWN,RTX 4080 Super,16.0,UNKNOWN,4543.0,Yes,,New,UNKNOWN,Unverified,UNKNOWN,2026-05-05_notebooklm_batch1_processed,NotebookLM_Workspaces/03_New_Desktop_Systems/intake-037_thermaltake-horizon-xtreme-tower-x1-carbon.md,,Passed gates,"Exceeds $4,500 AUD budget (price: $4,543.00); Unverified — confirm specs before scoring; AU stock: UNKNOWN",intake-037,Candidate,,,,,,,,,,,,,,,,,,,,,
intake-043,PLE Pixel 5070 Ti,PARKED,Desktop,desktop,Complete_System,UNKNOWN,UNKNOWN,RTX 5070 Ti,16.0,UNKNOWN,3799.0,No,,New,UNKNOWN,Unverified,UNKNOWN,2026-05-05_notebooklm_batch1_processed,NotebookLM_Workspaces/03_New_Desktop_Systems/intake-043_ple-pixel-5070-ti.md,,Passed gates,Unverified — confirm specs before scoring; AU stock: UNKNOWN,intake-043,Candidate,,,,,,,,,,,,,,,,,,,,,
intake-044,Scorptec Eclipse RTX 5070 Ti Gaming PC,PARKED,Desktop,desktop,Complete_System,UNKNOWN,UNKNOWN,RTX 5070 Ti,16.0,UNKNOWN,3399.0,No,,New,UNKNOWN,Verified,UNKNOWN,2026-05-05_notebooklm_batch1_processed,NotebookLM_Workspaces/03_New_Desktop_Systems/intake-044_scorptec-eclipse-rtx-5070-ti-gaming-pc.md,,Passed gates,AU stock: UNKNOWN,intake-044,Candidate,,,,,,,,,,,,,,,,,,,,,
intake-054,CONSTELLAR ONYX PC — RTX 4080 SUPER,PARKED,Desktop,desktop,Complete_System,UNKNOWN,UNKNOWN,RTX 4080 Super,16.0,UNKNOWN,4099.0,No,,UNKNOWN,UNKNOWN,Unverified,UNKNOWN,2026-05-05_notebooklm_batch1_processed,NotebookLM_Workspaces/03_New_Desktop_Systems/intake-054_constellar-onyx-pc-rtx-4080-super.md,,Passed gates,Unverified — confirm specs before scoring; AU stock: UNKNOWN,intake-054,Candidate,,,,,,,,,,,,,,,,,,,,,
intake-055,Scorptec 32-Core Compute Platform,PARKED,Desktop,desktop,Complete_System,UNKNOWN,UNKNOWN,RTX PRO 4000,16.0,UNKNOWN,UNKNOWN,No,Yes,New,UNKNOWN,Unverified,UNKNOWN,2026-05-05_notebooklm_batch1_processed,NotebookLM_Workspaces/03_New_Desktop_Systems/intake-055_scorptec-32-core-compute-platform.md,,Passed gates,Price UNKNOWN — research required; Unverified — confirm specs before scoring; AU stock: UNKNOWN,intake-055,Candidate,,,,,,,,,,,,,,,,,,,,,
intake-017,Budget build,PARKED,Desktop,diy build,Complete_System,UNKNOWN,UNKNOWN,RTX 4060 Ti,16.0,UNKNOWN,899.0,No,,New,UNKNOWN,Unverified,UNKNOWN,2026-05-05_notebooklm_batch1_processed,NotebookLM_Workspaces/08_Custom_Builds/intake-017_budget-build.md,,Passed gates,Unverified — confirm specs before scoring; AU stock: UNKNOWN,intake-017,Candidate,,,,,,,,,,,,,,,,,,,,,
intake-003,Dell Precision 5820 Tower Bundle,ACTIVE,Desktop,desktop,Complete_System,UNKNOWN,UNKNOWN,RTX 3090,24.0,UNKNOWN,3558.0,No,,Refurbished,UNKNOWN,Unverified,UNKNOWN,2026-05-05_notebooklm_batch1_processed,NotebookLM_Workspaces/02_Refurbished_Desktop_Towers/intake-003_dell-precision-5820-tower-bundle.md,,Passed gates,Unverified — confirm specs before scoring; AU stock: UNKNOWN,intake-003,Candidate,,,,,,,,,,,,,,,,,,,,,
intake-004,HP Z4 G4 Workstation (Refurbished Base),ACTIVE,Desktop,desktop,Complete_System,UNKNOWN,UNKNOWN,RTX 3090,24.0,UNKNOWN,3500.0,No,,Refurbished,UNKNOWN,Unverified,UNKNOWN,2026-05-05_notebooklm_batch1_processed,NotebookLM_Workspaces/02_Refurbished_Desktop_Towers/intake-004_hp-z4-g4-workstation-refurbished-base.md,,Passed gates,Unverified — confirm specs before scoring; AU stock: UNKNOWN,intake-004,Candidate,,,,,,,,,,,,,,,,,,,,,
intake-005,Dell Precision T7910 (Refurbished Base),ACTIVE,Desktop,desktop,Complete_System,UNKNOWN,UNKNOWN,RTX 3090,24.0,UNKNOWN,1875.0,No,,Refurbished,UNKNOWN,Unverified,UNKNOWN,2026-05-05_notebooklm_batch1_processed,NotebookLM_Workspaces/02_Refurbished_Desktop_Towers/intake-005_dell-precision-t7910-refurbished-base.md,,Passed gates,Unverified — confirm specs before scoring; AU stock: UNKNOWN,intake-005,Candidate,,,,,,,,,,,,,,,,,,,,,
intake-006,Alienware Aurora R12 (Refurbished),ACTIVE,Desktop,desktop,Complete_System,UNKNOWN,UNKNOWN,RTX 3090,24.0,UNKNOWN,3884.0,No,,Refurbished,UNKNOWN,Unverified,UNKNOWN,2026-05-05_notebooklm_batch1_processed,NotebookLM_Workspaces/02_Refurbished_Desktop_Towers/intake-006_alienware-aurora-r12-refurbished.md,,Passed gates,Unverified — confirm specs before scoring; AU stock: UNKNOWN,intake-006,Candidate,,,,,,,,,,,,,,,,,,,,,
intake-023,Gaming PC Jonsbo MOD 5 ASRock x570 Aqua,ACTIVE,Desktop,desktop,Complete_System,UNKNOWN,UNKNOWN,RTX 3090,24.0,UNKNOWN,3898.3,No,,Refurbished,UNKNOWN,Unverified,UNKNOWN,2026-05-05_notebooklm_batch1_processed,NotebookLM_Workspaces/02_Refurbished_Desktop_Towers/intake-023_gaming-pc-jonsbo-mod-5-asrock-x570-aqua.md,,Passed gates,Unverified — confirm specs before scoring; AU stock: UNKNOWN,intake-023,Candidate,,,,,,,,,,,,,,,,,,,,,
intake-035,Specialized EVGA 3090 Custom Build,PARKED,Desktop,desktop,Complete_System,UNKNOWN,UNKNOWN,RTX 3090,24.0,UNKNOWN,2953.0,No,,Refurbished,UNKNOWN,Unverified,UNKNOWN,2026-05-05_notebooklm_batch1_processed,NotebookLM_Workspaces/02_Refurbished_Desktop_Towers/intake-035_specialized-evga-3090-custom-build.md,,Passed gates,Unverified — confirm specs before scoring; AU stock: UNKNOWN,intake-035,Candidate,,,,,,,,,,,,,,,,,,,,,
intake-040,Recompute Dell Precision 5820 Tower + ACT ThinkPad,ACTIVE,Desktop,desktop,Complete_System,UNKNOWN,UNKNOWN,RTX 3090,24.0,UNKNOWN,3558.0,No,,Refurbished,UNKNOWN,Unverified,UNKNOWN,2026-05-05_notebooklm_batch1_processed,NotebookLM_Workspaces/02_Refurbished_Desktop_Towers/intake-040_recompute-dell-precision-5820-tower-act-thinkpad.md,,Passed gates,Unverified — confirm specs before scoring; AU stock: UNKNOWN,intake-040,Candidate,,,,,,,,,,,,,,,,,,,,,
intake-042,HP Z4 G4 + used 3090,ACTIVE,Desktop,desktop,Complete_System,UNKNOWN,UNKNOWN,RTX 3090,24.0,UNKNOWN,2800.0,No,,Refurbished,UNKNOWN,Unverified,UNKNOWN,2026-05-05_notebooklm_batch1_processed,NotebookLM_Workspaces/02_Refurbished_Desktop_Towers/intake-042_hp-z4-g4-used-3090.md,,Passed gates,Unverified — confirm specs before scoring; AU stock: UNKNOWN,intake-042,Candidate,,,,,,,,,,,,,,,,,,,,,
intake-047,Alienware Aurora R12 RTX 3090 refurbished,ACTIVE,Desktop,desktop,Complete_System,UNKNOWN,UNKNOWN,RTX 3090,24.0,UNKNOWN,3884.0,No,,Refurbished,UNKNOWN,Unverified,UNKNOWN,2026-05-05_notebooklm_batch1_processed,NotebookLM_Workspaces/02_Refurbished_Desktop_Towers/intake-047_alienware-aurora-r12-rtx-3090-refurbished.md,,Passed gates,Unverified — confirm specs before scoring; AU stock: UNKNOWN,intake-047,Candidate,,,,,,,,,,,,,,,,,,,,,
intake-066,Dell Precision 5820 Tower Workstation (32GB RAM),ACTIVE,Desktop,desktop,Complete_System,UNKNOWN,UNKNOWN,RTX 3090,24.0,UNKNOWN,2399.0,No,,Refurbished,UNKNOWN,Unverified,UNKNOWN,2026-05-05_notebooklm_batch1_processed,NotebookLM_Workspaces/02_Refurbished_Desktop_Towers/intake-066_dell-precision-5820-tower-workstation-32gb-ram.md,,Passed gates,Unverified — confirm specs before scoring; AU stock: UNKNOWN,intake-066,Candidate,,,,,,,,,,,,,,,,,,,,,
intake-002,Supertech Computers RTX 4090 Gaming PC,PARKED,Desktop,desktop,Complete_System,UNKNOWN,UNKNOWN,RTX 4090,24.0,UNKNOWN,5799.0,Yes,,New,UNKNOWN,Unverified,UNKNOWN,2026-05-05_notebooklm_batch1_processed,NotebookLM_Workspaces/03_New_Desktop_Systems/intake-002_supertech-computers-rtx-4090-gaming-pc.md,≥ 24.0GB VRAM allows budget stretch to $6000.0,Passed via exceptional override,"Exceeds $4,500 AUD budget (price: $5,799.00) [ALLOWED: ≥ 24.0GB VRAM allows budget stretch to $6000.0]; Unverified — confirm specs before scoring; AU stock: UNKNOWN",intake-002,Candidate,,,,,,,,,,,,,,,,,,,,,
intake-022,Gaming PC Intel i9-12th Gen NVIDIA RTX 3090,PARKED,Desktop,desktop,Complete_System,UNKNOWN,UNKNOWN,RTX 3090,24.0,UNKNOWN,5271.98,Yes,,New,UNKNOWN,Unverified,UNKNOWN,2026-05-05_notebooklm_batch1_processed,NotebookLM_Workspaces/03_New_Desktop_Systems/intake-022_gaming-pc-intel-i9-12th-gen-nvidia-rtx-3090.md,≥ 24.0GB VRAM allows budget stretch to $6000.0,Passed via exceptional override,"Exceeds $4,500 AUD budget (price: $5,271.98) [ALLOWED: ≥ 24.0GB VRAM allows budget stretch to $6000.0]; Unverified — confirm specs before scoring; AU stock: UNKNOWN",intake-022,Candidate,,,,,,,,,,,,,,,,,,,,,
intake-023,Gaming PC Jonsbo MOD 5 ASRock x570 Aqua,ACTIVE,Desktop,desktop,Complete_System,UNKNOWN,UNKNOWN,RTX 3090,24.0,UNKNOWN,3898.3,No,,UNKNOWN,UNKNOWN,Unverified,UNKNOWN,2026-05-05_notebooklm_batch1_processed,NotebookLM_Workspaces/03_New_Desktop_Systems/intake-023_gaming-pc-jonsbo-mod-5-asrock-x570-aqua.md,,Passed gates,Unverified — confirm specs before scoring; AU stock: UNKNOWN,intake-023,Candidate,,,,,,,,,,,,,,,,,,,,,
intake-035,Specialized EVGA 3090 Custom Build,PARKED,Desktop,desktop,Complete_System,UNKNOWN,UNKNOWN,RTX 3090,24.0,UNKNOWN,2953.0,No,,UNKNOWN,UNKNOWN,Unverified,UNKNOWN,2026-05-05_notebooklm_batch1_processed,NotebookLM_Workspaces/03_New_Desktop_Systems/intake-035_specialized-evga-3090-custom-build.md,,Passed gates,Unverified — confirm specs before scoring; AU stock: UNKNOWN,intake-035,Candidate,,,,,,,,,,,,,,,,,,,,,
intake-019,Pro build,PARKED,Desktop,diy build,Complete_System,UNKNOWN,UNKNOWN,RTX 4090,24.0,UNKNOWN,2899.0,No,,New,UNKNOWN,Unverified,UNKNOWN,2026-05-05_notebooklm_batch1_processed,NotebookLM_Workspaces/08_Custom_Builds/intake-019_pro-build.md,,Passed gates,Unverified — confirm specs before scoring; AU stock: UNKNOWN,intake-019,Candidate,,,,,,,,,,,,,,,,,,,,,
intake-024,Skytech Prism 4 Gaming PC,PARKED,Desktop,desktop,Complete_System,UNKNOWN,UNKNOWN,RTX 5090,32.0,UNKNOWN,6599.98,Yes,,New,UNKNOWN,Unverified,UNKNOWN,2026-05-05_notebooklm_batch1_processed,NotebookLM_Workspaces/03_New_Desktop_Systems/intake-024_skytech-prism-4-gaming-pc.md,,Passed gates,"Exceeds $4,500 AUD budget (price: $6,599.98); Unverified — confirm specs before scoring; AU stock: UNKNOWN",intake-024,Candidate,,,,,,,,,,,,,,,,,,,,,
intake-025,HP OMEN 45L GT22-3090 Gaming PC,PARKED,Desktop,desktop,Complete_System,UNKNOWN,UNKNOWN,RTX 5090,32.0,UNKNOWN,7499.98,Yes,,New,UNKNOWN,Unverified,UNKNOWN,2026-05-05_notebooklm_batch1_processed,NotebookLM_Workspaces/03_New_Desktop_Systems/intake-025_hp-omen-45l-gt22-3090-gaming-pc.md,,Passed gates,"Exceeds $4,500 AUD budget (price: $7,499.98); Unverified — confirm specs before scoring; AU stock: UNKNOWN",intake-025,Candidate,,,,,,,,,,,,,,,,,,,,,
intake-026,CLX Horus Gaming Desktop,PARKED,Desktop,desktop,Complete_System,UNKNOWN,UNKNOWN,RTX 5090,32.0,UNKNOWN,9899.98,Yes,,New,UNKNOWN,Unverified,UNKNOWN,2026-05-05_notebooklm_batch1_processed,NotebookLM_Workspaces/03_New_Desktop_Systems/intake-026_clx-horus-gaming-desktop.md,,Passed gates,"Exceeds $4,500 AUD budget (price: $9,899.98); Unverified — confirm specs before scoring; AU stock: UNKNOWN",intake-026,Candidate,,,,,,,,,,,,,,,,,,,,,
intake-062,Allied M.O.A.B-A: RTX 5090 32GB Gaming PC,PARKED,Desktop,desktop,Complete_System,UNKNOWN,UNKNOWN,RTX 5090,32.0,UNKNOWN,UNKNOWN,No,Yes,New,UNKNOWN,Unverified,UNKNOWN,2026-05-05_notebooklm_batch1_processed,NotebookLM_Workspaces/03_New_Desktop_Systems/intake-062_allied-moab-a-rtx-5090-32gb-gaming-pc.md,,Passed gates,Price UNKNOWN — research required; Unverified — confirm specs before scoring; AU stock: UNKNOWN,intake-062,Candidate,,,,,,,,,,,,,,,,,,,,,
intake-063,Scorptec Vengeance RTX 5090 Gaming PC,PARKED,Desktop,desktop,Complete_System,UNKNOWN,UNKNOWN,RTX 5090,32.0,UNKNOWN,UNKNOWN,No,Yes,New,UNKNOWN,Unverified,UNKNOWN,2026-05-05_notebooklm_batch1_processed,NotebookLM_Workspaces/03_New_Desktop_Systems/intake-063_scorptec-vengeance-rtx-5090-gaming-pc.md,,Passed gates,Price UNKNOWN — research required; Unverified — confirm specs before scoring; AU stock: UNKNOWN,intake-063,Candidate,,,,,,,,,,,,,,,,,,,,,
intake-064,AETHER : LVL 10 ICE MAX RTX 5090 Desktop PC,PARKED,Desktop,desktop,Complete_System,UNKNOWN,UNKNOWN,RTX 5090,32.0,UNKNOWN,UNKNOWN,No,Yes,New,UNKNOWN,Unverified,UNKNOWN,2026-05-05_notebooklm_batch1_processed,NotebookLM_Workspaces/03_New_Desktop_Systems/intake-064_aether-lvl-10-ice-max-rtx-5090-desktop-pc.md,,Passed gates,Price UNKNOWN — research required; Unverified — confirm specs before scoring; AU stock: UNKNOWN,intake-064,Candidate,,,,,,,,,,,,,,,,,,,,,
intake-001,Dual RTX 3090 24GB GPU Pro Workstation (Pure 501 Black),PARKED,Desktop,desktop,Complete_System,UNKNOWN,UNKNOWN,RTX 3090,48.0,UNKNOWN,5998.5,Yes,,New,UNKNOWN,Unverified,UNKNOWN,2026-05-05_notebooklm_batch1_processed,NotebookLM_Workspaces/03_New_Desktop_Systems/intake-001_dual-rtx-3090-24gb-gpu-pro-workstation-pure-501-black.md,≥ 24.0GB VRAM allows budget stretch to $6000.0,Passed via exceptional override,"Exceeds $4,500 AUD budget (price: $5,998.50) [ALLOWED: ≥ 24.0GB VRAM allows budget stretch to $6000.0]; Unverified — confirm specs before scoring; AU stock: UNKNOWN",intake-001,Candidate,,,,,,,,,,,,,,,,,,,,,
intake-028,Dual RTX 4090 24GB GPU Pro Workstation,PARKED,Desktop,desktop,Complete_System,UNKNOWN,UNKNOWN,RTX 4090,48.0,UNKNOWN,11998.5,Yes,,New,UNKNOWN,Unverified,UNKNOWN,2026-05-05_notebooklm_batch1_processed,NotebookLM_Workspaces/03_New_Desktop_Systems/intake-028_dual-rtx-4090-24gb-gpu-pro-workstation.md,,Passed gates,"Exceeds $4,500 AUD budget (price: $11,998.50); Unverified — confirm specs before scoring; AU stock: UNKNOWN",intake-028,Candidate,,,,,,,,,,,,,,,,,,,,,
intake-056,Scorptec Blackwell PRO Workstation,PARKED,Desktop,desktop,Complete_System,UNKNOWN,UNKNOWN,RTX PRO 5000 Blackwell,48.0,UNKNOWN,UNKNOWN,No,Yes,New,UNKNOWN,Unverified,UNKNOWN,2026-05-05_notebooklm_batch1_processed,NotebookLM_Workspaces/03_New_Desktop_Systems/intake-056_scorptec-blackwell-pro-workstation.md,,Passed gates,Price UNKNOWN — research required; Unverified — confirm specs before scoring; AU stock: UNKNOWN,intake-056,Candidate,,,,,,,,,,,,,,,,,,,,,
intake-029,Dual RTX 5090 32GB GPU Pro Workstation,PARKED,Desktop,desktop,Complete_System,UNKNOWN,UNKNOWN,RTX 5090,64.0,UNKNOWN,14998.5,Yes,,New,UNKNOWN,Unverified,UNKNOWN,2026-05-05_notebooklm_batch1_processed,NotebookLM_Workspaces/03_New_Desktop_Systems/intake-029_dual-rtx-5090-32gb-gpu-pro-workstation.md,,Passed gates,"Exceeds $4,500 AUD budget (price: $14,998.50); Unverified — confirm specs before scoring; AU stock: UNKNOWN",intake-029,Candidate,,,,,,,,,,,,,,,,,,,,,
intake-014,Lenovo ThinkPad T14 / T14s (Refurbished),ACTIVE,Laptop,laptop,Complete_System,UNKNOWN,UNKNOWN,UNKNOWN,UNKNOWN,UNKNOWN,800.0,No,,Refurbished,UNKNOWN,Unverified,UNKNOWN,2026-05-05_notebooklm_batch1_processed,NotebookLM_Workspaces/04_Laptops_Mainline/intake-014_lenovo-thinkpad-t14-t14s-refurbished.md,,Passed gates,Unverified — confirm specs before scoring; AU stock: UNKNOWN,intake-014,Candidate,,,,,,,,,,,,,,,,,,,,,
intake-015,Dell Latitude 7330 2-in-1 (Refurbished),ACTIVE,Laptop,laptop,Complete_System,UNKNOWN,UNKNOWN,UNKNOWN,UNKNOWN,UNKNOWN,1254.0,No,,Refurbished,UNKNOWN,Unverified,UNKNOWN,2026-05-05_notebooklm_batch1_processed,NotebookLM_Workspaces/04_Laptops_Mainline/intake-015_dell-latitude-7330-2-in-1-refurbished.md,,Passed gates,Unverified — confirm specs before scoring; AU stock: UNKNOWN,intake-015,Candidate,,,,,,,,,,,,,,,,,,,,,
intake-072,HP ZBook Ultra 14 G1a,ACTIVE,Laptop,laptop,Complete_System,UNKNOWN,UNKNOWN,Radeon 8060S,UNKNOWN,UNKNOWN,UNKNOWN,No,Yes,New,UNKNOWN,Needs Verification,UNKNOWN,2026-05-05_notebooklm_batch1_processed,NotebookLM_Workspaces/04_Laptops_Mainline/intake-072_hp-zbook-ultra-14-g1a.md,,Passed gates,Price UNKNOWN — research required; AU stock: UNKNOWN,intake-072,Candidate,,,,,,,,,,,,,,,,,,,,,
intake-009,Lenovo Legion Pro 7i,ACTIVE,Laptop,laptop,Complete_System,UNKNOWN,UNKNOWN,RTX 4090 Mobile,16.0,UNKNOWN,4575.0,Yes,,New,UNKNOWN,Unverified,UNKNOWN,2026-05-05_notebooklm_batch1_processed,NotebookLM_Workspaces/04_Laptops_Mainline/intake-009_lenovo-legion-pro-7i.md,,Passed gates,"Exceeds $4,500 AUD budget (price: $4,575.00); Unverified — confirm specs before scoring; AU stock: UNKNOWN",intake-009,Candidate,,,,,,,,,,,,,,,,,,,,,
intake-013,MSI Crosshair 18 HX AI,ACTIVE,Laptop,laptop,Complete_System,UNKNOWN,UNKNOWN,RTX 5070 Mobile,16.0,UNKNOWN,UNKNOWN,No,Yes,New,UNKNOWN,Unverified,UNKNOWN,2026-05-05_notebooklm_batch1_processed,NotebookLM_Workspaces/04_Laptops_Mainline/intake-013_msi-crosshair-18-hx-ai.md,,Passed gates,Price UNKNOWN — research required; Unverified — confirm specs before scoring; AU stock: UNKNOWN,intake-013,Candidate,,,,,,,,,,,,,,,,,,,,,
intake-036,Alienware 16 Area-51 new config,ACTIVE,Laptop,laptop,Complete_System,UNKNOWN,UNKNOWN,RTX 5070 Ti Mobile,16.0,UNKNOWN,4198.7,No,,New,UNKNOWN,Unverified,UNKNOWN,2026-05-05_notebooklm_batch1_processed,NotebookLM_Workspaces/04_Laptops_Mainline/intake-036_alienware-16-area-51-new-config.md,,Passed gates,Unverified — confirm specs before scoring; AU stock: UNKNOWN,intake-036,Candidate,,,,,,,,,,,,,,,,,,,,,
intake-045,MSI Stealth A16 5080,ACTIVE,Laptop,laptop,Complete_System,UNKNOWN,UNKNOWN,RTX 5080 Mobile,16.0,UNKNOWN,4999.0,Yes,,New,UNKNOWN,Unverified,UNKNOWN,2026-05-05_notebooklm_batch1_processed,NotebookLM_Workspaces/04_Laptops_Mainline/intake-045_msi-stealth-a16-5080.md,,Passed gates,"Exceeds $4,500 AUD budget (price: $4,999.00); Unverified — confirm specs before scoring; AU stock: UNKNOWN",intake-045,Candidate,,,,,,,,,,,,,,,,,,,,,
intake-051,Acer Predator Helios 18 RTX 4090 refurbished,ACTIVE,Laptop,laptop,Complete_System,UNKNOWN,UNKNOWN,RTX 4090 Mobile,16.0,UNKNOWN,4449.0,No,,Refurbished,UNKNOWN,Unverified,UNKNOWN,2026-05-05_notebooklm_batch1_processed,NotebookLM_Workspaces/04_Laptops_Mainline/intake-051_acer-predator-helios-18-rtx-4090-refurbished.md,,Passed gates,Unverified — confirm specs before scoring; AU stock: UNKNOWN,intake-051,Candidate,,,,,,,,,,,,,,,,,,,,,
intake-010,MSI Raider 18 HX AI A2XWJG,ACTIVE,Laptop,laptop,Complete_System,UNKNOWN,UNKNOWN,RTX 5090 Mobile,24.0,UNKNOWN,8488.0,Yes,,New,UNKNOWN,Verified,UNKNOWN,2026-05-05_notebooklm_batch1_processed,NotebookLM_Workspaces/04_Laptops_Mainline/intake-010_msi-raider-18-hx-ai-a2xwjg.md,,Passed gates,"Exceeds $4,500 AUD budget (price: $8,488.00); AU stock: UNKNOWN",intake-010,Candidate,,,,,,,,,,,,,,,,,,,,,
intake-011,Dell Alienware m18 R2 / Area-51,ACTIVE,Laptop,laptop,Complete_System,UNKNOWN,UNKNOWN,RTX 5090 Mobile,24.0,UNKNOWN,4499.0,No,,Refurbished,UNKNOWN,Unverified,UNKNOWN,2026-05-05_notebooklm_batch1_processed,NotebookLM_Workspaces/04_Laptops_Mainline/intake-011_dell-alienware-m18-r2-area-51.md,,Passed gates,Unverified — confirm specs before scoring; AU stock: UNKNOWN,intake-011,Candidate,,,,,,,,,,,,,,,,,,,,,
intake-012,Razer Blade 18,ACTIVE,Laptop,laptop,Complete_System,UNKNOWN,UNKNOWN,RTX 5090 Mobile,24.0,UNKNOWN,7400.0,Yes,,New,UNKNOWN,Unverified,UNKNOWN,2026-05-05_notebooklm_batch1_processed,NotebookLM_Workspaces/04_Laptops_Mainline/intake-012_razer-blade-18.md,,Passed gates,"Exceeds $4,500 AUD budget (price: $7,400.00); Unverified — confirm specs before scoring; AU stock: UNKNOWN",intake-012,Candidate,,,,,,,,,,,,,,,,,,,,,
intake-052,Acer Predator Helios Neo 16S AI RTX 5060,ACTIVE,Laptop,laptop,Complete_System,UNKNOWN,UNKNOWN,RTX 5060,8.0,UNKNOWN,2399.0,No,,Refurbished,UNKNOWN,Unverified,UNKNOWN,2026-05-05_notebooklm_batch1_processed,NotebookLM_Workspaces/04_Laptops_Mainline/intake-052_acer-predator-helios-neo-16s-ai-rtx-5060.md,,Passed gates,Unverified — confirm specs before scoring; AU stock: UNKNOWN,intake-052,Candidate,,,,,,,,,,,,,,,,,,,,,
intake-053,ERAZER Major X20 RTX 4070,ACTIVE,Laptop,laptop,Complete_System,UNKNOWN,UNKNOWN,RTX 4070,8.0,UNKNOWN,2999.0,No,,New,UNKNOWN,Unverified,UNKNOWN,2026-05-05_notebooklm_batch1_processed,NotebookLM_Workspaces/04_Laptops_Mainline/intake-053_erazer-major-x20-rtx-4070.md,,Passed gates,Unverified — confirm specs before scoring; AU stock: UNKNOWN,intake-053,Candidate,,,,,,,,,,,,,,,,,,,,,
intake-071,GPD WIN 5,ACTIVE,Mini PC,mini pc,Complete_System,UNKNOWN,UNKNOWN,Radeon 8060S,UNKNOWN,UNKNOWN,UNKNOWN,No,Yes,New,UNKNOWN,Needs Verification,UNKNOWN,2026-05-05_notebooklm_batch1_processed,NotebookLM_Workspaces/06_Mini_PCs_and_eGPU/intake-071_gpd-win-5.md,,Passed gates,Price UNKNOWN — research required; AU stock: UNKNOWN,intake-071,Candidate,,,,,,,,,,,,,,,,,,,,,
intake-038,Minisforum AI X1 Pro + DEG2 + RTX 5070 Ti,ACTIVE,Mini PC,mini pc,Complete_System,UNKNOWN,UNKNOWN,RTX 5070 Ti,16.0,UNKNOWN,3633.19,No,,New,UNKNOWN,Unverified,UNKNOWN,2026-05-05_notebooklm_batch1_processed,NotebookLM_Workspaces/06_Mini_PCs_and_eGPU/intake-038_minisforum-ai-x1-pro-deg2-rtx-5070-ti.md,,Passed gates,Unverified — confirm specs before scoring; AU stock: UNKNOWN,intake-038,Candidate,,,,,,,,,,,,,,,,,,,,,
intake-039,Minisforum X1 Lite + DEG1 + RTX 5070 Ti,ACTIVE,Mini PC,mini pc,Complete_System,UNKNOWN,UNKNOWN,RTX 5070 Ti,16.0,UNKNOWN,2851.98,No,,New,UNKNOWN,Unverified,UNKNOWN,2026-05-05_notebooklm_batch1_processed,NotebookLM_Workspaces/06_Mini_PCs_and_eGPU/intake-039_minisforum-x1-lite-deg1-rtx-5070-ti.md,,Passed gates,Unverified — confirm specs before scoring; AU stock: UNKNOWN,intake-039,Candidate,,,,,,,,,,,,,,,,,,,,,
intake-027,Gigabyte Radeon RX 9070 XT Gaming OC Ice 16G,PARKED,Component,component,Standalone_GPU,UNKNOWN,UNKNOWN,RX 9070 XT,16.0,UNKNOWN,1235.4,No,,New,UNKNOWN,Unverified,UNKNOWN,2026-05-05_notebooklm_batch1_processed,NotebookLM_Workspaces/09_Individual_Components/intake-027_gigabyte-radeon-rx-9070-xt-gaming-oc-ice-16g.md,,Passed gates,Unverified — confirm specs before scoring; AU stock: UNKNOWN,intake-027,Candidate,,,,,,,,,,,,,,,,,,,,,
intake-020,ASUS ROG Strix GeForce RTX 3090 OC 24GB GDDR6X,PARKED,Component,component,Standalone_GPU,UNKNOWN,UNKNOWN,RTX 3090,24.0,UNKNOWN,1591.98,No,,Refurbished,UNKNOWN,Unverified,UNKNOWN,2026-05-05_notebooklm_batch1_processed,NotebookLM_Workspaces/09_Individual_Components/intake-020_asus-rog-strix-geforce-rtx-3090-oc-24gb-gddr6x.md,,Passed gates,Unverified — confirm specs before scoring; AU stock: UNKNOWN,intake-020,Candidate,,,,,,,,,,,,,,,,,,,,,
intake-021,NVIDIA GeForce RTX 3090 24GB 2SLOT Turbo Blower,PARKED,Component,component,Standalone_GPU,UNKNOWN,UNKNOWN,RTX 3090,24.0,UNKNOWN,1739.49,No,,New,UNKNOWN,Unverified,UNKNOWN,2026-05-05_notebooklm_batch1_processed,NotebookLM_Workspaces/09_Individual_Components/intake-021_nvidia-geforce-rtx-3090-24gb-2slot-turbo-blower.md,,Passed gates,Unverified — confirm specs before scoring; AU stock: UNKNOWN,intake-021,Candidate,,,,,,,,,,,,,,,,,,,,,
intake-057,ASRock Radeon RX 7900 XTX Phantom Gaming 24GB OC,PARKED,Component,component,Standalone_GPU,UNKNOWN,UNKNOWN,RX 7900 XTX,24.0,UNKNOWN,1229.0,No,,New,UNKNOWN,Verified,UNKNOWN,2026-05-05_notebooklm_batch1_processed,NotebookLM_Workspaces/09_Individual_Components/intake-057_asrock-radeon-rx-7900-xtx-phantom-gaming-24gb-oc.md,,Passed gates,AU stock: UNKNOWN,intake-057,Candidate,,,,,,,,,,,,,,,,,,,,,
intake-067,EVGA FTW3 Ultra RTX 3090,PARKED,Component,component,Standalone_GPU,UNKNOWN,UNKNOWN,RTX 3090,24.0,UNKNOWN,1318.0,No,,Refurbished,UNKNOWN,Needs Verification,UNKNOWN,2026-05-05_notebooklm_batch1_processed,NotebookLM_Workspaces/09_Individual_Components/intake-067_evga-ftw3-ultra-rtx-3090.md,,Passed gates,AU stock: UNKNOWN,intake-067,Candidate,,,,,,,,,,,,,,,,,,,,,
intake-030,GIGABYTE AORUS GeForce RTX 5090 Master Ice 32G,PARKED,Component,component,Standalone_GPU,UNKNOWN,UNKNOWN,RTX 5090,32.0,UNKNOWN,6499.0,Yes,,New,UNKNOWN,Unverified,UNKNOWN,2026-05-05_notebooklm_batch1_processed,NotebookLM_Workspaces/09_Individual_Components/intake-030_gigabyte-aorus-geforce-rtx-5090-master-ice-32g.md,,Passed gates,"Exceeds $4,500 AUD budget (price: $6,499.00); Unverified — confirm specs before scoring; AU stock: UNKNOWN",intake-030,Candidate,,,,,,,,,,,,,,,,,,,,,
intake-031,ZOTAC Gaming GeForce RTX 5090 Solid OC,PARKED,Component,component,Standalone_GPU,UNKNOWN,UNKNOWN,RTX 5090,32.0,UNKNOWN,6569.95,Yes,,New,UNKNOWN,Unverified,UNKNOWN,2026-05-05_notebooklm_batch1_processed,NotebookLM_Workspaces/09_Individual_Components/intake-031_zotac-gaming-geforce-rtx-5090-solid-oc.md,,Passed gates,"Exceeds $4,500 AUD budget (price: $6,569.95); Unverified — confirm specs before scoring; AU stock: UNKNOWN",intake-031,Candidate,,,,,,,,,,,,,,,,,,,,,
intake-070,NVIDIA RTX 2000 Ada 16GB,PARKED,Component,component,Workstation_GPU,UNKNOWN,UNKNOWN,RTX 2000 Ada,16.0,UNKNOWN,1233.0,No,,New,UNKNOWN,Verified,Yes,2026-05-05_notebooklm_batch1_processed,NotebookLM_Workspaces/09_Individual_Components/intake-070_nvidia-rtx-2000-ada-16gb.md,,Passed gates,,intake-070,Candidate,,,,,,,,,,,,,,,,,,,,,
intake-068,Intel Arc Pro B70,PARKED,Component,component,Workstation_GPU,UNKNOWN,UNKNOWN,Arc Pro B70,32.0,UNKNOWN,1423.0,No,,New,UNKNOWN,Needs Verification,UNKNOWN,2026-05-05_notebooklm_batch1_processed,NotebookLM_Workspaces/09_Individual_Components/intake-068_intel-arc-pro-b70.md,,Passed gates,AU stock: UNKNOWN,intake-068,Candidate,,,,,,,,,,,,,,,,,,,,,
intake-069,NVIDIA RTX 5000 Ada 32GB,PARKED,Component,component,Workstation_GPU,UNKNOWN,UNKNOWN,RTX 5000 Ada,32.0,UNKNOWN,6368.0,Yes,,New,UNKNOWN,Verified,Yes,2026-05-05_notebooklm_batch1_processed,NotebookLM_Workspaces/09_Individual_Components/intake-069_nvidia-rtx-5000-ada-32gb.md,,Passed gates,"Exceeds $4,500 AUD budget (price: $6,368.00)",intake-069,Candidate,,,,,,,,,,,,,,,,,,,,,
intake-061,AMD Radeon Pro W7900 48GB ECC GDDR6,PARKED,Component,component,Workstation_GPU,UNKNOWN,UNKNOWN,Radeon Pro W7900,48.0,UNKNOWN,UNKNOWN,No,Yes,New,UNKNOWN,Unverified,UNKNOWN,2026-05-05_notebooklm_batch1_processed,NotebookLM_Workspaces/09_Individual_Components/intake-061_amd-radeon-pro-w7900-48gb-ecc-gddr6.md,,Passed gates,Price UNKNOWN — research required; Unverified — confirm specs before scoring; AU stock: UNKNOWN,intake-061,Candidate,,,,,,,,,,,,,,,,,,,,,
