intake_id,item_name,status,profile,category,Category_Group,track,pathway,gpu_model,vram_gb,unified_memory_gb,screen_size_in,thermal_flag,price_aud,Over_Budget,Price_Unknown,condition,retailer,verification_status,au_stock,seller_class,source_platform,batch,source_file,exceptional_override,shortlist_reason,soft_penalty_notes,Machine,Type,Performance_Headroom,Price_Value,Future_Proof,Portability,Track2_Avoidance,MCDA_Total
01_lenovo-thinkstation-basic,Lenovo ThinkStation (Basic Config),ACTIVE,Desktop,desktop_tower_new,Complete_System,UNKNOWN,UNKNOWN,UNKNOWN,UNKNOWN,UNKNOWN,UNKNOWN,UNKNOWN,3350.0,No,,UNKNOWN,UNKNOWN,UNKNOWN,UNKNOWN,UNKNOWN,UNKNOWN,UNKNOWN,cards/desktops/01_lenovo-thinkstation-basic.md,,Passed gates,Unverified — confirm specs before scoring; AU stock: UNKNOWN,01_lenovo-thinkstation-basic,Candidate,,,,,,
C07_hp_z2_mini_g1a,,BUY_CANDIDATE,Desktop,workstation,Complete_System,2,2C,AMD Radeon Graphics (Strix Halo Integrated),UNKNOWN,UNKNOWN,UNKNOWN,UNKNOWN,3395.0,No,,New,IT Nest / LogicalTech,Verified (Price matched at LogicalTech),Yes,UNKNOWN,UNKNOWN,manual_user_submission,cards/desktops/C07_hp_z2_mini_g1a.md,,Passed gates,,C07_hp_z2_mini_g1a,Candidate,,,,,,
intake-034,Lenovo ThinkStation P330 Tiny Desktop,ACTIVE,Desktop,desktop,Complete_System,UNKNOWN,UNKNOWN,UNKNOWN,UNKNOWN,UNKNOWN,UNKNOWN,UNKNOWN,469.0,No,,Refurbished,UNKNOWN,Unverified,UNKNOWN,UNKNOWN,UNKNOWN,2026-05-05_notebooklm_batch1_processed,cards/desktops/intake-034_lenovo-thinkstation-p330-tiny-desktop.md,,Passed gates,Unverified — confirm specs before scoring; AU stock: UNKNOWN,intake-034,Candidate,,,,,,
intake-065,Dell OptiPlex 5060 SFF,ACTIVE,Desktop,desktop,Complete_System,UNKNOWN,UNKNOWN,UNKNOWN,UNKNOWN,UNKNOWN,UNKNOWN,UNKNOWN,238.99,No,,Refurbished,UNKNOWN,Unverified,UNKNOWN,UNKNOWN,UNKNOWN,2026-05-05_notebooklm_batch1_processed,cards/desktops/intake-065_dell-optiplex-5060-sff.md,,Passed gates,Unverified — confirm specs before scoring; AU stock: UNKNOWN,intake-065,Candidate,,,,,,
hp-z2-mini-g1a-strix-halo,HP Z2 Mini G1a,ACTIVE,Desktop,mini_pc,Complete_System,UNKNOWN,UNKNOWN,UNKNOWN,UNKNOWN,32.0,UNKNOWN,UNKNOWN,UNKNOWN,No,Yes,UNKNOWN,UNKNOWN,UNKNOWN,UNKNOWN,UNKNOWN,UNKNOWN,UNKNOWN,cards/mini_pcs/hp-z2-mini-g1a-strix-halo.md,,Passed gates,Price UNKNOWN — research required; Unverified — confirm specs before scoring; AU stock: UNKNOWN,hp-z2-mini-g1a-strix-halo,Candidate,,,,,,
hp_mini_pc_placeholder,HP Workstation Mini PC,ACTIVE,Desktop,mini-pc,Complete_System,UNKNOWN,UNKNOWN,UNKNOWN,UNKNOWN,UNKNOWN,UNKNOWN,UNKNOWN,UNKNOWN,No,Yes,UNKNOWN,UNKNOWN,UNKNOWN,UNKNOWN,UNKNOWN,UNKNOWN,UNKNOWN,cards/mini_pcs/hp_mini_pc_placeholder.md,,Passed gates,Price UNKNOWN — research required; Unverified — confirm specs before scoring; AU stock: UNKNOWN,hp_mini_pc_placeholder,Candidate,,,,,,
25_ple-ai-advanced-rtx-5070-ti,PLE AI Advanced RTX 5070 Ti 16 GB Desktop,ACTIVE,Desktop,desktop,Complete_System,UNKNOWN,UNKNOWN,NVIDIA GeForce RTX 5070 Ti (16 GB),16.0,UNKNOWN,UNKNOWN,UNKNOWN,UNKNOWN,No,Yes,UNKNOWN,UNKNOWN,UNKNOWN,UNKNOWN,UNKNOWN,UNKNOWN,UNKNOWN,cards/desktops/25_ple-ai-advanced-rtx-5070-ti.md,,Passed gates,Price UNKNOWN — research required; Unverified — confirm specs before scoring; AU stock: UNKNOWN,25_ple-ai-advanced-rtx-5070-ti,Candidate,,,,,,
27_scorptec-eclipse-rtx-5070-ti,Scorptec Eclipse RTX 5070 Ti,ACTIVE,Desktop,desktop,Complete_System,UNKNOWN,UNKNOWN,NVIDIA GeForce RTX 5070 Ti (16 GB),16.0,UNKNOWN,UNKNOWN,UNKNOWN,UNKNOWN,No,Yes,UNKNOWN,UNKNOWN,UNKNOWN,UNKNOWN,UNKNOWN,UNKNOWN,UNKNOWN,cards/desktops/27_scorptec-eclipse-rtx-5070-ti.md,,Passed gates,Price UNKNOWN — research required; Unverified — confirm specs before scoring; AU stock: UNKNOWN,27_scorptec-eclipse-rtx-5070-ti,Candidate,,,,,,
intake-007,PLE AI Advanced RTX 5070 Ti Desktop,ACTIVE,Desktop,desktop,Complete_System,UNKNOWN,UNKNOWN,RTX 5070 Ti,16.0,UNKNOWN,UNKNOWN,UNKNOWN,3907.0,No,,New,UNKNOWN,Unverified,UNKNOWN,UNKNOWN,UNKNOWN,2026-05-05_notebooklm_batch1_processed,cards/desktops/intake-007_ple-ai-advanced-rtx-5070-ti-desktop.md,,Passed gates,Unverified — confirm specs before scoring; AU stock: UNKNOWN,intake-007,Candidate,,,,,,
intake-008,Evatech Y40K RTX 4080 Super Gaming PC,ACTIVE,Desktop,desktop,Complete_System,UNKNOWN,UNKNOWN,RTX 4080 Super,16.0,UNKNOWN,UNKNOWN,UNKNOWN,UNKNOWN,No,Yes,New,UNKNOWN,Unverified,UNKNOWN,UNKNOWN,UNKNOWN,2026-05-05_notebooklm_batch1_processed,cards/desktops/intake-008_evatech-y40k-rtx-4080-super-gaming-pc.md,,Passed gates,Price UNKNOWN — research required; Unverified — confirm specs before scoring; AU stock: UNKNOWN,intake-008,Candidate,,,,,,
intake-016,OKINOS Studio Pro - RTX 5070 Ti/3090,ACTIVE,Desktop,desktop,Complete_System,UNKNOWN,UNKNOWN,RTX 5070 Ti,16.0,UNKNOWN,UNKNOWN,UNKNOWN,3599.0,No,,New,UNKNOWN,Unverified,UNKNOWN,UNKNOWN,UNKNOWN,2026-05-05_notebooklm_batch1_processed,cards/desktops/intake-016_okinos-studio-pro-rtx-5070-ti3090.md,,Passed gates,Unverified — confirm specs before scoring; AU stock: UNKNOWN,intake-016,Candidate,,,,,,
intake-017,Budget build,ACTIVE,Desktop,diy build,Complete_System,UNKNOWN,UNKNOWN,RTX 4060 Ti,16.0,UNKNOWN,UNKNOWN,UNKNOWN,899.0,No,,New,UNKNOWN,Unverified,UNKNOWN,UNKNOWN,UNKNOWN,2026-05-05_notebooklm_batch1_processed,cards/desktops/intake-017_budget-build.md,,Passed gates,Unverified — confirm specs before scoring; AU stock: UNKNOWN,intake-017,Candidate,,,,,,
intake-032,TOPAZ SNOW PC,ACTIVE,Desktop,desktop,Complete_System,UNKNOWN,UNKNOWN,RTX 5070 Ti,16.0,UNKNOWN,UNKNOWN,UNKNOWN,2699.0,No,,New,UNKNOWN,Unverified,UNKNOWN,UNKNOWN,UNKNOWN,2026-05-05_notebooklm_batch1_processed,cards/desktops/intake-032_topaz-snow-pc.md,,Passed gates,Unverified — confirm specs before scoring; AU stock: UNKNOWN,intake-032,Candidate,,,,,,
intake-033,VISION ONYX PC,ACTIVE,Desktop,desktop,Complete_System,UNKNOWN,UNKNOWN,RTX 5080,16.0,UNKNOWN,UNKNOWN,UNKNOWN,3999.0,No,,New,UNKNOWN,Unverified,UNKNOWN,UNKNOWN,UNKNOWN,2026-05-05_notebooklm_batch1_processed,cards/desktops/intake-033_vision-onyx-pc.md,,Passed gates,Unverified — confirm specs before scoring; AU stock: UNKNOWN,intake-033,Candidate,,,,,,
intake-037,Thermaltake Horizon Xtreme tower + X1 Carbon,ACTIVE,Desktop,desktop,Complete_System,UNKNOWN,UNKNOWN,RTX 4080 Super,16.0,UNKNOWN,UNKNOWN,UNKNOWN,4543.0,No,,New,UNKNOWN,Unverified,UNKNOWN,UNKNOWN,UNKNOWN,2026-05-05_notebooklm_batch1_processed,cards/desktops/intake-037_thermaltake-horizon-xtreme-tower-x1-carbon.md,,Passed gates,Unverified — confirm specs before scoring; AU stock: UNKNOWN,intake-037,Candidate,,,,,,
intake-041,ACT Dell 3650 + A4000,ACTIVE,Desktop,desktop,Complete_System,UNKNOWN,UNKNOWN,RTX A4000,16.0,UNKNOWN,UNKNOWN,UNKNOWN,1800.0,No,,Refurbished,UNKNOWN,Unverified,UNKNOWN,UNKNOWN,UNKNOWN,2026-05-05_notebooklm_batch1_processed,cards/desktops/intake-041_act-dell-3650-a4000.md,,Passed gates,Unverified — confirm specs before scoring; AU stock: UNKNOWN,intake-041,Candidate,,,,,,
intake-043,PLE Pixel 5070 Ti,ACTIVE,Desktop,desktop,Complete_System,UNKNOWN,UNKNOWN,RTX 5070 Ti,16.0,UNKNOWN,UNKNOWN,UNKNOWN,3799.0,No,,New,UNKNOWN,Unverified,UNKNOWN,UNKNOWN,UNKNOWN,2026-05-05_notebooklm_batch1_processed,cards/desktops/intake-043_ple-pixel-5070-ti.md,,Passed gates,Unverified — confirm specs before scoring; AU stock: UNKNOWN,intake-043,Candidate,,,,,,
intake-044,Scorptec Eclipse RTX 5070 Ti Gaming PC,ACTIVE,Desktop,desktop,Complete_System,UNKNOWN,UNKNOWN,RTX 5070 Ti,16.0,UNKNOWN,UNKNOWN,UNKNOWN,3399.0,No,,New,UNKNOWN,Verified,UNKNOWN,UNKNOWN,UNKNOWN,2026-05-05_notebooklm_batch1_processed,cards/desktops/intake-044_scorptec-eclipse-rtx-5070-ti-gaming-pc.md,,Passed gates,AU stock: UNKNOWN,intake-044,Candidate,,,,,,
intake-046,Acer Predator Orion 7000 RTX 4080 refurbished,ACTIVE,Desktop,desktop,Complete_System,UNKNOWN,UNKNOWN,RTX 4080,16.0,UNKNOWN,UNKNOWN,UNKNOWN,3699.0,No,,Refurbished,UNKNOWN,Unverified,UNKNOWN,UNKNOWN,UNKNOWN,2026-05-05_notebooklm_batch1_processed,cards/desktops/intake-046_acer-predator-orion-7000-rtx-4080-refurbished.md,,Passed gates,Unverified — confirm specs before scoring; AU stock: UNKNOWN,intake-046,Candidate,,,,,,
intake-054,CONSTELLAR ONYX PC — RTX 4080 SUPER,ACTIVE,Desktop,desktop,Complete_System,UNKNOWN,UNKNOWN,RTX 4080 Super,16.0,UNKNOWN,UNKNOWN,UNKNOWN,4099.0,No,,UNKNOWN,UNKNOWN,Unverified,UNKNOWN,UNKNOWN,UNKNOWN,2026-05-05_notebooklm_batch1_processed,cards/desktops/intake-054_constellar-onyx-pc-rtx-4080-super.md,,Passed gates,Unverified — confirm specs before scoring; AU stock: UNKNOWN,intake-054,Candidate,,,,,,
intake-055,Scorptec 32-Core Compute Platform,ACTIVE,Desktop,desktop,Complete_System,UNKNOWN,UNKNOWN,RTX PRO 4000,16.0,UNKNOWN,UNKNOWN,UNKNOWN,UNKNOWN,No,Yes,New,UNKNOWN,Unverified,UNKNOWN,UNKNOWN,UNKNOWN,2026-05-05_notebooklm_batch1_processed,cards/desktops/intake-055_scorptec-32-core-compute-platform.md,,Passed gates,Price UNKNOWN — research required; Unverified — confirm specs before scoring; AU stock: UNKNOWN,intake-055,Candidate,,,,,,
10_alienware-aurora-r11-rtx-3090-refurbished,Alienware Aurora R11 Gaming PC,ACTIVE,Desktop,desktop_gaming_refurbished,Complete_System,UNKNOWN,UNKNOWN,NVIDIA RTX 3090 (24 GB),24.0,UNKNOWN,UNKNOWN,UNKNOWN,2300.0,No,,UNKNOWN,UNKNOWN,UNKNOWN,UNKNOWN,UNKNOWN,UNKNOWN,UNKNOWN,cards/desktops/10_alienware-aurora-r11-rtx-3090-refurbished.md,,Passed gates,Unverified — confirm specs before scoring; AU stock: UNKNOWN,10_alienware-aurora-r11-rtx-3090-refurbished,Candidate,,,,,,
28_hp-z4-g4-rtx-3090-refurbished,HP Z4 G4 Workstation + Used RTX 3090 24 GB,ACTIVE,Desktop,desktop,Complete_System,UNKNOWN,UNKNOWN,NVIDIA GeForce RTX 3090 (24 GB),24.0,UNKNOWN,UNKNOWN,UNKNOWN,UNKNOWN,No,Yes,UNKNOWN,UNKNOWN,UNKNOWN,UNKNOWN,UNKNOWN,UNKNOWN,UNKNOWN,cards/desktops/28_hp-z4-g4-rtx-3090-refurbished.md,,Passed gates,Price UNKNOWN — research required; Unverified — confirm specs before scoring; AU stock: UNKNOWN,28_hp-z4-g4-rtx-3090-refurbished,Candidate,,,,,,
intake-002,Supertech Computers RTX 4090 Gaming PC,ACTIVE,Desktop,desktop,Complete_System,UNKNOWN,UNKNOWN,RTX 4090,24.0,UNKNOWN,UNKNOWN,UNKNOWN,5799.0,Yes,,New,UNKNOWN,Unverified,UNKNOWN,UNKNOWN,UNKNOWN,2026-05-05_notebooklm_batch1_processed,cards/desktops/intake-002_supertech-computers-rtx-4090-gaming-pc.md,≥ 24.0GB VRAM allows budget stretch to $6000.0,Passed via exceptional override,"Exceeds $5,000 AUD budget (price: $5,799.00) [ALLOWED: ≥ 24.0GB VRAM allows budget stretch to $6000.0]; Unverified — confirm specs before scoring; AU stock: UNKNOWN",intake-002,Candidate,,,,,,
intake-003,Dell Precision 5820 Tower Bundle,ACTIVE,Desktop,desktop,Complete_System,2,B,RTX 3090,24.0,UNKNOWN,UNKNOWN,UNKNOWN,3558.0,No,,Refurbished,UNKNOWN,Verified,Yes,UNKNOWN,UNKNOWN,2026-05-05_notebooklm_batch1_processed,cards/desktops/intake-003_dell-precision-5820-tower-bundle.md,,Passed gates,,intake-003,Candidate,,,,,,
intake-004,HP Z4 G4 Workstation (Refurbished Base),ACTIVE,Desktop,desktop,Complete_System,2,B,RTX 3090,24.0,UNKNOWN,UNKNOWN,UNKNOWN,3500.0,No,,Refurbished,UNKNOWN,Unverified,Low,UNKNOWN,UNKNOWN,2026-05-05_notebooklm_batch1_processed,cards/desktops/intake-004_hp-z4-g4-workstation-refurbished-base.md,,Passed gates,Unverified — confirm specs before scoring,intake-004,Candidate,,,,,,
intake-005,Dell Precision T7910 (Refurbished Base),ACTIVE,Desktop,desktop,Complete_System,2,B,RTX 3090,24.0,UNKNOWN,UNKNOWN,UNKNOWN,1875.0,No,,Refurbished,UNKNOWN,Unverified,Yes,UNKNOWN,UNKNOWN,2026-05-05_notebooklm_batch1_processed,cards/desktops/intake-005_dell-precision-t7910-refurbished-base.md,,Passed gates,Unverified — confirm specs before scoring,intake-005,Candidate,,,,,,
intake-006,Alienware Aurora R12 (Refurbished),ACTIVE,Desktop,desktop,Complete_System,1.5,UNKNOWN,RTX 3090,24.0,UNKNOWN,UNKNOWN,UNKNOWN,3884.0,No,,Refurbished,UNKNOWN,Unverified,Yes,UNKNOWN,UNKNOWN,2026-05-05_notebooklm_batch1_processed,cards/desktops/intake-006_alienware-aurora-r12-refurbished.md,,Passed gates,Unverified — confirm specs before scoring,intake-006,Candidate,,,,,,
intake-019,Pro build,ACTIVE,Desktop,diy build,Complete_System,UNKNOWN,UNKNOWN,RTX 4090,24.0,UNKNOWN,UNKNOWN,UNKNOWN,2899.0,No,,New,UNKNOWN,Unverified,UNKNOWN,UNKNOWN,UNKNOWN,2026-05-05_notebooklm_batch1_processed,cards/desktops/intake-019_pro-build.md,,Passed gates,Unverified — confirm specs before scoring; AU stock: UNKNOWN,intake-019,Candidate,,,,,,
intake-022,Gaming PC Intel i9-12th Gen NVIDIA RTX 3090,ACTIVE,Desktop,desktop,Complete_System,UNKNOWN,UNKNOWN,RTX 3090,24.0,UNKNOWN,UNKNOWN,UNKNOWN,5271.98,Yes,,New,UNKNOWN,Unverified,UNKNOWN,UNKNOWN,UNKNOWN,2026-05-05_notebooklm_batch1_processed,cards/desktops/intake-022_gaming-pc-intel-i9-12th-gen-nvidia-rtx-3090.md,≥ 24.0GB VRAM allows budget stretch to $6000.0,Passed via exceptional override,"Exceeds $5,000 AUD budget (price: $5,271.98) [ALLOWED: ≥ 24.0GB VRAM allows budget stretch to $6000.0]; Unverified — confirm specs before scoring; AU stock: UNKNOWN",intake-022,Candidate,,,,,,
intake-023,Gaming PC Jonsbo MOD 5 ASRock x570 Aqua,ACTIVE,Desktop,desktop,Complete_System,UNKNOWN,UNKNOWN,RTX 3090,24.0,UNKNOWN,UNKNOWN,UNKNOWN,3898.3,No,,Refurbished,UNKNOWN,Unverified,UNKNOWN,UNKNOWN,UNKNOWN,2026-05-05_notebooklm_batch1_processed,cards/desktops/intake-023_gaming-pc-jonsbo-mod-5-asrock-x570-aqua.md,,Passed gates,Unverified — confirm specs before scoring; AU stock: UNKNOWN,intake-023,Candidate,,,,,,
intake-035,Specialized EVGA 3090 Custom Build,ACTIVE,Desktop,desktop,Complete_System,UNKNOWN,UNKNOWN,RTX 3090,24.0,UNKNOWN,UNKNOWN,UNKNOWN,2953.0,No,,Refurbished,UNKNOWN,Unverified,UNKNOWN,UNKNOWN,UNKNOWN,2026-05-05_notebooklm_batch1_processed,cards/desktops/intake-035_specialized-evga-3090-custom-build.md,,Passed gates,Unverified — confirm specs before scoring; AU stock: UNKNOWN,intake-035,Candidate,,,,,,
intake-040,Recompute Dell Precision 5820 Tower + ACT ThinkPad,ACTIVE,Desktop,desktop,Complete_System,2,B,RTX 3090,24.0,UNKNOWN,UNKNOWN,UNKNOWN,3558.0,No,,Refurbished,UNKNOWN,Verified,Yes,UNKNOWN,UNKNOWN,2026-05-05_notebooklm_batch1_processed,cards/desktops/intake-040_recompute-dell-precision-5820-tower-act-thinkpad.md,,Passed gates,,intake-040,Candidate,,,,,,
intake-042,HP Z4 G4 + used 3090,ACTIVE,Desktop,desktop,Complete_System,2,B,RTX 3090,24.0,UNKNOWN,UNKNOWN,UNKNOWN,2800.0,No,,Refurbished,UNKNOWN,Unverified,Mixed,UNKNOWN,UNKNOWN,2026-05-05_notebooklm_batch1_processed,cards/desktops/intake-042_hp-z4-g4-used-3090.md,,Passed gates,Unverified — confirm specs before scoring,intake-042,Candidate,,,,,,
intake-047,Alienware Aurora R12 RTX 3090 refurbished,ACTIVE,Desktop,desktop,Complete_System,UNKNOWN,UNKNOWN,RTX 3090,24.0,UNKNOWN,UNKNOWN,UNKNOWN,3884.0,No,,Refurbished,UNKNOWN,Unverified,UNKNOWN,UNKNOWN,UNKNOWN,2026-05-05_notebooklm_batch1_processed,cards/desktops/intake-047_alienware-aurora-r12-rtx-3090-refurbished.md,,Passed gates,Unverified — confirm specs before scoring; AU stock: UNKNOWN,intake-047,Candidate,,,,,,
intake-066,Dell Precision 5820 Tower Workstation (32GB RAM),ACTIVE,Desktop,desktop,Complete_System,2,B,RTX 3090,24.0,UNKNOWN,UNKNOWN,UNKNOWN,2399.0,No,,Refurbished,UNKNOWN,Verified,Yes,UNKNOWN,UNKNOWN,2026-05-05_notebooklm_batch1_processed,cards/desktops/intake-066_dell-precision-5820-tower-workstation-32gb-ram.md,,Passed gates,,intake-066,Candidate,,,,,,
intake-024,Skytech Prism 4 Gaming PC,ACTIVE,Desktop,desktop,Complete_System,UNKNOWN,UNKNOWN,RTX 5090,32.0,UNKNOWN,UNKNOWN,UNKNOWN,6599.98,Yes,,New,UNKNOWN,Unverified,UNKNOWN,UNKNOWN,UNKNOWN,2026-05-05_notebooklm_batch1_processed,cards/desktops/intake-024_skytech-prism-4-gaming-pc.md,,Passed gates,"Exceeds $5,000 AUD budget (price: $6,599.98); Unverified — confirm specs before scoring; AU stock: UNKNOWN",intake-024,Candidate,,,,,,
intake-025,HP OMEN 45L GT22-3090 Gaming PC,ACTIVE,Desktop,desktop,Complete_System,UNKNOWN,UNKNOWN,RTX 5090,32.0,UNKNOWN,UNKNOWN,UNKNOWN,7499.98,Yes,,New,UNKNOWN,Unverified,UNKNOWN,UNKNOWN,UNKNOWN,2026-05-05_notebooklm_batch1_processed,cards/desktops/intake-025_hp-omen-45l-gt22-3090-gaming-pc.md,,Passed gates,"Exceeds $5,000 AUD budget (price: $7,499.98); Unverified — confirm specs before scoring; AU stock: UNKNOWN",intake-025,Candidate,,,,,,
intake-026,CLX Horus Gaming Desktop,ACTIVE,Desktop,desktop,Complete_System,UNKNOWN,UNKNOWN,RTX 5090,32.0,UNKNOWN,UNKNOWN,UNKNOWN,9899.98,Yes,,New,UNKNOWN,Unverified,UNKNOWN,UNKNOWN,UNKNOWN,2026-05-05_notebooklm_batch1_processed,cards/desktops/intake-026_clx-horus-gaming-desktop.md,,Passed gates,"Exceeds $5,000 AUD budget (price: $9,899.98); Unverified — confirm specs before scoring; AU stock: UNKNOWN",intake-026,Candidate,,,,,,
intake-062,Allied M.O.A.B-A: RTX 5090 32GB Gaming PC,ACTIVE,Desktop,desktop,Complete_System,UNKNOWN,UNKNOWN,RTX 5090,32.0,UNKNOWN,UNKNOWN,UNKNOWN,UNKNOWN,No,Yes,New,UNKNOWN,Unverified,UNKNOWN,UNKNOWN,UNKNOWN,2026-05-05_notebooklm_batch1_processed,cards/desktops/intake-062_allied-moab-a-rtx-5090-32gb-gaming-pc.md,,Passed gates,Price UNKNOWN — research required; Unverified — confirm specs before scoring; AU stock: UNKNOWN,intake-062,Candidate,,,,,,
intake-063,Scorptec Vengeance RTX 5090 Gaming PC,ACTIVE,Desktop,desktop,Complete_System,UNKNOWN,UNKNOWN,RTX 5090,32.0,UNKNOWN,UNKNOWN,UNKNOWN,UNKNOWN,No,Yes,New,UNKNOWN,Unverified,UNKNOWN,UNKNOWN,UNKNOWN,2026-05-05_notebooklm_batch1_processed,cards/desktops/intake-063_scorptec-vengeance-rtx-5090-gaming-pc.md,,Passed gates,Price UNKNOWN — research required; Unverified — confirm specs before scoring; AU stock: UNKNOWN,intake-063,Candidate,,,,,,
intake-064,AETHER : LVL 10 ICE MAX RTX 5090 Desktop PC,ACTIVE,Desktop,desktop,Complete_System,UNKNOWN,UNKNOWN,RTX 5090,32.0,UNKNOWN,UNKNOWN,UNKNOWN,UNKNOWN,No,Yes,New,UNKNOWN,Unverified,UNKNOWN,UNKNOWN,UNKNOWN,2026-05-05_notebooklm_batch1_processed,cards/desktops/intake-064_aether-lvl-10-ice-max-rtx-5090-desktop-pc.md,,Passed gates,Price UNKNOWN — research required; Unverified — confirm specs before scoring; AU stock: UNKNOWN,intake-064,Candidate,,,,,,
intake-001,Dual RTX 3090 24GB GPU Pro Workstation (Pure 501 Black),ACTIVE,Desktop,desktop,Complete_System,UNKNOWN,UNKNOWN,RTX 3090,48.0,UNKNOWN,UNKNOWN,UNKNOWN,5998.5,Yes,,New,UNKNOWN,Unverified,UNKNOWN,UNKNOWN,UNKNOWN,2026-05-05_notebooklm_batch1_processed,cards/desktops/intake-001_dual-rtx-3090-24gb-gpu-pro-workstation-pure-501-black.md,≥ 24.0GB VRAM allows budget stretch to $6000.0,Passed via exceptional override,"Exceeds $5,000 AUD budget (price: $5,998.50) [ALLOWED: ≥ 24.0GB VRAM allows budget stretch to $6000.0]; Unverified — confirm specs before scoring; AU stock: UNKNOWN",intake-001,Candidate,,,,,,
intake-028,Dual RTX 4090 24GB GPU Pro Workstation,ACTIVE,Desktop,desktop,Complete_System,UNKNOWN,UNKNOWN,RTX 4090,48.0,UNKNOWN,UNKNOWN,UNKNOWN,11998.5,Yes,,New,UNKNOWN,Unverified,UNKNOWN,UNKNOWN,UNKNOWN,2026-05-05_notebooklm_batch1_processed,cards/desktops/intake-028_dual-rtx-4090-24gb-gpu-pro-workstation.md,,Passed gates,"Exceeds $5,000 AUD budget (price: $11,998.50); Unverified — confirm specs before scoring; AU stock: UNKNOWN",intake-028,Candidate,,,,,,
intake-056,Scorptec Blackwell PRO Workstation,ACTIVE,Desktop,desktop,Complete_System,UNKNOWN,UNKNOWN,RTX PRO 5000 Blackwell,48.0,UNKNOWN,UNKNOWN,UNKNOWN,UNKNOWN,No,Yes,New,UNKNOWN,Unverified,UNKNOWN,UNKNOWN,UNKNOWN,2026-05-05_notebooklm_batch1_processed,cards/desktops/intake-056_scorptec-blackwell-pro-workstation.md,,Passed gates,Price UNKNOWN — research required; Unverified — confirm specs before scoring; AU stock: UNKNOWN,intake-056,Candidate,,,,,,
intake-029,Dual RTX 5090 32GB GPU Pro Workstation,ACTIVE,Desktop,desktop,Complete_System,UNKNOWN,UNKNOWN,RTX 5090,64.0,UNKNOWN,UNKNOWN,UNKNOWN,14998.5,Yes,,New,UNKNOWN,Unverified,UNKNOWN,UNKNOWN,UNKNOWN,2026-05-05_notebooklm_batch1_processed,cards/desktops/intake-029_dual-rtx-5090-32gb-gpu-pro-workstation.md,,Passed gates,"Exceeds $5,000 AUD budget (price: $14,998.50); Unverified — confirm specs before scoring; AU stock: UNKNOWN",intake-029,Candidate,,,,,,
40_minisforum-ai-x1-pro-strix-halo,"Minisforum AI X1 Pro — AMD Ryzen AI Max+ (Strix Halo, up to 128 GB)",ACTIVE,Desktop,mini-pc,Complete_System,UNKNOWN,Track2-C,AMD Radeon integrated Strix Halo GPU (unified memory),6496128.0,UNKNOWN,UNKNOWN,UNKNOWN,UNKNOWN,No,Yes,UNKNOWN,UNKNOWN,UNKNOWN,UNKNOWN,UNKNOWN,UNKNOWN,UNKNOWN,cards/mini_pcs/40_minisforum-ai-x1-pro-strix-halo.md,,Passed gates,Price UNKNOWN — research required; Unverified — confirm specs before scoring; AU stock: UNKNOWN,40_minisforum-ai-x1-pro-strix-halo,Candidate,,,,,,
056_alienware-area-51-18-rtx-5070-ti-ebay-mkt-015,Dell Laptop Alienware 18 Area-51 18in Ultra 9 275HX 2TB RTX 5070 Ti,Watchlist,Laptop,laptop,Complete_System,1,1A,RTX 5070 Ti Laptop,UNKNOWN,UNKNOWN,UNKNOWN,UNKNOWN,UNKNOWN,No,Yes,Brand new,UNKNOWN,Needs Verification,No,UNKNOWN,UNKNOWN,UNKNOWN,cards/laptops/056_alienware-area-51-18-rtx-5070-ti-ebay-mkt-015.md,,Passed gates,Price UNKNOWN — research required; AU stock: No,056_alienware-area-51-18-rtx-5070-ti-ebay-mkt-015,Candidate,,,,,,
057_alienware-area-51-18-rtx-5070-ti-ebay-mkt-016,Alienware 18 Area-51 18in QHD+ Ultra 9 32GB 2TB RTX 5070 Ti,Watchlist,Laptop,laptop,Complete_System,1,1A,RTX 5070 Ti Laptop,UNKNOWN,UNKNOWN,UNKNOWN,UNKNOWN,2981.0,No,,Brand new,UNKNOWN,Needs Verification,No,UNKNOWN,UNKNOWN,UNKNOWN,cards/laptops/057_alienware-area-51-18-rtx-5070-ti-ebay-mkt-016.md,,Passed gates,AU stock: No,057_alienware-area-51-18-rtx-5070-ti-ebay-mkt-016,Candidate,,,,,,
37_lenovo-legion-9i-gen10-direct,,BUY_CANDIDATE,Laptop,laptop,Complete_System,1,1A,NVIDIA RTX 5080 (16 GB) or RTX 5090 (24 GB) Laptop GPU,UNKNOWN,UNKNOWN,18.0,UNKNOWN,6279.0,Yes,,New,Lenovo AU Direct (EDU/Pro + Cashback),User Verified (effective price),Yes,UNKNOWN,UNKNOWN,manual_user_submission,cards/laptops/37_lenovo-legion-9i-gen10-direct.md,,Passed gates,"Exceeds $5,000 AUD budget (price: $6,279.00)",37_lenovo-legion-9i-gen10-direct,Candidate,,,,,,
39_msi-raider-a18-hx-refurb,MSI Raider A18 HX (Remanufactured),ACTIVE,Laptop,laptop,Complete_System,UNKNOWN,UNKNOWN,NVIDIA RTX 4080 Laptop GPU (12 GB),UNKNOWN,UNKNOWN,18.0,UNKNOWN,3972.0,No,,UNKNOWN,UNKNOWN,UNKNOWN,UNKNOWN,UNKNOWN,UNKNOWN,UNKNOWN,cards/laptops/39_msi-raider-a18-hx-refurb.md,,Passed gates,Unverified — confirm specs before scoring; AU stock: UNKNOWN,39_msi-raider-a18-hx-refurb,Candidate,,,,,,
40_msi-katana-17-hx,MSI Katana 17 HX,ACTIVE,Laptop,laptop,Complete_System,UNKNOWN,UNKNOWN,NVIDIA RTX 5070 Laptop GPU (8 GB),UNKNOWN,UNKNOWN,17.0,UNKNOWN,2798.0,No,,UNKNOWN,UNKNOWN,UNKNOWN,UNKNOWN,UNKNOWN,UNKNOWN,UNKNOWN,cards/laptops/40_msi-katana-17-hx.md,,Passed gates,Unverified — confirm specs before scoring; AU stock: UNKNOWN,40_msi-katana-17-hx,Candidate,,,,,,
A2XWJG-078AU_msi_vector_17_hx,,BUY_CANDIDATE,Laptop,laptop,Complete_System,1A,1A,NVIDIA GeForce RTX 5080 Laptop,UNKNOWN,UNKNOWN,17.0,Flagged,4999.0,No,,UNKNOWN,MSY (User Verified),UNKNOWN,UNKNOWN,UNKNOWN,UNKNOWN,UNKNOWN,cards/laptops/A2XWJG-078AU_msi_vector_17_hx.md,,Passed gates,Unverified — confirm specs before scoring; AU stock: UNKNOWN,A2XWJG-078AU_msi_vector_17_hx,Candidate,,,,,,
A9WIG-082US_msi_raider_a18_hx,,WATCHLIST,Laptop,laptop,Complete_System,1,1A,NVIDIA GeForce RTX 5080 Laptop GPU,UNKNOWN,UNKNOWN,18.0,UNKNOWN,5359.0,Yes,,New,B&H Photo (US Import),Verified,No,UNKNOWN,UNKNOWN,manual_user_submission,cards/laptops/A9WIG-082US_msi_raider_a18_hx.md,,Passed gates,"Exceeds $5,000 AUD budget (price: $5,359.00); AU stock: No",A9WIG-082US_msi_raider_a18_hx,Candidate,,,,,,
GZ302EA-RU004W_rog_flow_z13,,BUY_CANDIDATE,Laptop,laptop,Complete_System,1,1B,AMD Radeon 8060S (Strix Halo Integrated),UNKNOWN,UNKNOWN,13.4,UNKNOWN,4499.0,No,,New,ASUS Australia,Verified,Yes,UNKNOWN,UNKNOWN,manual_user_submission,cards/laptops/GZ302EA-RU004W_rog_flow_z13.md,,Passed gates,,GZ302EA-RU004W_rog_flow_z13,Candidate,,,,,,
NBKHNB141202_hp_zbook_ultra_14_g1a,,BUY_CANDIDATE,Laptop,laptop,Complete_System,1B,1B,UNKNOWN,UNKNOWN,UNKNOWN,14.0,UNKNOWN,3699.0,No,,UNKNOWN,JW Computers,UNKNOWN,UNKNOWN,UNKNOWN,UNKNOWN,UNKNOWN,cards/laptops/NBKHNB141202_hp_zbook_ultra_14_g1a.md,,Passed gates,Unverified — confirm specs before scoring; AU stock: UNKNOWN,NBKHNB141202_hp_zbook_ultra_14_g1a,Candidate,,,,,,
NBKMSI182020_msi_stealth_18_hx,,PARKED_BELOW_FLOOR,Laptop,laptop,Complete_System,1A,1A,NVIDIA GeForce RTX 5070 Ti Laptop,UNKNOWN,UNKNOWN,18.0,Flagged,4403.81,No,,UNKNOWN,PB Tech,UNKNOWN,UNKNOWN,UNKNOWN,UNKNOWN,UNKNOWN,cards/laptops/NBKMSI182020_msi_stealth_18_hx.md,,Passed gates,Unverified — confirm specs before scoring; AU stock: UNKNOWN,NBKMSI182020_msi_stealth_18_hx,Candidate,,,,,,
RZ09-0511_razer_blade_14,,WATCHLIST,Laptop,laptop,Complete_System,1,1A,NVIDIA GeForce RTX 5060 Laptop GPU,UNKNOWN,UNKNOWN,14.0,UNKNOWN,3100.0,No,,New,DigiDirect,Verified,Yes,UNKNOWN,UNKNOWN,manual_user_submission,cards/laptops/RZ09-0511_razer_blade_14.md,,Passed gates,,RZ09-0511_razer_blade_14,Candidate,,,,,,
aa182502898_alienware_18_area_51,,BUY_CANDIDATE,Laptop,laptop,Complete_System,1,1A,NVIDIA GeForce RTX 5080 Laptop GPU,UNKNOWN,UNKNOWN,18.0,UNKNOWN,3179.0,No,,Refurbished,Dell Outlet Australia,User Verified,Yes,UNKNOWN,UNKNOWN,manual_user_submission,cards/laptops/aa182502898_alienware_18_area_51.md,,Passed gates,,aa182502898_alienware_18_area_51,Candidate,,,,,,
asus-rog-flow-z13,ASUS ROG Flow Z13 (2025),ACTIVE,Laptop,laptop,Complete_System,UNKNOWN,UNKNOWN,UNKNOWN,UNKNOWN,UNKNOWN,13.0,UNKNOWN,UNKNOWN,No,Yes,UNKNOWN,UNKNOWN,UNKNOWN,UNKNOWN,UNKNOWN,UNKNOWN,UNKNOWN,cards/laptops/asus-rog-flow-z13.md,,Passed gates,Price UNKNOWN — research required; Unverified — confirm specs before scoring; AU stock: UNKNOWN,asus-rog-flow-z13,Candidate,,,,,,
asus-zenbook-duo-ux8406,ASUS Zenbook Duo UX8406,ACTIVE,Laptop,laptop,Complete_System,UNKNOWN,UNKNOWN,Intel Arc Graphics (Integrated),UNKNOWN,UNKNOWN,14.0,UNKNOWN,UNKNOWN,No,Yes,UNKNOWN,UNKNOWN,UNKNOWN,UNKNOWN,UNKNOWN,UNKNOWN,UNKNOWN,cards/laptops/asus-zenbook-duo-ux8406.md,,Passed gates,Price UNKNOWN — research required; Unverified — confirm specs before scoring; AU stock: UNKNOWN,asus-zenbook-duo-ux8406,Candidate,,,,,,
hp-zbook-ultra-14-g1a,HP ZBook Ultra 14 G1a,ACTIVE,Laptop,laptop,Complete_System,UNKNOWN,UNKNOWN,UNKNOWN,UNKNOWN,16.0,14.0,UNKNOWN,UNKNOWN,No,Yes,UNKNOWN,UNKNOWN,UNKNOWN,UNKNOWN,UNKNOWN,UNKNOWN,UNKNOWN,cards/laptops/hp-zbook-ultra-14-g1a.md,,Passed gates,Price UNKNOWN — research required; Unverified — confirm specs before scoring; AU stock: UNKNOWN,hp-zbook-ultra-14-g1a,Candidate,,,,,,
intake-014,Lenovo ThinkPad T14 / T14s (Refurbished),ACTIVE,Laptop,laptop,Complete_System,UNKNOWN,UNKNOWN,UNKNOWN,UNKNOWN,UNKNOWN,UNKNOWN,UNKNOWN,800.0,No,,Refurbished,UNKNOWN,Unverified,UNKNOWN,UNKNOWN,UNKNOWN,2026-05-05_notebooklm_batch1_processed,cards/laptops/intake-014_lenovo-thinkpad-t14-t14s-refurbished.md,,Passed gates,Unverified — confirm specs before scoring; AU stock: UNKNOWN,intake-014,Candidate,,,,,,
intake-015,Dell Latitude 7330 2-in-1 (Refurbished),ACTIVE,Laptop,laptop,Complete_System,UNKNOWN,UNKNOWN,UNKNOWN,UNKNOWN,UNKNOWN,UNKNOWN,UNKNOWN,1254.0,No,,Refurbished,UNKNOWN,Unverified,UNKNOWN,UNKNOWN,UNKNOWN,2026-05-05_notebooklm_batch1_processed,cards/laptops/intake-015_dell-latitude-7330-2-in-1-refurbished.md,,Passed gates,Unverified — confirm specs before scoring; AU stock: UNKNOWN,intake-015,Candidate,,,,,,
intake-072,HP ZBook Ultra 14 G1a,ACTIVE,Laptop,laptop,Complete_System,UNKNOWN,UNKNOWN,Radeon 8060S,UNKNOWN,UNKNOWN,14.0,UNKNOWN,UNKNOWN,No,Yes,New,UNKNOWN,Needs Verification,UNKNOWN,UNKNOWN,UNKNOWN,2026-05-05_notebooklm_batch1_processed,cards/laptops/intake-072_hp-zbook-ultra-14-g1a.md,,Passed gates,Price UNKNOWN — research required; AU stock: UNKNOWN,intake-072,Candidate,,,,,,
intake-073,Alienware 18 Area-51 (RTX 5070 8GB),REJECTED_BELOW_FLOOR,Laptop,laptop,Complete_System,1,1A,NVIDIA GeForce RTX 5070 Laptop,UNKNOWN,UNKNOWN,18.0,UNKNOWN,3179.0,No,,Used (Replacement unit),UNKNOWN,Verified (User provided specs),Yes,UNKNOWN,UNKNOWN,manual_user_submission,cards/laptops/intake-073_ebay-shortlink-hxqmlu.md,,Passed gates,,intake-073,Candidate,,,,,,
intake-078,Lenovo Yoga Book 9i Gen 9 13 (83FFXA01AU) - Lenovo Outlet AU,ACTIVE,Laptop,laptop,Complete_System,1,UNKNOWN,Integrated Intel Graphics,UNKNOWN,UNKNOWN,13.0,UNKNOWN,2402.95,No,,Certified Refurbished,Lenovo Outlet AU,"Verified (full page, 2026-05-13)",Yes,MANUFACTURER_AU,MANUFACTURER_AU,manual_user_submission,cards/laptops/intake-078_lenovo-yoga-book-9i-gen9-83ffxa01au-outlet.md,,Passed gates,,intake-078,Candidate,1,5,2,9,0,3.1
laptop4134_alienware_m18_r2,,BUY_CANDIDATE,Laptop,laptop,Complete_System,1,1A,NVIDIA GeForce RTX 4090 Laptop GPU,UNKNOWN,UNKNOWN,18.0,UNKNOWN,3899.1,No,,Refurbished,Dell Outlet Australia,User Verified,Yes,UNKNOWN,UNKNOWN,manual_user_submission,cards/laptops/laptop4134_alienware_m18_r2.md,,Passed gates,,laptop4134_alienware_m18_r2,Candidate,,,,,,
lenovo-legion-pro-7-5080-centrecom,,BUY_CANDIDATE,Laptop,laptop,Complete_System,1,1A,NVIDIA GeForce RTX 5080 Laptop GPU,UNKNOWN,UNKNOWN,16.0,UNKNOWN,4699.0,No,,New,Centre Com,Verified,Yes,UNKNOWN,UNKNOWN,manual_user_submission,cards/laptops/lenovo-legion-pro-7-5080-centrecom.md,,Passed gates,,lenovo-legion-pro-7-5080-centrecom,Candidate,,,,,,
mikepc_msi_raider_ge68_rtx4090,,BUY_CANDIDATE,Laptop,laptop,Complete_System,1,1A,NVIDIA GeForce RTX 4090 Laptop,UNKNOWN,UNKNOWN,16.0,UNKNOWN,2899.0,No,,Used (Excellent Cosmetic Condition),Mike's PC AU,Verified,Yes,UNKNOWN,UNKNOWN,manual_user_submission,cards/laptops/mikepc_msi_raider_ge68_rtx4090.md,,Passed gates,,mikepc_msi_raider_ge68_rtx4090,Candidate,,,,,,
052_alienware-m18-r2-rtx-4080-ebay-mkt-011,Alienware M18 R2 18in 165Hz i9-14900HX 32GB 1TB RTX 4080,GOOD ENOUGH,Laptop,laptop,Complete_System,1,1A,RTX 4080 Laptop,12.0,UNKNOWN,UNKNOWN,UNKNOWN,3905.0,No,,Pre-owned,UNKNOWN,Needs Verification,No,UNKNOWN,UNKNOWN,UNKNOWN,cards/laptops/052_alienware-m18-r2-rtx-4080-ebay-mkt-011.md,,Passed gates,AU stock: No,052_alienware-m18-r2-rtx-4080-ebay-mkt-011,Candidate,,,,,,
053_alienware-m18-r2-rtx-4080-ebay-mkt-012,Dell Alienware M18 R2 165Hz QHD+ i9-14900HX 32GB 1TB RTX 4080-12GB,ACTIVE,Laptop,laptop,Complete_System,1,1A,RTX 4080 Laptop,12.0,UNKNOWN,UNKNOWN,UNKNOWN,3814.0,No,,Pre-owned,UNKNOWN,Needs Verification,No,UNKNOWN,UNKNOWN,UNKNOWN,cards/laptops/053_alienware-m18-r2-rtx-4080-ebay-mkt-012.md,,Passed gates,AU stock: No,053_alienware-m18-r2-rtx-4080-ebay-mkt-012,Candidate,,,,,,
41_asus-rog-strix-g18-rtx-5070ti-2025,ASUS ROG Strix G18 (2025),ACTIVE,Laptop,laptop,Complete_System,UNKNOWN,UNKNOWN,NVIDIA RTX 5070 Ti Laptop GPU (12 GB),12.0,UNKNOWN,18.0,UNKNOWN,4334.0,No,,UNKNOWN,UNKNOWN,UNKNOWN,UNKNOWN,UNKNOWN,UNKNOWN,UNKNOWN,cards/laptops/41_asus-rog-strix-g18-rtx-5070ti-2025.md,,Passed gates,Unverified — confirm specs before scoring; AU stock: UNKNOWN,41_asus-rog-strix-g18-rtx-5070ti-2025,Candidate,,,,,,
44_asus-rog-strix-g16-rtx-5070ti-2025,ASUS ROG Strix G16 (2025) — RTX 5070 Ti,ACTIVE,Laptop,laptop,Complete_System,UNKNOWN,UNKNOWN,NVIDIA RTX 5070 Ti Laptop GPU (12 GB),12.0,UNKNOWN,16.0,UNKNOWN,4199.0,No,,UNKNOWN,UNKNOWN,UNKNOWN,UNKNOWN,UNKNOWN,UNKNOWN,UNKNOWN,cards/laptops/44_asus-rog-strix-g16-rtx-5070ti-2025.md,,Passed gates,Unverified — confirm specs before scoring; AU stock: UNKNOWN,44_asus-rog-strix-g16-rtx-5070ti-2025,Candidate,,,,,,
47_asus-rog-strix-g18-2024-rtx4080,ASUS ROG Strix G18 (2024) — RTX 4080,ACTIVE,Laptop,laptop,Complete_System,UNKNOWN,UNKNOWN,NVIDIA RTX 4080 Laptop GPU (12 GB),12.0,UNKNOWN,18.0,UNKNOWN,2455.0,No,,UNKNOWN,UNKNOWN,UNKNOWN,UNKNOWN,UNKNOWN,UNKNOWN,UNKNOWN,cards/laptops/47_asus-rog-strix-g18-2024-rtx4080.md,,Passed gates,Unverified — confirm specs before scoring; AU stock: UNKNOWN,47_asus-rog-strix-g18-2024-rtx4080,Candidate,,,,,,
intake-079,Lenovo Legion Pro 7i Gen 10 16 (83F5X003R1) - Lenovo Outlet AU,ACTIVE,Laptop,laptop,Complete_System,1,1A,NVIDIA GeForce RTX 5070 Ti Laptop GPU,12.0,UNKNOWN,16.0,UNKNOWN,3288.45,No,,Certified Refurbished,Lenovo Outlet AU,"Verified (full page, 2026-05-13)",Yes,MANUFACTURER_AU,MANUFACTURER_AU,manual_user_submission,cards/laptops/intake-079_lenovo-legion-pro-7i-gen10-83f5x003r1-outlet.md,,Passed gates,,intake-079,Candidate,6,9,5,5,5,5.95
HN6306_proart_px13,ASUS ProArt GoPro Edition PX13 HN7306EAC-LX044W (Strix Halo),BUY_CANDIDATE,Laptop,laptop,Complete_System,1,1B,UNKNOWN,128.0,128.0,13.3,UNKNOWN,4799.0,No,,New,PLE Computers,"Verified (multi-retailer, 2026-05-13)",Yes,MAJOR_RETAILER_AU,MANUFACTURER_AU,manual_user_submission,cards/laptops/HN6306_proart_px13.md,,Passed gates,,HN6306_proart_px13,Candidate,7,6,8,9,8,
054_alienware-m18-r2-rtx-4090-ebay-mkt-013,Dell Alienware M18 R2 165Hz QHD+ i9-14900HX 64GB 2TB RTX 4090 Very Good Refurb,GOOD ENOUGH,Laptop,laptop,Complete_System,1,1A,RTX 4090 Laptop,16.0,UNKNOWN,UNKNOWN,UNKNOWN,3950.0,No,,Refurbished,UNKNOWN,Needs Verification,No,UNKNOWN,UNKNOWN,UNKNOWN,cards/laptops/054_alienware-m18-r2-rtx-4090-ebay-mkt-013.md,,Passed gates,AU stock: No,054_alienware-m18-r2-rtx-4090-ebay-mkt-013,Candidate,,,,,,
055_alienware-m18-r2-rtx-4090-ebay-mkt-014,Dell Alienware M18 R2 165Hz QHD+ i9-14900HX 64GB 2TB RTX 4090,ACTIVE,Laptop,laptop,Complete_System,1,1A,RTX 4090 Laptop,16.0,UNKNOWN,UNKNOWN,UNKNOWN,3950.0,No,,Pre-owned,UNKNOWN,Needs Verification,No,UNKNOWN,UNKNOWN,UNKNOWN,cards/laptops/055_alienware-m18-r2-rtx-4090-ebay-mkt-014.md,,Passed gates,AU stock: No,055_alienware-m18-r2-rtx-4090-ebay-mkt-014,Candidate,,,,,,
21_lenovo-legion-pro-7i-rtx-4090,Lenovo Legion Pro 7i,ACTIVE,Laptop,laptop,Complete_System,UNKNOWN,UNKNOWN,NVIDIA RTX 4090 Laptop GPU (16 GB),16.0,UNKNOWN,16.0,UNKNOWN,UNKNOWN,No,Yes,UNKNOWN,UNKNOWN,UNKNOWN,UNKNOWN,UNKNOWN,UNKNOWN,UNKNOWN,cards/laptops/21_lenovo-legion-pro-7i-rtx-4090.md,,Passed gates,Price UNKNOWN — research required; Unverified — confirm specs before scoring; AU stock: UNKNOWN,21_lenovo-legion-pro-7i-rtx-4090,Candidate,,,,,,
22_asus-rog-strix-scar-17-rtx-4090,Asus ROG Strix Scar 17 G733PY-LL021W,ACTIVE,Laptop,laptop,Complete_System,UNKNOWN,UNKNOWN,NVIDIA RTX 4090 Laptop GPU (16 GB),16.0,UNKNOWN,17.3,UNKNOWN,UNKNOWN,No,Yes,UNKNOWN,UNKNOWN,UNKNOWN,UNKNOWN,UNKNOWN,UNKNOWN,UNKNOWN,cards/laptops/22_asus-rog-strix-scar-17-rtx-4090.md,,Passed gates,Price UNKNOWN — research required; Unverified — confirm specs before scoring; AU stock: UNKNOWN,22_asus-rog-strix-scar-17-rtx-4090,Candidate,,,,,,
23_asus-rog-strix-scar-18-rtx-4090,Asus ROG Strix Scar 18 G834JYR-R6037W,ACTIVE,Laptop,laptop,Complete_System,UNKNOWN,UNKNOWN,NVIDIA RTX 4090 Laptop GPU (16 GB),16.0,UNKNOWN,18.0,UNKNOWN,UNKNOWN,No,Yes,UNKNOWN,UNKNOWN,UNKNOWN,UNKNOWN,UNKNOWN,UNKNOWN,UNKNOWN,cards/laptops/23_asus-rog-strix-scar-18-rtx-4090.md,,Passed gates,Price UNKNOWN — research required; Unverified — confirm specs before scoring; AU stock: UNKNOWN,23_asus-rog-strix-scar-18-rtx-4090,Candidate,,,,,,
24_msi-stealth-16-ai-studio-rtx-4090,MSI Stealth 16 AI Studio A1VIG,ACTIVE,Laptop,laptop,Complete_System,UNKNOWN,UNKNOWN,NVIDIA RTX 4090 Laptop GPU (16 GB),16.0,UNKNOWN,16.0,UNKNOWN,UNKNOWN,No,Yes,UNKNOWN,UNKNOWN,UNKNOWN,UNKNOWN,UNKNOWN,UNKNOWN,UNKNOWN,cards/laptops/24_msi-stealth-16-ai-studio-rtx-4090.md,,Passed gates,Price UNKNOWN — research required; Unverified — confirm specs before scoring; AU stock: UNKNOWN,24_msi-stealth-16-ai-studio-rtx-4090,Candidate,,,,,,
36_lenovo-legion-9i-18-rtx-5080-ebay,"Lenovo Legion 9i Gen 10 18"" RTX 5080 (eBay)",BUY_CANDIDATE,Laptop,laptop,Complete_System,1,1A,NVIDIA RTX 5080 Laptop GPU (16 GB),16.0,UNKNOWN,18.0,UNKNOWN,4500.0,No,,UNKNOWN,UNKNOWN,Verified,Yes,MAJOR_RETAILER_AU,EBAY_AU,UNKNOWN,cards/laptops/36_lenovo-legion-9i-18-rtx-5080-ebay.md,,Passed gates,,36_lenovo-legion-9i-18-rtx-5080-ebay,Candidate,7,10,8,3,7,
42_asus-rog-strix-g16-rtx-5080-2025,ASUS ROG Strix G16 (2025),ACTIVE,Laptop,laptop,Complete_System,UNKNOWN,UNKNOWN,NVIDIA RTX 5080 Laptop GPU (16 GB),16.0,UNKNOWN,16.0,UNKNOWN,4559.0,No,,UNKNOWN,UNKNOWN,UNKNOWN,UNKNOWN,UNKNOWN,UNKNOWN,UNKNOWN,cards/laptops/42_asus-rog-strix-g16-rtx-5080-2025.md,,Passed gates,Unverified — confirm specs before scoring; AU stock: UNKNOWN,42_asus-rog-strix-g16-rtx-5080-2025,Candidate,,,,,,
intake-009,Lenovo Legion Pro 7i,ACTIVE,Laptop,laptop,Complete_System,UNKNOWN,UNKNOWN,RTX 4090 Mobile,16.0,UNKNOWN,UNKNOWN,UNKNOWN,4575.0,No,,New,UNKNOWN,Unverified,UNKNOWN,UNKNOWN,UNKNOWN,2026-05-05_notebooklm_batch1_processed,cards/laptops/intake-009_lenovo-legion-pro-7i.md,,Passed gates,Unverified — confirm specs before scoring; AU stock: UNKNOWN,intake-009,Candidate,,,,,,
intake-036,Alienware 16 Area-51 new config,ACTIVE,Laptop,laptop,Complete_System,UNKNOWN,UNKNOWN,RTX 5070 Ti Mobile,16.0,UNKNOWN,UNKNOWN,UNKNOWN,4198.7,No,,New,UNKNOWN,Unverified,UNKNOWN,UNKNOWN,UNKNOWN,2026-05-05_notebooklm_batch1_processed,cards/laptops/intake-036_alienware-16-area-51-new-config.md,,Passed gates,Unverified — confirm specs before scoring; AU stock: UNKNOWN,intake-036,Candidate,,,,,,
intake-045,MSI Stealth A16 5080,ACTIVE,Laptop,laptop,Complete_System,UNKNOWN,UNKNOWN,RTX 5080 Mobile,16.0,UNKNOWN,UNKNOWN,UNKNOWN,4999.0,No,,New,UNKNOWN,Unverified,UNKNOWN,UNKNOWN,UNKNOWN,2026-05-05_notebooklm_batch1_processed,cards/laptops/intake-045_msi-stealth-a16-5080.md,,Passed gates,Unverified — confirm specs before scoring; AU stock: UNKNOWN,intake-045,Candidate,,,,,,
intake-051,Acer Predator Helios 18,ACTIVE,Laptop,laptop,Complete_System,1,1A,RTX 4090 Mobile,16.0,UNKNOWN,UNKNOWN,UNKNOWN,4449.0,No,,Refurbished,UNKNOWN,Verified,Yes,UNKNOWN,UNKNOWN,2026-05-05_notebooklm_batch1_processed,cards/laptops/intake-051_acer-predator-helios-18.md,,Passed gates,,intake-051,Candidate,7,8,7,3,7,
intake-075,ASUS ROG Strix Scar 18 (RTX 4090) - eBay Sold Market Floor,ACTIVE,Laptop,laptop,Complete_System,1,1A,RTX 4090 Laptop,16.0,UNKNOWN,18.0,UNKNOWN,4200.0,No,,Pre-owned,UNKNOWN,Verified,No,UNKNOWN,UNKNOWN,UNKNOWN,cards/laptops/intake-075_asus-rog-strix-scar-18-ebay-sold.md,,Passed gates,AU stock: No,intake-075,Candidate,,,,,,
intake-076,Lenovo Legion Pro 7i Gen 10 16 (83F5XA01AU) - Lenovo Outlet AU,ACTIVE,Laptop,laptop,Complete_System,1,1A,NVIDIA GeForce RTX 5080 Laptop GPU,16.0,UNKNOWN,16.0,UNKNOWN,3827.45,No,,Certified Refurbished,Lenovo Outlet AU,"Verified (full page, 2026-05-13)",Yes,MANUFACTURER_AU,MANUFACTURER_AU,manual_user_submission,cards/laptops/intake-076_lenovo-legion-pro-7i-gen10-83f5xa01au-outlet.md,,Passed gates,,intake-076,Candidate,7,7,7,5,7,6.7
30_asus-rog-strix-scar-18-rtx-5090-2025,ASUS ROG Strix Scar 18 (2025) RTX 5090,ACTIVE,Laptop,laptop,Complete_System,UNKNOWN,UNKNOWN,NVIDIA RTX 5090 Laptop GPU (24 GB),24.0,UNKNOWN,18.0,UNKNOWN,UNKNOWN,No,Yes,UNKNOWN,UNKNOWN,UNKNOWN,UNKNOWN,UNKNOWN,UNKNOWN,UNKNOWN,cards/laptops/30_asus-rog-strix-scar-18-rtx-5090-2025.md,,Passed gates,Price UNKNOWN — research required; Unverified — confirm specs before scoring; AU stock: UNKNOWN,30_asus-rog-strix-scar-18-rtx-5090-2025,Candidate,,,,,,
31_lenovo-legion-9i-18-rtx-5090,"Lenovo Legion 9i Gen 10 18"" RTX 5090",ACTIVE,Laptop,laptop,Complete_System,UNKNOWN,UNKNOWN,NVIDIA RTX 5090 Laptop GPU (24 GB),24.0,UNKNOWN,18.0,UNKNOWN,UNKNOWN,No,Yes,UNKNOWN,UNKNOWN,UNKNOWN,UNKNOWN,UNKNOWN,UNKNOWN,UNKNOWN,cards/laptops/31_lenovo-legion-9i-18-rtx-5090.md,,Passed gates,Price UNKNOWN — research required; Unverified — confirm specs before scoring; AU stock: UNKNOWN,31_lenovo-legion-9i-18-rtx-5090,Candidate,10,5,10,3,10,
32_msi-raider-a18-hx-rtx-5090,MSI Raider A18 HX RTX 5090,ACTIVE,Laptop,laptop,Complete_System,UNKNOWN,UNKNOWN,NVIDIA RTX 5090 Laptop GPU (24 GB),24.0,UNKNOWN,18.0,UNKNOWN,UNKNOWN,No,Yes,UNKNOWN,UNKNOWN,UNKNOWN,UNKNOWN,UNKNOWN,UNKNOWN,UNKNOWN,cards/laptops/32_msi-raider-a18-hx-rtx-5090.md,,Passed gates,Price UNKNOWN — research required; Unverified — confirm specs before scoring; AU stock: UNKNOWN,32_msi-raider-a18-hx-rtx-5090,Candidate,,,,,,
33_msi-titan-rtx-5090,MSI Titan (RTX 5090) — model variant UNKNOWN,ACTIVE,Laptop,laptop,Complete_System,UNKNOWN,UNKNOWN,NVIDIA RTX 5090 Laptop GPU (24 GB),24.0,UNKNOWN,17.0,Flagged,UNKNOWN,No,Yes,UNKNOWN,UNKNOWN,UNKNOWN,UNKNOWN,UNKNOWN,UNKNOWN,UNKNOWN,cards/laptops/33_msi-titan-rtx-5090.md,,Passed gates,Price UNKNOWN — research required; Unverified — confirm specs before scoring; AU stock: UNKNOWN,33_msi-titan-rtx-5090,Candidate,,,,,,
hp_omen_max,HP OMEN Max 16 Gaming Laptop (Intel Core Ultra 9 + RTX 5080),BUY_CANDIDATE,Laptop,laptop,Complete_System,1,1A,NVIDIA RTX 5080 Laptop GPU,16.0,UNKNOWN,16.0,UNKNOWN,3999.0,No,,New,HP Australia (hp.com/au-en),Verified,Yes,MANUFACTURER_AU,UNKNOWN,UNKNOWN,cards/laptops/hp_omen_max.md,,Passed gates,,hp_omen_max,Candidate,,,,,,
intake-010,MSI Raider 18 HX AI A2XWJG,ACTIVE,Laptop,laptop,Complete_System,UNKNOWN,UNKNOWN,RTX 5090 Mobile,24.0,UNKNOWN,UNKNOWN,UNKNOWN,8488.0,Yes,,New,UNKNOWN,Verified,UNKNOWN,UNKNOWN,UNKNOWN,2026-05-05_notebooklm_batch1_processed,cards/laptops/intake-010_msi-raider-18-hx-ai-a2xwjg.md,,Passed gates,"Exceeds $5,000 AUD budget (price: $8,488.00); AU stock: UNKNOWN",intake-010,Candidate,,,,,,
intake-011,Dell Alienware m18 R2 / Area-51,Parked,Laptop,laptop,Complete_System,1,1A,RTX 5090 Mobile (Conflict),24.0,UNKNOWN,18.0,UNKNOWN,UNKNOWN,No,Yes,Refurbished,UNKNOWN,Unverified,UNKNOWN,UNKNOWN,UNKNOWN,2026-05-05_notebooklm_batch1_processed,cards/laptops/intake-011_dell-alienware-m18-r2-area-51.md,,Passed gates,Price UNKNOWN — research required; Unverified — confirm specs before scoring; AU stock: UNKNOWN,intake-011,Candidate,,,,,,
intake-012,Razer Blade 18,ACTIVE,Laptop,laptop,Complete_System,UNKNOWN,UNKNOWN,RTX 5090 Mobile,24.0,UNKNOWN,UNKNOWN,UNKNOWN,7400.0,Yes,,New,UNKNOWN,Unverified,UNKNOWN,UNKNOWN,UNKNOWN,2026-05-05_notebooklm_batch1_processed,cards/laptops/intake-012_razer-blade-18.md,,Passed gates,"Exceeds $5,000 AUD budget (price: $7,400.00); Unverified — confirm specs before scoring; AU stock: UNKNOWN",intake-012,Candidate,,,,,,
intake-077,Lenovo Legion Pro 7i Gen 10 16 (83F5X004R1) - Lenovo Outlet AU,ACTIVE,Laptop,laptop,Complete_System,1,1A,NVIDIA GeForce RTX 5090 Laptop GPU,24.0,UNKNOWN,16.0,UNKNOWN,5020.95,Yes,,Certified Refurbished,Lenovo Outlet AU,"Verified (full page, 2026-05-13)",Yes,MANUFACTURER_AU,MANUFACTURER_AU,manual_user_submission,cards/laptops/intake-077_lenovo-legion-pro-7i-gen10-83f5x004r1-outlet.md,≥ 24.0GB VRAM allows budget stretch to $6000.0,Passed via exceptional override,"Exceeds $5,000 AUD budget (price: $5,020.95) [ALLOWED: ≥ 24.0GB VRAM allows budget stretch to $6000.0]",intake-077,Candidate,9,4,10,5,10,7.55
asus-tuf-a14,ASUS TUF Gaming A14 (2026) FA401EA,ACTIVE,Laptop,laptop,Complete_System,UNKNOWN,UNKNOWN,UNKNOWN,32.0,UNKNOWN,UNKNOWN,UNKNOWN,UNKNOWN,No,Yes,UNKNOWN,UNKNOWN,UNKNOWN,UNKNOWN,UNKNOWN,UNKNOWN,UNKNOWN,cards/laptops/asus-tuf-a14.md,,Passed gates,Price UNKNOWN — research required; Unverified — confirm specs before scoring; AU stock: UNKNOWN,asus-tuf-a14,Candidate,,,,,,
34_asus-tuf-gaming-a16-strix-halo,ASUS TUF Gaming A16 — AMD Strix Halo (Ryzen AI Max),ACTIVE,Laptop,laptop,Complete_System,UNKNOWN,UNKNOWN,AMD Radeon 890M / integrated Strix Halo GPU (unified),3264.0,UNKNOWN,16.0,UNKNOWN,UNKNOWN,No,Yes,UNKNOWN,UNKNOWN,UNKNOWN,UNKNOWN,UNKNOWN,UNKNOWN,UNKNOWN,cards/laptops/34_asus-tuf-gaming-a16-strix-halo.md,,Passed gates,Price UNKNOWN — research required; Unverified — confirm specs before scoring; AU stock: UNKNOWN,34_asus-tuf-gaming-a16-strix-halo,Candidate,,,,,,
intake-013,MSI Crosshair 18 HX AI,Rejected,Laptop,laptop,Complete_System,1,1A,RTX 5070 Mobile,8.0,UNKNOWN,18.0,UNKNOWN,UNKNOWN,No,Yes,New,UNKNOWN,Verified,Yes,UNKNOWN,UNKNOWN,2026-05-05_notebooklm_batch1_processed,cards/laptops/intake-013_msi-crosshair-18-hx-ai.md,,Passed gates,Price UNKNOWN — research required,intake-013,Candidate,,,,,,
intake-052,Acer Predator Helios Neo 16S AI RTX 5060,ACTIVE,Laptop,laptop,Complete_System,UNKNOWN,UNKNOWN,RTX 5060,8.0,UNKNOWN,UNKNOWN,UNKNOWN,2399.0,No,,Refurbished,UNKNOWN,Unverified,UNKNOWN,UNKNOWN,UNKNOWN,2026-05-05_notebooklm_batch1_processed,cards/laptops/intake-052_acer-predator-helios-neo-16s-ai-rtx-5060.md,,Passed gates,Unverified — confirm specs before scoring; AU stock: UNKNOWN,intake-052,Candidate,,,,,,
intake-053,ERAZER Major X20 RTX 4070,ACTIVE,Laptop,laptop,Complete_System,UNKNOWN,UNKNOWN,RTX 4070,8.0,UNKNOWN,16.0,UNKNOWN,2999.0,No,,New,UNKNOWN,Unverified,UNKNOWN,UNKNOWN,UNKNOWN,2026-05-05_notebooklm_batch1_processed,cards/laptops/intake-053_erazer-major-x20-rtx-4070.md,,Passed gates,Unverified — confirm specs before scoring; AU stock: UNKNOWN,intake-053,Candidate,,,,,,
intake-071,GPD WIN 5,ACTIVE,Mini PC,mini pc,Complete_System,UNKNOWN,UNKNOWN,Radeon 8060S,UNKNOWN,UNKNOWN,UNKNOWN,UNKNOWN,UNKNOWN,No,Yes,New,UNKNOWN,Needs Verification,UNKNOWN,UNKNOWN,UNKNOWN,2026-05-05_notebooklm_batch1_processed,cards/mini_pcs/intake-071_gpd-win-5.md,,Passed gates,Price UNKNOWN — research required; AU stock: UNKNOWN,intake-071,Candidate,,,,,,
intake-038,Minisforum AI X1 Pro + DEG2 + RTX 5070 Ti,ACTIVE,Mini PC,mini pc,Complete_System,UNKNOWN,UNKNOWN,RTX 5070 Ti,16.0,UNKNOWN,UNKNOWN,UNKNOWN,3633.19,No,,New,UNKNOWN,Unverified,UNKNOWN,UNKNOWN,UNKNOWN,2026-05-05_notebooklm_batch1_processed,cards/mini_pcs/intake-038_minisforum-ai-x1-pro-deg2-rtx-5070-ti.md,,Passed gates,Unverified — confirm specs before scoring; AU stock: UNKNOWN,intake-038,Candidate,,,,,,
intake-039,Minisforum X1 Lite + DEG1 + RTX 5070 Ti,ACTIVE,Mini PC,mini pc,Complete_System,UNKNOWN,UNKNOWN,RTX 5070 Ti,16.0,UNKNOWN,UNKNOWN,UNKNOWN,2851.98,No,,New,UNKNOWN,Unverified,UNKNOWN,UNKNOWN,UNKNOWN,2026-05-05_notebooklm_batch1_processed,cards/mini_pcs/intake-039_minisforum-x1-lite-deg1-rtx-5070-ti.md,,Passed gates,Unverified — confirm specs before scoring; AU stock: UNKNOWN,intake-039,Candidate,,,,,,
intake-027,Gigabyte Radeon RX 9070 XT Gaming OC Ice 16G,ACTIVE,Component,component,Standalone_GPU,UNKNOWN,UNKNOWN,RX 9070 XT,16.0,UNKNOWN,UNKNOWN,UNKNOWN,1235.4,No,,New,UNKNOWN,Unverified,UNKNOWN,UNKNOWN,UNKNOWN,2026-05-05_notebooklm_batch1_processed,cards/components/intake-027_gigabyte-radeon-rx-9070-xt-gaming-oc-ice-16g.md,,Passed gates,Unverified — confirm specs before scoring; AU stock: UNKNOWN,intake-027,Candidate,,,,,,
intake-020,ASUS ROG Strix GeForce RTX 3090 OC 24GB GDDR6X,ACTIVE,Component,component,Standalone_GPU,UNKNOWN,UNKNOWN,RTX 3090,24.0,UNKNOWN,UNKNOWN,UNKNOWN,1250.0,No,,Refurbished,UNKNOWN,Unverified,UNKNOWN,UNKNOWN,UNKNOWN,2026-05-05_notebooklm_batch1_processed,cards/components/intake-020_asus-rog-strix-geforce-rtx-3090-oc-24gb-gddr6x.md,,Passed gates,Unverified — confirm specs before scoring; AU stock: UNKNOWN,intake-020,Candidate,,,,,,
intake-021,NVIDIA GeForce RTX 3090 24GB 2SLOT Turbo Blower,ACTIVE,Component,component,Standalone_GPU,UNKNOWN,UNKNOWN,RTX 3090,24.0,UNKNOWN,UNKNOWN,UNKNOWN,1250.0,No,,New,UNKNOWN,Unverified,UNKNOWN,UNKNOWN,UNKNOWN,2026-05-05_notebooklm_batch1_processed,cards/components/intake-021_nvidia-geforce-rtx-3090-24gb-2slot-turbo-blower.md,,Passed gates,Unverified — confirm specs before scoring; AU stock: UNKNOWN,intake-021,Candidate,,,,,,
intake-057,ASRock Radeon RX 7900 XTX Phantom Gaming 24GB OC,ACTIVE,Component,component,Standalone_GPU,UNKNOWN,UNKNOWN,RX 7900 XTX,24.0,UNKNOWN,UNKNOWN,UNKNOWN,1229.0,No,,New,UNKNOWN,Verified,UNKNOWN,UNKNOWN,UNKNOWN,2026-05-05_notebooklm_batch1_processed,cards/components/intake-057_asrock-radeon-rx-7900-xtx-phantom-gaming-24gb-oc.md,,Passed gates,AU stock: UNKNOWN,intake-057,Candidate,,,,,,
intake-067,EVGA FTW3 Ultra RTX 3090,ACTIVE,Component,component,Standalone_GPU,UNKNOWN,UNKNOWN,RTX 3090,24.0,UNKNOWN,UNKNOWN,UNKNOWN,1318.0,No,,Refurbished,UNKNOWN,Needs Verification,UNKNOWN,UNKNOWN,UNKNOWN,2026-05-05_notebooklm_batch1_processed,cards/components/intake-067_evga-ftw3-ultra-rtx-3090.md,,Passed gates,AU stock: UNKNOWN,intake-067,Candidate,,,,,,
intake-030,GIGABYTE AORUS GeForce RTX 5090 Master Ice 32G,ACTIVE,Component,component,Standalone_GPU,UNKNOWN,UNKNOWN,RTX 5090,32.0,UNKNOWN,UNKNOWN,UNKNOWN,6499.0,Yes,,New,UNKNOWN,Unverified,UNKNOWN,UNKNOWN,UNKNOWN,2026-05-05_notebooklm_batch1_processed,cards/components/intake-030_gigabyte-aorus-geforce-rtx-5090-master-ice-32g.md,,Passed gates,"Exceeds $5,000 AUD budget (price: $6,499.00); Unverified — confirm specs before scoring; AU stock: UNKNOWN",intake-030,Candidate,,,,,,
intake-031,ZOTAC Gaming GeForce RTX 5090 Solid OC,ACTIVE,Component,component,Standalone_GPU,UNKNOWN,UNKNOWN,RTX 5090,32.0,UNKNOWN,UNKNOWN,UNKNOWN,6569.95,Yes,,New,UNKNOWN,Unverified,UNKNOWN,UNKNOWN,UNKNOWN,2026-05-05_notebooklm_batch1_processed,cards/components/intake-031_zotac-gaming-geforce-rtx-5090-solid-oc.md,,Passed gates,"Exceeds $5,000 AUD budget (price: $6,569.95); Unverified — confirm specs before scoring; AU stock: UNKNOWN",intake-031,Candidate,,,,,,
intake-070,NVIDIA RTX 2000 Ada 16GB,ACTIVE,Component,component,Workstation_GPU,UNKNOWN,UNKNOWN,RTX 2000 Ada,16.0,UNKNOWN,UNKNOWN,UNKNOWN,1233.0,No,,New,UNKNOWN,Verified,Yes,UNKNOWN,UNKNOWN,2026-05-05_notebooklm_batch1_processed,cards/components/intake-070_nvidia-rtx-2000-ada-16gb.md,,Passed gates,,intake-070,Candidate,,,,,,
intake-068,Intel Arc Pro B70,ACTIVE,Component,component,Workstation_GPU,UNKNOWN,UNKNOWN,Arc Pro B70,32.0,UNKNOWN,UNKNOWN,UNKNOWN,1423.0,No,,New,UNKNOWN,Needs Verification,UNKNOWN,UNKNOWN,UNKNOWN,2026-05-05_notebooklm_batch1_processed,cards/components/intake-068_intel-arc-pro-b70.md,,Passed gates,AU stock: UNKNOWN,intake-068,Candidate,,,,,,
intake-069,NVIDIA RTX 5000 Ada 32GB,ACTIVE,Component,component,Workstation_GPU,UNKNOWN,UNKNOWN,RTX 5000 Ada,32.0,UNKNOWN,UNKNOWN,UNKNOWN,6368.0,Yes,,New,UNKNOWN,Verified,Yes,UNKNOWN,UNKNOWN,2026-05-05_notebooklm_batch1_processed,cards/components/intake-069_nvidia-rtx-5000-ada-32gb.md,,Passed gates,"Exceeds $5,000 AUD budget (price: $6,368.00)",intake-069,Candidate,,,,,,
intake-061,AMD Radeon Pro W7900 48GB ECC GDDR6,ACTIVE,Component,component,Workstation_GPU,UNKNOWN,UNKNOWN,Radeon Pro W7900,48.0,UNKNOWN,UNKNOWN,UNKNOWN,UNKNOWN,No,Yes,New,UNKNOWN,Unverified,UNKNOWN,UNKNOWN,UNKNOWN,2026-05-05_notebooklm_batch1_processed,cards/components/intake-061_amd-radeon-pro-w7900-48gb-ecc-gddr6.md,,Passed gates,Price UNKNOWN — research required; Unverified — confirm specs before scoring; AU stock: UNKNOWN,intake-061,Candidate,,,,,,
