intake_id,item_name,status,profile,category,Category_Group,track,pathway,gpu_model,vram_gb,unified_memory_gb,screen_size_in,thermal_flag,price_aud,Over_Budget,Price_Unknown,condition,retailer,verification_status,au_stock,seller_class,source_platform,batch,source_file,exceptional_override,shortlist_reason,soft_penalty_notes,Machine,Type,Performance_Headroom,Price_Value,Future_Proof,Portability,Track2_Avoidance,MCDA_Total,seller_risk_score,current_best_price_aud,current_best_retailer,current_best_url,in_stock_now,student_discount_possible,cashback_possible,cashback_source,stackable_coupons_confirmed,price_match_possible,price_beat_possible,effective_best_price_aud,promo_notes,pricing_checked_at,warranty_months_confirmed,acl_covered,Seller_Risk_Multiplier,Source_Platform_Penalty,Risk_Adjustment,Adjusted_MCDA_Total,Policy_Status,Policy_Blockers
hp-zbook-ultra-14-g1a-32gb-triforce,"HP ZBook Ultra 14 G1a Mobile Workstation (Ryzen AI Max 385, 32GB Unified)",ACTIVE,Laptop,laptop,Complete_System,1,1B,AMD Radeon Graphics (Unified),UNKNOWN,32.0,14.0,UNKNOWN,2999.0,No,,New,hub by Triforce,Verified,Yes,MAJOR_RETAILER_AU,MAJOR_RETAILER_AU,UNKNOWN,cards/laptops/hp-zbook-ultra-14-g1a-32gb-triforce.md,,Passed gates,,hp-zbook-ultra-14-g1a-32gb-triforce,Candidate,9,7,9,8,9,8.400,,,,,,,,,,,,,,,,,0.980,0.000,-0.168,8.232,GOOD_ENOUGH,
intake-005,Dell Precision T7910 (Refurbished Base),ACTIVE,Desktop,desktop,Complete_System,2,B,RTX 3090,24.0,UNKNOWN,UNKNOWN,UNKNOWN,1875.0,No,,Refurbished,UNKNOWN,Unverified,Yes,UNKNOWN,UNKNOWN,2026-05-05_notebooklm_batch1_processed,cards/desktops/intake-005_dell-precision-t7910-refurbished-base.md,,Passed gates,Unverified — confirm specs before scoring,intake-005,Candidate,9,10,9,2,9,7.800,,,,,,,,,,,,,,,,,1.000,0.000,0.000,7.800,GOOD_ENOUGH,seller_class UNKNOWN for risk adjustment; source_platform UNKNOWN for risk adjustment
intake-020,ASUS ROG Strix GeForce RTX 3090 OC 24GB GDDR6X,ACTIVE,Component,component,Standalone_GPU,UNKNOWN,UNKNOWN,RTX 3090,24.0,UNKNOWN,UNKNOWN,UNKNOWN,1250.0,No,,Refurbished,UNKNOWN,Unverified,UNKNOWN,UNKNOWN,UNKNOWN,2026-05-05_notebooklm_batch1_processed,cards/components/intake-020_asus-rog-strix-geforce-rtx-3090-oc-24gb-gddr6x.md,,Passed gates,Unverified — confirm specs before scoring; AU stock: UNKNOWN,intake-020,Candidate,9,10,9,2,9,7.800,,,,,,,,,,,,,,,,,1.000,0.000,0.000,7.800,NEEDS_REVIEW,AU stock not confirmed; track/pathway unresolved; seller_class UNKNOWN for risk adjustment; source_platform UNKNOWN for risk adjustment
intake-021,NVIDIA GeForce RTX 3090 24GB 2SLOT Turbo Blower,ACTIVE,Component,component,Standalone_GPU,UNKNOWN,UNKNOWN,RTX 3090,24.0,UNKNOWN,UNKNOWN,UNKNOWN,1250.0,No,,New,UNKNOWN,Unverified,UNKNOWN,UNKNOWN,UNKNOWN,2026-05-05_notebooklm_batch1_processed,cards/components/intake-021_nvidia-geforce-rtx-3090-24gb-2slot-turbo-blower.md,,Passed gates,Unverified — confirm specs before scoring; AU stock: UNKNOWN,intake-021,Candidate,9,10,9,2,9,7.800,,,,,,,,,,,,,,,,,1.000,0.000,0.000,7.800,NEEDS_REVIEW,AU stock not confirmed; track/pathway unresolved; seller_class UNKNOWN for risk adjustment; source_platform UNKNOWN for risk adjustment
intake-057,ASRock Radeon RX 7900 XTX Phantom Gaming 24GB OC,ACTIVE,Component,component,Standalone_GPU,UNKNOWN,UNKNOWN,RX 7900 XTX,24.0,UNKNOWN,UNKNOWN,UNKNOWN,1229.0,No,,New,UNKNOWN,Verified,UNKNOWN,UNKNOWN,UNKNOWN,2026-05-05_notebooklm_batch1_processed,cards/components/intake-057_asrock-radeon-rx-7900-xtx-phantom-gaming-24gb-oc.md,,Passed gates,AU stock: UNKNOWN,intake-057,Candidate,9,10,9,2,9,7.800,,,,,,,,,,,,,,,,,1.000,0.000,0.000,7.800,NEEDS_REVIEW,AU stock not confirmed; track/pathway unresolved; seller_class UNKNOWN for risk adjustment; source_platform UNKNOWN for risk adjustment
intake-067,EVGA FTW3 Ultra RTX 3090,ACTIVE,Component,component,Standalone_GPU,UNKNOWN,UNKNOWN,RTX 3090,24.0,UNKNOWN,UNKNOWN,UNKNOWN,1318.0,No,,Refurbished,UNKNOWN,Needs Verification,UNKNOWN,UNKNOWN,UNKNOWN,2026-05-05_notebooklm_batch1_processed,cards/components/intake-067_evga-ftw3-ultra-rtx-3090.md,,Passed gates,AU stock: UNKNOWN,intake-067,Candidate,9,10,9,2,9,7.800,,,,,,,,,,,,,,,,,1.000,0.000,0.000,7.800,NEEDS_REVIEW,AU stock not confirmed; track/pathway unresolved; seller_class UNKNOWN for risk adjustment; source_platform UNKNOWN for risk adjustment
intake-068,Intel Arc Pro B70,ACTIVE,Component,component,Workstation_GPU,UNKNOWN,UNKNOWN,Arc Pro B70,32.0,UNKNOWN,UNKNOWN,UNKNOWN,1423.0,No,,New,UNKNOWN,Needs Verification,UNKNOWN,UNKNOWN,UNKNOWN,2026-05-05_notebooklm_batch1_processed,cards/components/intake-068_intel-arc-pro-b70.md,,Passed gates,AU stock: UNKNOWN,intake-068,Candidate,9,10,9,2,9,7.800,,,,,,,,,,,,,,,,,1.000,0.000,0.000,7.800,NEEDS_REVIEW,AU stock not confirmed; track/pathway unresolved; seller_class UNKNOWN for risk adjustment; source_platform UNKNOWN for risk adjustment
10_alienware-aurora-r11-rtx-3090-refurbished,Alienware Aurora R11 Gaming PC,ACTIVE,Desktop,desktop_gaming_refurbished,Complete_System,UNKNOWN,UNKNOWN,NVIDIA RTX 3090 (24 GB),24.0,UNKNOWN,UNKNOWN,UNKNOWN,2300.0,No,,UNKNOWN,UNKNOWN,UNKNOWN,UNKNOWN,UNKNOWN,UNKNOWN,UNKNOWN,cards/desktops/10_alienware-aurora-r11-rtx-3090-refurbished.md,,Passed gates,Unverified — confirm specs before scoring; AU stock: UNKNOWN,10_alienware-aurora-r11-rtx-3090-refurbished,Candidate,9,9,9,2,9,7.600,,,,,,,,,,,,,,,,,1.000,0.000,0.000,7.600,NEEDS_REVIEW,AU stock not confirmed; track/pathway unresolved; seller_class UNKNOWN for risk adjustment; source_platform UNKNOWN for risk adjustment
intake-066,Dell Precision 5820 Tower Workstation (32GB RAM),ACTIVE,Desktop,desktop,Complete_System,2,B,RTX 3090,24.0,UNKNOWN,UNKNOWN,UNKNOWN,2399.0,No,,Refurbished,UNKNOWN,Verified,Yes,UNKNOWN,UNKNOWN,2026-05-05_notebooklm_batch1_processed,cards/desktops/intake-066_dell-precision-5820-tower-workstation-32gb-ram.md,,Passed gates,,intake-066,Candidate,9,9,9,2,9,7.600,,,,,,,,,,,,,,,,,1.000,0.000,0.000,7.600,GOOD_ENOUGH,seller_class UNKNOWN for risk adjustment; source_platform UNKNOWN for risk adjustment
intake-042,HP Z4 G4 + used 3090,ACTIVE,Desktop,desktop,Complete_System,2,B,RTX 3090,24.0,UNKNOWN,UNKNOWN,UNKNOWN,2800.0,No,,Refurbished,UNKNOWN,Unverified,Mixed,UNKNOWN,UNKNOWN,2026-05-05_notebooklm_batch1_processed,cards/desktops/intake-042_hp-z4-g4-used-3090.md,,Passed gates,Unverified — confirm specs before scoring,intake-042,Candidate,9,8,9,2,9,7.400,,,,,,,,,,,,,,,,,1.000,0.000,0.000,7.400,NEEDS_REVIEW,AU stock not confirmed; seller_class UNKNOWN for risk adjustment; source_platform UNKNOWN for risk adjustment
intake-077,Lenovo Legion Pro 7i Gen 10 16 (83F5X004R1) - Lenovo Outlet AU,ACTIVE,Laptop,laptop,Complete_System,1,1A,NVIDIA GeForce RTX 5090 Laptop GPU,24.0,UNKNOWN,16.0,UNKNOWN,5020.95,Yes,,Certified Refurbished,Lenovo Outlet AU,"Verified (full page, 2026-05-13)",Yes,MANUFACTURER_AU,MANUFACTURER_AU,manual_user_submission,cards/laptops/intake-077_lenovo-legion-pro-7i-gen10-83f5x004r1-outlet.md,≥ 24.0GB VRAM allows budget stretch to $6000.0,Passed via exceptional override,"Exceeds $5,000 AUD budget (price: $5,020.95) [ALLOWED: ≥ 24.0GB VRAM allows budget stretch to $6000.0]",intake-077,Candidate,9,2,9,8,9,7.400,,,,,,,,,,,,,,,,,1.000,0.000,0.000,7.400,NEEDS_REVIEW,price > Track 1 cap (5000 AUD)
asus-tuf-a14,ASUS TUF Gaming A14 (2026) FA401EA,ACTIVE,Laptop,laptop,Complete_System,UNKNOWN,UNKNOWN,UNKNOWN,32.0,UNKNOWN,UNKNOWN,UNKNOWN,UNKNOWN,No,Yes,UNKNOWN,UNKNOWN,UNKNOWN,UNKNOWN,UNKNOWN,UNKNOWN,UNKNOWN,cards/laptops/asus-tuf-a14.md,,Passed gates,Price UNKNOWN — research required; Unverified — confirm specs before scoring; AU stock: UNKNOWN,asus-tuf-a14,Candidate,9,2,9,8,9,7.400,,,,,,,,,,,,,,,,,1.000,0.000,0.000,7.400,NEEDS_REVIEW,price UNKNOWN; AU stock not confirmed; track/pathway unresolved; seller_class UNKNOWN for risk adjustment; source_platform UNKNOWN for risk adjustment
hp-z2-mini-g1a-strix-halo,HP Z2 Mini G1a,ACTIVE,Desktop,mini_pc,Complete_System,UNKNOWN,UNKNOWN,UNKNOWN,UNKNOWN,32.0,UNKNOWN,UNKNOWN,UNKNOWN,No,Yes,UNKNOWN,UNKNOWN,UNKNOWN,UNKNOWN,UNKNOWN,UNKNOWN,UNKNOWN,cards/mini_pcs/hp-z2-mini-g1a-strix-halo.md,,Passed gates,Price UNKNOWN — research required; Unverified — confirm specs before scoring; AU stock: UNKNOWN,hp-z2-mini-g1a-strix-halo,Candidate,9,2,9,7,9,7.200,,,,,,,,,,,,,,,,,1.000,0.000,0.000,7.200,NEEDS_REVIEW,price UNKNOWN; AU stock not confirmed; track/pathway unresolved; seller_class UNKNOWN for risk adjustment; source_platform UNKNOWN for risk adjustment
intake-019,Pro build,ACTIVE,Desktop,diy build,Complete_System,UNKNOWN,UNKNOWN,RTX 4090,24.0,UNKNOWN,UNKNOWN,UNKNOWN,2899.0,No,,New,UNKNOWN,Unverified,UNKNOWN,UNKNOWN,UNKNOWN,2026-05-05_notebooklm_batch1_processed,cards/desktops/intake-019_pro-build.md,,Passed gates,Unverified — confirm specs before scoring; AU stock: UNKNOWN,intake-019,Candidate,9,7,9,2,9,7.200,,,,,,,,,,,,,,,,,1.000,0.000,0.000,7.200,NEEDS_REVIEW,AU stock not confirmed; track/pathway unresolved; seller_class UNKNOWN for risk adjustment; source_platform UNKNOWN for risk adjustment
intake-035,Specialized EVGA 3090 Custom Build,ACTIVE,Desktop,desktop,Complete_System,UNKNOWN,UNKNOWN,RTX 3090,24.0,UNKNOWN,UNKNOWN,UNKNOWN,2953.0,No,,Refurbished,UNKNOWN,Unverified,UNKNOWN,UNKNOWN,UNKNOWN,2026-05-05_notebooklm_batch1_processed,cards/desktops/intake-035_specialized-evga-3090-custom-build.md,,Passed gates,Unverified — confirm specs before scoring; AU stock: UNKNOWN,intake-035,Candidate,9,7,9,2,9,7.200,,,,,,,,,,,,,,,,,1.000,0.000,0.000,7.200,NEEDS_REVIEW,AU stock not confirmed; track/pathway unresolved; seller_class UNKNOWN for risk adjustment; source_platform UNKNOWN for risk adjustment
intake-003,Dell Precision 5820 Tower Bundle,ACTIVE,Desktop,desktop,Complete_System,2,B,RTX 3090,24.0,UNKNOWN,UNKNOWN,UNKNOWN,3558.0,No,,Refurbished,UNKNOWN,Verified,Yes,UNKNOWN,UNKNOWN,2026-05-05_notebooklm_batch1_processed,cards/desktops/intake-003_dell-precision-5820-tower-bundle.md,,Passed gates,,intake-003,Candidate,9,6,9,2,9,7.000,,,,,,,,,,,,,,,,,1.000,0.000,0.000,7.000,GOOD_ENOUGH,seller_class UNKNOWN for risk adjustment; source_platform UNKNOWN for risk adjustment
intake-004,HP Z4 G4 Workstation (Refurbished Base),ACTIVE,Desktop,desktop,Complete_System,2,B,RTX 3090,24.0,UNKNOWN,UNKNOWN,UNKNOWN,3500.0,No,,Refurbished,UNKNOWN,Unverified,Low,UNKNOWN,UNKNOWN,2026-05-05_notebooklm_batch1_processed,cards/desktops/intake-004_hp-z4-g4-workstation-refurbished-base.md,,Passed gates,Unverified — confirm specs before scoring,intake-004,Candidate,9,6,9,2,9,7.000,,,,,,,,,,,,,,,,,1.000,0.000,0.000,7.000,NEEDS_REVIEW,AU stock not confirmed; seller_class UNKNOWN for risk adjustment; source_platform UNKNOWN for risk adjustment
intake-040,Recompute Dell Precision 5820 Tower + ACT ThinkPad,ACTIVE,Desktop,desktop,Complete_System,2,B,RTX 3090,24.0,UNKNOWN,UNKNOWN,UNKNOWN,3558.0,No,,Refurbished,UNKNOWN,Verified,Yes,UNKNOWN,UNKNOWN,2026-05-05_notebooklm_batch1_processed,cards/desktops/intake-040_recompute-dell-precision-5820-tower-act-thinkpad.md,,Passed gates,,intake-040,Candidate,9,6,9,2,9,7.000,,,,,,,,,,,,,,,,,1.000,0.000,0.000,7.000,GOOD_ENOUGH,seller_class UNKNOWN for risk adjustment; source_platform UNKNOWN for risk adjustment
asus-rog-flow-z13,ASUS ROG Flow Z13 (2025) (Strix Halo),BUY_CANDIDATE,Laptop,laptop,Complete_System,1,1B,UNKNOWN,UNKNOWN,32.0,13.4,UNKNOWN,4499.0,No,,New,ASUS Australia,"Verified (ASUS Store AU, 2026-05-11)",Yes,MANUFACTURER_AU,MANUFACTURER_AU,UNKNOWN,cards/laptops/asus-rog-flow-z13.md,,Passed gates,,asus-rog-flow-z13,Candidate,9,3,9,5,9,7.000,,,,,,,,,,,,,,,,,1.000,0.000,0.000,7.000,GOOD_ENOUGH,
intake-011,Dell Alienware m18 R2 / Area-51,Rejected,Laptop,laptop,Complete_System,1,1A,RTX 5090 Mobile (Conflict),24.0,UNKNOWN,18.0,UNKNOWN,UNKNOWN,No,Yes,Refurbished,UNKNOWN,Failed (AI Hallucination),No,UNKNOWN,UNKNOWN,2026-05-05_notebooklm_batch1_processed,cards/laptops/intake-011_dell-alienware-m18-r2-area-51.md,,Passed gates,Price UNKNOWN — research required; AU stock: No,intake-011,Candidate,9,3,9,5,9,7.000,,,,,,,,,,,,,,,,,1.000,0.000,0.000,7.000,NEEDS_REVIEW,price UNKNOWN; AU stock not confirmed; seller_class UNKNOWN for risk adjustment; source_platform UNKNOWN for risk adjustment
intake-039,Minisforum X1 Lite + DEG1 + RTX 5070 Ti,ACTIVE,Mini PC,mini pc,Complete_System,UNKNOWN,UNKNOWN,RTX 5070 Ti,16.0,UNKNOWN,UNKNOWN,UNKNOWN,2851.98,No,,New,UNKNOWN,Unverified,UNKNOWN,UNKNOWN,UNKNOWN,2026-05-05_notebooklm_batch1_processed,cards/mini_pcs/intake-039_minisforum-x1-lite-deg1-rtx-5070-ti.md,,Passed gates,Unverified — confirm specs before scoring; AU stock: UNKNOWN,intake-039,Candidate,7,7,7,7,7,7.000,,,,,,,,,,,,,,,,,1.000,0.000,0.000,7.000,NEEDS_REVIEW,AU stock not confirmed; track/pathway unresolved; seller_class UNKNOWN for risk adjustment; source_platform UNKNOWN for risk adjustment
HN6306_proart_px13,ASUS ProArt GoPro Edition PX13 HN7306EAC-LX044W (Strix Halo),BUY_CANDIDATE,Laptop,laptop,Complete_System,1,1B,UNKNOWN,128.0,128.0,13.3,UNKNOWN,4799.0,No,,New,PLE Computers,"Verified (multi-retailer, 2026-05-13)",Yes,MAJOR_RETAILER_AU,MANUFACTURER_AU,manual_user_submission,cards/laptops/HN6306_proart_px13.md,,Passed gates,,HN6306_proart_px13,Candidate,9,3,9,5,9,7.000,,,,,,,,,,,,,,,,,0.980,0.000,-0.140,6.860,GOOD_ENOUGH,
intake-006,Alienware Aurora R12 (Refurbished),ACTIVE,Desktop,desktop,Complete_System,1.5,UNKNOWN,RTX 3090,24.0,UNKNOWN,UNKNOWN,UNKNOWN,3884.0,No,,Refurbished,UNKNOWN,Unverified,Yes,UNKNOWN,UNKNOWN,2026-05-05_notebooklm_batch1_processed,cards/desktops/intake-006_alienware-aurora-r12-refurbished.md,,Passed gates,Unverified — confirm specs before scoring,intake-006,Candidate,9,5,9,2,9,6.800,,,,,,,,,,,,,,,,,1.000,0.000,0.000,6.800,GOOD_ENOUGH,seller_class UNKNOWN for risk adjustment; source_platform UNKNOWN for risk adjustment
intake-023,Gaming PC Jonsbo MOD 5 ASRock x570 Aqua,ACTIVE,Desktop,desktop,Complete_System,UNKNOWN,UNKNOWN,RTX 3090,24.0,UNKNOWN,UNKNOWN,UNKNOWN,3898.3,No,,Refurbished,UNKNOWN,Unverified,UNKNOWN,UNKNOWN,UNKNOWN,2026-05-05_notebooklm_batch1_processed,cards/desktops/intake-023_gaming-pc-jonsbo-mod-5-asrock-x570-aqua.md,,Passed gates,Unverified — confirm specs before scoring; AU stock: UNKNOWN,intake-023,Candidate,9,5,9,2,9,6.800,,,,,,,,,,,,,,,,,1.000,0.000,0.000,6.800,NEEDS_REVIEW,AU stock not confirmed; track/pathway unresolved; seller_class UNKNOWN for risk adjustment; source_platform UNKNOWN for risk adjustment
intake-047,Alienware Aurora R12 RTX 3090 refurbished,ACTIVE,Desktop,desktop,Complete_System,UNKNOWN,UNKNOWN,RTX 3090,24.0,UNKNOWN,UNKNOWN,UNKNOWN,3884.0,No,,Refurbished,UNKNOWN,Unverified,UNKNOWN,UNKNOWN,UNKNOWN,2026-05-05_notebooklm_batch1_processed,cards/desktops/intake-047_alienware-aurora-r12-rtx-3090-refurbished.md,,Passed gates,Unverified — confirm specs before scoring; AU stock: UNKNOWN,intake-047,Candidate,9,5,9,2,9,6.800,,,,,,,,,,,,,,,,,1.000,0.000,0.000,6.800,NEEDS_REVIEW,AU stock not confirmed; track/pathway unresolved; seller_class UNKNOWN for risk adjustment; source_platform UNKNOWN for risk adjustment
intake-076,Lenovo Legion Pro 7i Gen 10 16 (83F5XA01AU) - Lenovo Outlet AU,ACTIVE,Laptop,laptop,Complete_System,1,1A,NVIDIA GeForce RTX 5080 Laptop GPU,16.0,UNKNOWN,16.0,UNKNOWN,3827.45,No,,Certified Refurbished,Lenovo Outlet AU,"Verified (full page, 2026-05-13)",Yes,MANUFACTURER_AU,MANUFACTURER_AU,manual_user_submission,cards/laptops/intake-076_lenovo-legion-pro-7i-gen10-83f5xa01au-outlet.md,,Passed gates,,intake-076,Candidate,7,5,7,8,7,6.800,,,,,,,,,,,,,,,,,1.000,0.000,0.000,6.800,GOOD_ENOUGH,
intake-080,HP OMEN MAX 16-ah0013TX,ACTIVE,Laptop,laptop,Complete_System,1,1A,NVIDIA GeForce RTX 5080 Laptop GPU,16.0,0.0,16.0,UNKNOWN,3799.0,No,,New,HP Australia,"Verified (hp.com.au + student discount, 2026-05-14)",Yes,MANUFACTURER_AU,MANUFACTURER_AU,manual_user_submission,cards/laptops/intake-080_hp-omen-max-16-ah0013tx.md,,Passed gates,,intake-080,Candidate,7,5,7,8,7,6.800,,,,,,,,,,,,,,,,,1.000,0.000,0.000,6.800,GOOD_ENOUGH,
hp_omen_max,HP OMEN Max 16 Gaming Laptop (Intel Core Ultra 9 + RTX 5080),ACTIVE,Laptop,laptop,Complete_System,UNKNOWN,UNKNOWN,NVIDIA RTX 5080 Laptop GPU,167.0,UNKNOWN,16.0,UNKNOWN,3999.0,No,,New,HP Australia (hp.com/au-en),UNKNOWN,"""Yes""",MANUFACTURER_AU,UNKNOWN,UNKNOWN,cards/laptops/hp_omen_max.md,,Passed gates,Unverified — confirm specs before scoring,hp_omen_max,Candidate,7,5,7,8,7,6.800,,,,,,,,,,,,,,,,,1.000,0.000,0.000,6.800,NEEDS_REVIEW,AU stock not confirmed; track/pathway unresolved; source_platform UNKNOWN for risk adjustment
30_asus-rog-strix-scar-18-rtx-5090-2025,ASUS ROG Strix Scar 18 (2025) RTX 5090,ACTIVE,Laptop,laptop,Complete_System,UNKNOWN,UNKNOWN,NVIDIA RTX 5090 Laptop GPU (24 GB),24.0,UNKNOWN,18.0,UNKNOWN,UNKNOWN,No,Yes,UNKNOWN,UNKNOWN,UNKNOWN,UNKNOWN,UNKNOWN,UNKNOWN,UNKNOWN,cards/laptops/30_asus-rog-strix-scar-18-rtx-5090-2025.md,,Passed gates,Price UNKNOWN — research required; Unverified — confirm specs before scoring; AU stock: UNKNOWN,30_asus-rog-strix-scar-18-rtx-5090-2025,Candidate,9,2,9,5,9,6.800,,,,,,,,,,,,,,,,,1.000,0.000,0.000,6.800,NEEDS_REVIEW,price UNKNOWN; AU stock not confirmed; track/pathway unresolved; seller_class UNKNOWN for risk adjustment; source_platform UNKNOWN for risk adjustment
31_lenovo-legion-9i-18-rtx-5090,"Lenovo Legion 9i Gen 10 18"" RTX 5090",ACTIVE,Laptop,laptop,Complete_System,UNKNOWN,UNKNOWN,NVIDIA RTX 5090 Laptop GPU (24 GB),24.0,UNKNOWN,18.0,UNKNOWN,UNKNOWN,No,Yes,UNKNOWN,UNKNOWN,UNKNOWN,UNKNOWN,UNKNOWN,UNKNOWN,UNKNOWN,cards/laptops/31_lenovo-legion-9i-18-rtx-5090.md,,Passed gates,Price UNKNOWN — research required; Unverified — confirm specs before scoring; AU stock: UNKNOWN,31_lenovo-legion-9i-18-rtx-5090,Candidate,9,2,9,5,9,6.800,,,,,,,,,,,,,,,,,1.000,0.000,0.000,6.800,NEEDS_REVIEW,price UNKNOWN; AU stock not confirmed; track/pathway unresolved; seller_class UNKNOWN for risk adjustment; source_platform UNKNOWN for risk adjustment
32_msi-raider-a18-hx-rtx-5090,MSI Raider A18 HX RTX 5090,ACTIVE,Laptop,laptop,Complete_System,UNKNOWN,UNKNOWN,NVIDIA RTX 5090 Laptop GPU (24 GB),24.0,UNKNOWN,18.0,UNKNOWN,UNKNOWN,No,Yes,UNKNOWN,UNKNOWN,UNKNOWN,UNKNOWN,UNKNOWN,UNKNOWN,UNKNOWN,cards/laptops/32_msi-raider-a18-hx-rtx-5090.md,,Passed gates,Price UNKNOWN — research required; Unverified — confirm specs before scoring; AU stock: UNKNOWN,32_msi-raider-a18-hx-rtx-5090,Candidate,9,2,9,5,9,6.800,,,,,,,,,,,,,,,,,1.000,0.000,0.000,6.800,NEEDS_REVIEW,price UNKNOWN; AU stock not confirmed; track/pathway unresolved; seller_class UNKNOWN for risk adjustment; source_platform UNKNOWN for risk adjustment
33_msi-titan-rtx-5090,MSI Titan (RTX 5090) — model variant UNKNOWN,ACTIVE,Laptop,laptop,Complete_System,UNKNOWN,UNKNOWN,NVIDIA RTX 5090 Laptop GPU (24 GB),24.0,UNKNOWN,17.0,Flagged,UNKNOWN,No,Yes,UNKNOWN,UNKNOWN,UNKNOWN,UNKNOWN,UNKNOWN,UNKNOWN,UNKNOWN,cards/laptops/33_msi-titan-rtx-5090.md,,Passed gates,Price UNKNOWN — research required; Unverified — confirm specs before scoring; AU stock: UNKNOWN,33_msi-titan-rtx-5090,Candidate,9,2,9,5,9,6.800,,,,,,,,,,,,,,,,,1.000,0.000,0.000,6.800,NEEDS_REVIEW,price UNKNOWN; AU stock not confirmed; track/pathway unresolved; seller_class UNKNOWN for risk adjustment; source_platform UNKNOWN for risk adjustment
intake-017,Budget build,ACTIVE,Desktop,diy build,Complete_System,UNKNOWN,UNKNOWN,RTX 4060 Ti,16.0,UNKNOWN,UNKNOWN,UNKNOWN,899.0,No,,New,UNKNOWN,Unverified,UNKNOWN,UNKNOWN,UNKNOWN,2026-05-05_notebooklm_batch1_processed,cards/desktops/intake-017_budget-build.md,,Passed gates,Unverified — confirm specs before scoring; AU stock: UNKNOWN,intake-017,Candidate,7,10,7,2,7,6.600,,,,,,,,,,,,,,,,,1.000,0.000,0.000,6.600,NEEDS_REVIEW,AU stock not confirmed; track/pathway unresolved; seller_class UNKNOWN for risk adjustment; source_platform UNKNOWN for risk adjustment
intake-041,ACT Dell 3650 + A4000,ACTIVE,Desktop,desktop,Complete_System,UNKNOWN,UNKNOWN,RTX A4000,16.0,UNKNOWN,UNKNOWN,UNKNOWN,1800.0,No,,Refurbished,UNKNOWN,Unverified,UNKNOWN,UNKNOWN,UNKNOWN,2026-05-05_notebooklm_batch1_processed,cards/desktops/intake-041_act-dell-3650-a4000.md,,Passed gates,Unverified — confirm specs before scoring; AU stock: UNKNOWN,intake-041,Candidate,7,10,7,2,7,6.600,,,,,,,,,,,,,,,,,1.000,0.000,0.000,6.600,NEEDS_REVIEW,AU stock not confirmed; track/pathway unresolved; seller_class UNKNOWN for risk adjustment; source_platform UNKNOWN for risk adjustment
intake-036,Alienware 16 Area-51 new config,ACTIVE,Laptop,laptop,Complete_System,UNKNOWN,UNKNOWN,RTX 5070 Ti Mobile,16.0,UNKNOWN,UNKNOWN,UNKNOWN,4198.7,No,,New,UNKNOWN,Unverified,UNKNOWN,UNKNOWN,UNKNOWN,2026-05-05_notebooklm_batch1_processed,cards/laptops/intake-036_alienware-16-area-51-new-config.md,,Passed gates,Unverified — confirm specs before scoring; AU stock: UNKNOWN,intake-036,Candidate,7,4,7,8,7,6.600,,,,,,,,,,,,,,,,,1.000,0.000,0.000,6.600,NEEDS_REVIEW,AU stock not confirmed; track/pathway unresolved; seller_class UNKNOWN for risk adjustment; source_platform UNKNOWN for risk adjustment
lenovo-legion-7a-gen-11-83v9cto1wwau2,"Lenovo Legion 7a Gen 11 (15"" AMD) — AMD Ryzen AI Max+ 392 (64GB Unified)",ACTIVE,Laptop,laptop,Complete_System,1,1B,UNKNOWN,64.0,64.0,15.3,UNKNOWN,5599.0,Yes,,New,Lenovo AU Store,"Verified (Lenovo AU Store, 2026-05-28)",Yes,MANUFACTURER_AU,MANUFACTURER_AU,manual_user_submission,cards/laptops/lenovo-legion-7a-gen-11-83v9cto1wwau2.md,≥ 24.0GB VRAM allows budget stretch to $6000.0,Passed via exceptional override,"Exceeds $5,000 AUD budget (price: $5,599.00) [ALLOWED: ≥ 24.0GB VRAM allows budget stretch to $6000.0]",lenovo-legion-7a-gen-11-83v9cto1wwau2,Candidate,9,1,9,5,9,6.600,,,,,,,,,,,,,,,,,1.000,0.000,0.000,6.600,NEEDS_REVIEW,price > Track 1 cap (5000 AUD)
intake-038,Minisforum AI X1 Pro + DEG2 + RTX 5070 Ti,ACTIVE,Mini PC,mini pc,Complete_System,UNKNOWN,UNKNOWN,RTX 5070 Ti,16.0,UNKNOWN,UNKNOWN,UNKNOWN,3633.19,No,,New,UNKNOWN,Unverified,UNKNOWN,UNKNOWN,UNKNOWN,2026-05-05_notebooklm_batch1_processed,cards/mini_pcs/intake-038_minisforum-ai-x1-pro-deg2-rtx-5070-ti.md,,Passed gates,Unverified — confirm specs before scoring; AU stock: UNKNOWN,intake-038,Candidate,7,5,7,7,7,6.600,,,,,,,,,,,,,,,,,1.000,0.000,0.000,6.600,NEEDS_REVIEW,AU stock not confirmed; track/pathway unresolved; seller_class UNKNOWN for risk adjustment; source_platform UNKNOWN for risk adjustment
intake-027,Gigabyte Radeon RX 9070 XT Gaming OC Ice 16G,ACTIVE,Component,component,Standalone_GPU,UNKNOWN,UNKNOWN,RX 9070 XT,16.0,UNKNOWN,UNKNOWN,UNKNOWN,1235.4,No,,New,UNKNOWN,Unverified,UNKNOWN,UNKNOWN,UNKNOWN,2026-05-05_notebooklm_batch1_processed,cards/components/intake-027_gigabyte-radeon-rx-9070-xt-gaming-oc-ice-16g.md,,Passed gates,Unverified — confirm specs before scoring; AU stock: UNKNOWN,intake-027,Candidate,7,10,7,2,7,6.600,,,,,,,,,,,,,,,,,1.000,0.000,0.000,6.600,NEEDS_REVIEW,AU stock not confirmed; track/pathway unresolved; seller_class UNKNOWN for risk adjustment; source_platform UNKNOWN for risk adjustment
intake-070,NVIDIA RTX 2000 Ada 16GB,ACTIVE,Component,component,Workstation_GPU,UNKNOWN,UNKNOWN,RTX 2000 Ada,16.0,UNKNOWN,UNKNOWN,UNKNOWN,1233.0,No,,New,UNKNOWN,Verified,Yes,UNKNOWN,UNKNOWN,2026-05-05_notebooklm_batch1_processed,cards/components/intake-070_nvidia-rtx-2000-ada-16gb.md,,Passed gates,,intake-070,Candidate,7,10,7,2,7,6.600,,,,,,,,,,,,,,,,,1.000,0.000,0.000,6.600,NEEDS_REVIEW,track/pathway unresolved; seller_class UNKNOWN for risk adjustment; source_platform UNKNOWN for risk adjustment
49_msi-vector-gp78-hx-14v,MSI VECTOR GP78 HX 14V,ACTIVE,Laptop,laptop,Complete_System,1,1A,NVIDIA RTX 4090 Laptop GPU (16 GB),16.0,UNKNOWN,17.3,UNKNOWN,2499.0,No,,Refurbished / Ex-demo,MikePC AU,Verified,Yes,REFURB_SELLER,MAJOR_RETAILER_AU,UNKNOWN,cards/laptops/49_msi-vector-gp78-hx-14v.md,,Passed gates,,49_msi-vector-gp78-hx-14v,Candidate,7,8,7,5,7,6.800,,,,,,,,,,,,,,,,,0.950,0.000,-0.340,6.460,GOOD_ENOUGH,
42_asus-rog-strix-g16-rtx-5080-2025,ASUS ROG Strix G16 (2025),ACTIVE,Laptop,laptop,Complete_System,UNKNOWN,UNKNOWN,NVIDIA RTX 5080 Laptop GPU (16 GB),16.0,UNKNOWN,16.0,UNKNOWN,4559.0,No,,UNKNOWN,UNKNOWN,UNKNOWN,UNKNOWN,UNKNOWN,UNKNOWN,UNKNOWN,cards/laptops/42_asus-rog-strix-g16-rtx-5080-2025.md,,Passed gates,Unverified — confirm specs before scoring; AU stock: UNKNOWN,42_asus-rog-strix-g16-rtx-5080-2025,Candidate,7,3,7,8,7,6.400,,,,,,,,,,,,,,,,,1.000,0.000,0.000,6.400,NEEDS_REVIEW,AU stock not confirmed; track/pathway unresolved; seller_class UNKNOWN for risk adjustment; source_platform UNKNOWN for risk adjustment
intake-009,Lenovo Legion Pro 7i,ACTIVE,Laptop,laptop,Complete_System,UNKNOWN,UNKNOWN,RTX 4090 Mobile,16.0,UNKNOWN,UNKNOWN,UNKNOWN,4575.0,No,,New,UNKNOWN,Unverified,UNKNOWN,UNKNOWN,UNKNOWN,2026-05-05_notebooklm_batch1_processed,cards/laptops/intake-009_lenovo-legion-pro-7i.md,,Passed gates,Unverified — confirm specs before scoring; AU stock: UNKNOWN,intake-009,Candidate,7,3,7,8,7,6.400,,,,,,,,,,,,,,,,,1.000,0.000,0.000,6.400,NEEDS_REVIEW,AU stock not confirmed; track/pathway unresolved; seller_class UNKNOWN for risk adjustment; source_platform UNKNOWN for risk adjustment
intake-010,MSI Raider 18 HX AI A2XWJG,ACTIVE,Laptop,laptop,Complete_System,UNKNOWN,UNKNOWN,RTX 5090 Mobile,24.0,UNKNOWN,UNKNOWN,UNKNOWN,8488.0,Yes,,New,UNKNOWN,Verified,UNKNOWN,UNKNOWN,UNKNOWN,2026-05-05_notebooklm_batch1_processed,cards/laptops/intake-010_msi-raider-18-hx-ai-a2xwjg.md,,Passed gates,"Exceeds $5,000 AUD budget (price: $8,488.00); AU stock: UNKNOWN",intake-010,Candidate,9,0,9,5,9,6.400,,,,,,,,,,,,,,,,,1.000,0.000,0.000,6.400,NEEDS_REVIEW,AU stock not confirmed; track/pathway unresolved; seller_class UNKNOWN for risk adjustment; source_platform UNKNOWN for risk adjustment
intake-012,Razer Blade 18,ACTIVE,Laptop,laptop,Complete_System,UNKNOWN,UNKNOWN,RTX 5090 Mobile,24.0,UNKNOWN,UNKNOWN,UNKNOWN,7400.0,Yes,,New,UNKNOWN,Unverified,UNKNOWN,UNKNOWN,UNKNOWN,2026-05-05_notebooklm_batch1_processed,cards/laptops/intake-012_razer-blade-18.md,,Passed gates,"Exceeds $5,000 AUD budget (price: $7,400.00); Unverified — confirm specs before scoring; AU stock: UNKNOWN",intake-012,Candidate,9,0,9,5,9,6.400,,,,,,,,,,,,,,,,,1.000,0.000,0.000,6.400,NEEDS_REVIEW,AU stock not confirmed; track/pathway unresolved; seller_class UNKNOWN for risk adjustment; source_platform UNKNOWN for risk adjustment
intake-032,TOPAZ SNOW PC,ACTIVE,Desktop,desktop,Complete_System,UNKNOWN,UNKNOWN,RTX 5070 Ti,16.0,UNKNOWN,UNKNOWN,UNKNOWN,2699.0,No,,New,UNKNOWN,Unverified,UNKNOWN,UNKNOWN,UNKNOWN,2026-05-05_notebooklm_batch1_processed,cards/desktops/intake-032_topaz-snow-pc.md,,Passed gates,Unverified — confirm specs before scoring; AU stock: UNKNOWN,intake-032,Candidate,7,8,7,2,7,6.200,,,,,,,,,,,,,,,,,1.000,0.000,0.000,6.200,NEEDS_REVIEW,AU stock not confirmed; track/pathway unresolved; seller_class UNKNOWN for risk adjustment; source_platform UNKNOWN for risk adjustment
28_hp-z4-g4-rtx-3090-refurbished,HP Z4 G4 Workstation + Used RTX 3090 24 GB,ACTIVE,Desktop,desktop,Complete_System,UNKNOWN,UNKNOWN,NVIDIA GeForce RTX 3090 (24 GB),24.0,UNKNOWN,UNKNOWN,UNKNOWN,UNKNOWN,No,Yes,UNKNOWN,UNKNOWN,UNKNOWN,UNKNOWN,UNKNOWN,UNKNOWN,UNKNOWN,cards/desktops/28_hp-z4-g4-rtx-3090-refurbished.md,,Passed gates,Price UNKNOWN — research required; Unverified — confirm specs before scoring; AU stock: UNKNOWN,28_hp-z4-g4-rtx-3090-refurbished,Candidate,9,2,9,2,9,6.200,,,,,,,,,,,,,,,,,1.000,0.000,0.000,6.200,NEEDS_REVIEW,price UNKNOWN; AU stock not confirmed; track/pathway unresolved; seller_class UNKNOWN for risk adjustment; source_platform UNKNOWN for risk adjustment
intake-062,Allied M.O.A.B-A: RTX 5090 32GB Gaming PC,ACTIVE,Desktop,desktop,Complete_System,UNKNOWN,UNKNOWN,RTX 5090,32.0,UNKNOWN,UNKNOWN,UNKNOWN,UNKNOWN,No,Yes,New,UNKNOWN,Unverified,UNKNOWN,UNKNOWN,UNKNOWN,2026-05-05_notebooklm_batch1_processed,cards/desktops/intake-062_allied-moab-a-rtx-5090-32gb-gaming-pc.md,,Passed gates,Price UNKNOWN — research required; Unverified — confirm specs before scoring; AU stock: UNKNOWN,intake-062,Candidate,9,2,9,2,9,6.200,,,,,,,,,,,,,,,,,1.000,0.000,0.000,6.200,NEEDS_REVIEW,price UNKNOWN; AU stock not confirmed; track/pathway unresolved; seller_class UNKNOWN for risk adjustment; source_platform UNKNOWN for risk adjustment
intake-063,Scorptec Vengeance RTX 5090 Gaming PC,ACTIVE,Desktop,desktop,Complete_System,UNKNOWN,UNKNOWN,RTX 5090,32.0,UNKNOWN,UNKNOWN,UNKNOWN,UNKNOWN,No,Yes,New,UNKNOWN,Unverified,UNKNOWN,UNKNOWN,UNKNOWN,2026-05-05_notebooklm_batch1_processed,cards/desktops/intake-063_scorptec-vengeance-rtx-5090-gaming-pc.md,,Passed gates,Price UNKNOWN — research required; Unverified — confirm specs before scoring; AU stock: UNKNOWN,intake-063,Candidate,9,2,9,2,9,6.200,,,,,,,,,,,,,,,,,1.000,0.000,0.000,6.200,NEEDS_REVIEW,price UNKNOWN; AU stock not confirmed; track/pathway unresolved; seller_class UNKNOWN for risk adjustment; source_platform UNKNOWN for risk adjustment
intake-064,AETHER : LVL 10 ICE MAX RTX 5090 Desktop PC,ACTIVE,Desktop,desktop,Complete_System,UNKNOWN,UNKNOWN,RTX 5090,32.0,UNKNOWN,UNKNOWN,UNKNOWN,UNKNOWN,No,Yes,New,UNKNOWN,Unverified,UNKNOWN,UNKNOWN,UNKNOWN,2026-05-05_notebooklm_batch1_processed,cards/desktops/intake-064_aether-lvl-10-ice-max-rtx-5090-desktop-pc.md,,Passed gates,Price UNKNOWN — research required; Unverified — confirm specs before scoring; AU stock: UNKNOWN,intake-064,Candidate,9,2,9,2,9,6.200,,,,,,,,,,,,,,,,,1.000,0.000,0.000,6.200,NEEDS_REVIEW,price UNKNOWN; AU stock not confirmed; track/pathway unresolved; seller_class UNKNOWN for risk adjustment; source_platform UNKNOWN for risk adjustment
intake-056,Scorptec Blackwell PRO Workstation,ACTIVE,Desktop,desktop,Complete_System,UNKNOWN,UNKNOWN,RTX PRO 5000 Blackwell,48.0,UNKNOWN,UNKNOWN,UNKNOWN,UNKNOWN,No,Yes,New,UNKNOWN,Unverified,UNKNOWN,UNKNOWN,UNKNOWN,2026-05-05_notebooklm_batch1_processed,cards/desktops/intake-056_scorptec-blackwell-pro-workstation.md,,Passed gates,Price UNKNOWN — research required; Unverified — confirm specs before scoring; AU stock: UNKNOWN,intake-056,Candidate,9,2,9,2,9,6.200,,,,,,,,,,,,,,,,,1.000,0.000,0.000,6.200,NEEDS_REVIEW,price UNKNOWN; AU stock not confirmed; track/pathway unresolved; seller_class UNKNOWN for risk adjustment; source_platform UNKNOWN for risk adjustment
hp-zbook-ultra-14-g1a,HP ZBook Ultra 14 G1a,ACTIVE,Laptop,laptop,Complete_System,UNKNOWN,UNKNOWN,UNKNOWN,UNKNOWN,16.0,14.0,UNKNOWN,UNKNOWN,No,Yes,UNKNOWN,UNKNOWN,UNKNOWN,UNKNOWN,UNKNOWN,UNKNOWN,UNKNOWN,cards/laptops/hp-zbook-ultra-14-g1a.md,,Passed gates,Price UNKNOWN — research required; Unverified — confirm specs before scoring; AU stock: UNKNOWN,hp-zbook-ultra-14-g1a,Candidate,7,2,7,8,7,6.200,,,,,,,,,,,,,,,,,1.000,0.000,0.000,6.200,NEEDS_REVIEW,price UNKNOWN; AU stock not confirmed; track/pathway unresolved; seller_class UNKNOWN for risk adjustment; source_platform UNKNOWN for risk adjustment
054_alienware-m18-r2-rtx-4090-ebay-mkt-013,Dell Alienware M18 R2 165Hz QHD+ i9-14900HX 64GB 2TB RTX 4090 Very Good Refurb,GOOD ENOUGH,Laptop,laptop,Complete_System,1,1A,RTX 4090 Laptop,16.0,UNKNOWN,18.0,UNKNOWN,3950.0,No,,Refurbished,UNKNOWN,Needs Verification,No,UNKNOWN,UNKNOWN,UNKNOWN,cards/laptops/054_alienware-m18-r2-rtx-4090-ebay-mkt-013.md,,Passed gates,AU stock: No,054_alienware-m18-r2-rtx-4090-ebay-mkt-013,Candidate,7,5,7,5,7,6.200,,,,,,,,,,,,,,,,,1.000,0.000,0.000,6.200,NEEDS_REVIEW,AU stock not confirmed; seller_class UNKNOWN for risk adjustment; source_platform UNKNOWN for risk adjustment
055_alienware-m18-r2-rtx-4090-ebay-mkt-014,Dell Alienware M18 R2 165Hz QHD+ i9-14900HX 64GB 2TB RTX 4090,ACTIVE,Laptop,laptop,Complete_System,1,1A,RTX 4090 Laptop,16.0,UNKNOWN,18.0,UNKNOWN,3950.0,No,,Pre-owned,UNKNOWN,Needs Verification,No,UNKNOWN,UNKNOWN,UNKNOWN,cards/laptops/055_alienware-m18-r2-rtx-4090-ebay-mkt-014.md,,Passed gates,AU stock: No,055_alienware-m18-r2-rtx-4090-ebay-mkt-014,Candidate,7,5,7,5,7,6.200,,,,,,,,,,,,,,,,,1.000,0.000,0.000,6.200,NEEDS_REVIEW,AU stock not confirmed; seller_class UNKNOWN for risk adjustment; source_platform UNKNOWN for risk adjustment
intake-045,MSI Stealth A16 5080,ACTIVE,Laptop,laptop,Complete_System,UNKNOWN,UNKNOWN,RTX 5080 Mobile,16.0,UNKNOWN,UNKNOWN,UNKNOWN,4999.0,No,,New,UNKNOWN,Unverified,UNKNOWN,UNKNOWN,UNKNOWN,2026-05-05_notebooklm_batch1_processed,cards/laptops/intake-045_msi-stealth-a16-5080.md,,Passed gates,Unverified — confirm specs before scoring; AU stock: UNKNOWN,intake-045,Candidate,7,2,7,8,7,6.200,,,,,,,,,,,,,,,,,1.000,0.000,0.000,6.200,NEEDS_REVIEW,AU stock not confirmed; track/pathway unresolved; seller_class UNKNOWN for risk adjustment; source_platform UNKNOWN for risk adjustment
intake-061,AMD Radeon Pro W7900 48GB ECC GDDR6,ACTIVE,Component,component,Workstation_GPU,UNKNOWN,UNKNOWN,Radeon Pro W7900,48.0,UNKNOWN,UNKNOWN,UNKNOWN,UNKNOWN,No,Yes,New,UNKNOWN,Unverified,UNKNOWN,UNKNOWN,UNKNOWN,2026-05-05_notebooklm_batch1_processed,cards/components/intake-061_amd-radeon-pro-w7900-48gb-ecc-gddr6.md,,Passed gates,Price UNKNOWN — research required; Unverified — confirm specs before scoring; AU stock: UNKNOWN,intake-061,Candidate,9,2,9,2,9,6.200,,,,,,,,,,,,,,,,,1.000,0.000,0.000,6.200,NEEDS_REVIEW,price UNKNOWN; AU stock not confirmed; track/pathway unresolved; seller_class UNKNOWN for risk adjustment; source_platform UNKNOWN for risk adjustment
intake-022,Alienware Aurora R12 Gaming PC i9 11900K 32GB RAM 2TB SSD RTX 3090 Win 11,ACTIVE,Desktop,desktop,Complete_System,1.5,UNKNOWN,RTX 3090,24.0,UNKNOWN,UNKNOWN,UNKNOWN,2835.0,No,,Used,UNKNOWN,Verified,Yes,EBAY_AU,EBAY_AU,ebay_watchlist_2026-06-06_processed,cards/intake-022_alienware-aurora-r12-gaming-pc-i9-11900k-32gb-ram-2tb-ssd-rt.md,,Passed gates,,intake-022,Candidate,9,7,9,2,9,7.200,,,,,,,,,,,,,,,,,0.900,0.400,-1.120,6.080,GOOD_ENOUGH,
intake-023,Alienware Aurora R12 Gaming PC i9 11900K 32GB RAM 2TB SSD RTX 3090 Win 11,ACTIVE,Desktop,desktop,Complete_System,1.5,UNKNOWN,NVIDIA GeForce RTX 3090,24.0,UNKNOWN,UNKNOWN,UNKNOWN,2835.0,No,,Used,UNKNOWN,Verified,Yes,EBAY_AU,EBAY_AU,ebay_watchlist_2026-06-06_processed,cards/intake-023_alienware-aurora-r12-gaming-pc-i9-11900k-32gb-ram-2tb-ssd-rt.md,,Passed gates,,intake-023,Candidate,9,7,9,2,9,7.200,,,,,,,,,,,,,,,,,0.900,0.400,-1.120,6.080,GOOD_ENOUGH,
intake-001,Dell Precision 7550 Laptop | Intel Xeon W10855M CPU| 64GB| 1.5TB |16 GB RTX 5000,ACTIVE,Laptop,laptop,Complete_System,1,1A,RTX 5000,16.0,UNKNOWN,15.0,UNKNOWN,1844.49,No,,Used,UNKNOWN,Verified,Yes,EBAY_AU,EBAY_AU,ebay_watchlist_2026-06-06_processed,cards/intake-001_dell-precision-7550-laptop-intel-xeon-w10855m-cpu-64gb-15tb.md,,Passed gates,,intake-001,Candidate,7,10,7,5,7,7.200,,,,,,,,,,,,,,,,,0.900,0.400,-1.120,6.080,NEEDS_REVIEW,screen size below Track 1A floor (16 in)
intake-004,Dell Precision 7550 Laptop | Intel Xeon W10855M CPU| 64GB| 1.5TB |16 GB RTX 5000,ACTIVE,Laptop,laptop,Complete_System,1,1A,NVIDIA Quadro RTX 5000,16.0,UNKNOWN,UNKNOWN,UNKNOWN,1844.49,No,,Used,UNKNOWN,Verified,Yes,EBAY_AU,EBAY_AU,ebay_watchlist_2026-06-06_processed,cards/intake-004_dell-precision-7550-laptop-intel-xeon-w10855m-cpu-64gb-15tb.md,,Passed gates,,intake-004,Candidate,7,10,7,5,7,7.200,,,,,,,,,,,,,,,,,0.900,0.400,-1.120,6.080,NEEDS_REVIEW,screen size UNKNOWN
intake-010,Dell Precision 7750 Laptop 17.3” 32GB RAM | 1 TB SSD | 16GB GPU,ACTIVE,Laptop,laptop,Complete_System,1,1A,RTX A1000,16.0,UNKNOWN,17.3,UNKNOWN,1499.0,No,,Used,UNKNOWN,Verified,Yes,EBAY_AU,EBAY_AU,ebay_watchlist_2026-06-06_processed,cards/intake-010_dell-precision-7750-laptop-173-32gb-ram-1-tb-ssd-16gb-gpu.md,,Passed gates,,intake-010,Candidate,7,10,7,5,7,7.200,,,,,,,,,,,,,,,,,0.900,0.400,-1.120,6.080,GOOD_ENOUGH,
intake-011,Dell Precision 7750 Laptop 17.3” 32GB RAM | 1 TB SSD | 16GB GPU,ACTIVE,Laptop,laptop,Complete_System,1,1A,RTX A1000,16.0,UNKNOWN,UNKNOWN,UNKNOWN,1499.0,No,,Used,UNKNOWN,Verified,Yes,EBAY_AU,EBAY_AU,ebay_watchlist_2026-06-06_processed,cards/intake-011_dell-precision-7750-laptop-173-32gb-ram-1-tb-ssd-16gb-gpu.md,,Passed gates,,intake-011,Candidate,7,10,7,5,7,7.200,,,,,,,,,,,,,,,,,0.900,0.400,-1.120,6.080,NEEDS_REVIEW,screen size UNKNOWN
intake-026,Asus Rog Strix 17 RTX 4090 laptop QHD 240Hz display 64Gb ram DDR5,ACTIVE,Laptop,laptop,Complete_System,1,1A,RTX 4090,16.0,UNKNOWN,17.3,UNKNOWN,1844.49,No,,Used,UNKNOWN,Verified,Yes,EBAY_AU,EBAY_AU,ebay_watchlist_2026-06-06_processed,cards/intake-026_asus-rog-strix-17-rtx-4090-laptop-qhd-240hz-display-64gb-ram.md,,Passed gates,,intake-026,Candidate,7,10,7,5,7,7.200,,,,,,,,,,,,,,,,,0.900,0.400,-1.120,6.080,GOOD_ENOUGH,
intake-028,"Dell Precision 7560 15"" Touch Laptop i7-11850H 8-Cores 32GB 8GB RTX A4000 Mobile",ACTIVE,Laptop,laptop,Complete_System,1,1A,RTX A4000,16.0,UNKNOWN,15.0,UNKNOWN,1716.73,No,,Used,UNKNOWN,Verified,Yes,EBAY_AU,EBAY_AU,ebay_watchlist_2026-06-06_processed,cards/intake-028_dell-precision-7560-15-touch-laptop-i7-11850h-8-cores-32gb-8.md,,Passed gates,,intake-028,Candidate,7,10,7,5,7,7.200,,,,,,,,,,,,,,,,,0.900,0.400,-1.120,6.080,NEEDS_REVIEW,screen size below Track 1A floor (16 in)
rfb-msi-vector-a18hx-a9wig,MSI Vector A18 HX A9WIG (Refurbished),ACTIVE,Laptop,laptop,Complete_System,1,1A,NVIDIA GeForce RTX 5080 Laptop GPU (16 GB),16.0,UNKNOWN,18.0,UNKNOWN,3399.0,No,,Refurbished,hub by Triforce,Verified,Yes,REFURB_SELLER,MAJOR_RETAILER_AU,UNKNOWN,cards/laptops/rfb-msi-vector-a18hx-a9wig.md,,Passed gates,,rfb-msi-vector-a18hx-a9wig,Candidate,7,6,7,5,7,6.400,,,,,,,,,,,,,,,,,0.950,0.000,-0.320,6.080,GOOD_ENOUGH,
intake-022,Gaming PC Intel i9-12th Gen NVIDIA RTX 3090,ACTIVE,Desktop,desktop,Complete_System,UNKNOWN,UNKNOWN,RTX 3090,24.0,UNKNOWN,UNKNOWN,UNKNOWN,5271.98,Yes,,New,UNKNOWN,Unverified,UNKNOWN,UNKNOWN,UNKNOWN,2026-05-05_notebooklm_batch1_processed,cards/desktops/intake-022_gaming-pc-intel-i9-12th-gen-nvidia-rtx-3090.md,≥ 24.0GB VRAM allows budget stretch to $6000.0,Passed via exceptional override,"Exceeds $5,000 AUD budget (price: $5,271.98) [ALLOWED: ≥ 24.0GB VRAM allows budget stretch to $6000.0]; Unverified — confirm specs before scoring; AU stock: UNKNOWN",intake-022,Candidate,9,1,9,2,9,6.000,,,,,,,,,,,,,,,,,1.000,0.000,0.000,6.000,NEEDS_REVIEW,AU stock not confirmed; track/pathway unresolved; seller_class UNKNOWN for risk adjustment; source_platform UNKNOWN for risk adjustment
intake-075,ASUS ROG Strix Scar 18 (RTX 4090) - eBay Sold Market Floor,ACTIVE,Laptop,laptop,Complete_System,1,1A,RTX 4090 Laptop,16.0,UNKNOWN,18.0,UNKNOWN,4200.0,No,,Pre-owned,UNKNOWN,Verified,No,UNKNOWN,UNKNOWN,UNKNOWN,cards/laptops/intake-075_asus-rog-strix-scar-18-ebay-sold.md,,Passed gates,AU stock: No,intake-075,Candidate,7,4,7,5,7,6.000,,,,,,,,,,,,,,,,,1.000,0.000,0.000,6.000,NEEDS_REVIEW,AU stock not confirmed; seller_class UNKNOWN for risk adjustment; source_platform UNKNOWN for risk adjustment
intake-016,OKINOS Studio Pro - RTX 5070 Ti/3090,ACTIVE,Desktop,desktop,Complete_System,UNKNOWN,UNKNOWN,RTX 5070 Ti,16.0,UNKNOWN,UNKNOWN,UNKNOWN,3599.0,No,,New,UNKNOWN,Unverified,UNKNOWN,UNKNOWN,UNKNOWN,2026-05-05_notebooklm_batch1_processed,cards/desktops/intake-016_okinos-studio-pro-rtx-5070-ti3090.md,,Passed gates,Unverified — confirm specs before scoring; AU stock: UNKNOWN,intake-016,Candidate,7,6,7,2,7,5.800,,,,,,,,,,,,,,,,,1.000,0.000,0.000,5.800,NEEDS_REVIEW,AU stock not confirmed; track/pathway unresolved; seller_class UNKNOWN for risk adjustment; source_platform UNKNOWN for risk adjustment
intake-044,Scorptec Eclipse RTX 5070 Ti Gaming PC,ACTIVE,Desktop,desktop,Complete_System,UNKNOWN,UNKNOWN,RTX 5070 Ti,16.0,UNKNOWN,UNKNOWN,UNKNOWN,3399.0,No,,New,UNKNOWN,Verified,UNKNOWN,UNKNOWN,UNKNOWN,2026-05-05_notebooklm_batch1_processed,cards/desktops/intake-044_scorptec-eclipse-rtx-5070-ti-gaming-pc.md,,Passed gates,AU stock: UNKNOWN,intake-044,Candidate,7,6,7,2,7,5.800,,,,,,,,,,,,,,,,,1.000,0.000,0.000,5.800,NEEDS_REVIEW,AU stock not confirmed; track/pathway unresolved; seller_class UNKNOWN for risk adjustment; source_platform UNKNOWN for risk adjustment
intake-002,Supertech Computers RTX 4090 Gaming PC,ACTIVE,Desktop,desktop,Complete_System,UNKNOWN,UNKNOWN,RTX 4090,24.0,UNKNOWN,UNKNOWN,UNKNOWN,5799.0,Yes,,New,UNKNOWN,Unverified,UNKNOWN,UNKNOWN,UNKNOWN,2026-05-05_notebooklm_batch1_processed,cards/desktops/intake-002_supertech-computers-rtx-4090-gaming-pc.md,≥ 24.0GB VRAM allows budget stretch to $6000.0,Passed via exceptional override,"Exceeds $5,000 AUD budget (price: $5,799.00) [ALLOWED: ≥ 24.0GB VRAM allows budget stretch to $6000.0]; Unverified — confirm specs before scoring; AU stock: UNKNOWN",intake-002,Candidate,9,0,9,2,9,5.800,,,,,,,,,,,,,,,,,1.000,0.000,0.000,5.800,NEEDS_REVIEW,AU stock not confirmed; track/pathway unresolved; seller_class UNKNOWN for risk adjustment; source_platform UNKNOWN for risk adjustment
intake-024,Skytech Prism 4 Gaming PC,ACTIVE,Desktop,desktop,Complete_System,UNKNOWN,UNKNOWN,RTX 5090,32.0,UNKNOWN,UNKNOWN,UNKNOWN,6599.98,Yes,,New,UNKNOWN,Unverified,UNKNOWN,UNKNOWN,UNKNOWN,2026-05-05_notebooklm_batch1_processed,cards/desktops/intake-024_skytech-prism-4-gaming-pc.md,,Passed gates,"Exceeds $5,000 AUD budget (price: $6,599.98); Unverified — confirm specs before scoring; AU stock: UNKNOWN",intake-024,Candidate,9,0,9,2,9,5.800,,,,,,,,,,,,,,,,,1.000,0.000,0.000,5.800,NEEDS_REVIEW,AU stock not confirmed; track/pathway unresolved; seller_class UNKNOWN for risk adjustment; source_platform UNKNOWN for risk adjustment
intake-025,HP OMEN 45L GT22-3090 Gaming PC,ACTIVE,Desktop,desktop,Complete_System,UNKNOWN,UNKNOWN,RTX 5090,32.0,UNKNOWN,UNKNOWN,UNKNOWN,7499.98,Yes,,New,UNKNOWN,Unverified,UNKNOWN,UNKNOWN,UNKNOWN,2026-05-05_notebooklm_batch1_processed,cards/desktops/intake-025_hp-omen-45l-gt22-3090-gaming-pc.md,,Passed gates,"Exceeds $5,000 AUD budget (price: $7,499.98); Unverified — confirm specs before scoring; AU stock: UNKNOWN",intake-025,Candidate,9,0,9,2,9,5.800,,,,,,,,,,,,,,,,,1.000,0.000,0.000,5.800,NEEDS_REVIEW,AU stock not confirmed; track/pathway unresolved; seller_class UNKNOWN for risk adjustment; source_platform UNKNOWN for risk adjustment
intake-026,CLX Horus Gaming Desktop,ACTIVE,Desktop,desktop,Complete_System,UNKNOWN,UNKNOWN,RTX 5090,32.0,UNKNOWN,UNKNOWN,UNKNOWN,9899.98,Yes,,New,UNKNOWN,Unverified,UNKNOWN,UNKNOWN,UNKNOWN,2026-05-05_notebooklm_batch1_processed,cards/desktops/intake-026_clx-horus-gaming-desktop.md,,Passed gates,"Exceeds $5,000 AUD budget (price: $9,899.98); Unverified — confirm specs before scoring; AU stock: UNKNOWN",intake-026,Candidate,9,0,9,2,9,5.800,,,,,,,,,,,,,,,,,1.000,0.000,0.000,5.800,NEEDS_REVIEW,AU stock not confirmed; track/pathway unresolved; seller_class UNKNOWN for risk adjustment; source_platform UNKNOWN for risk adjustment
intake-001,Dual RTX 3090 24GB GPU Pro Workstation (Pure 501 Black),ACTIVE,Desktop,desktop,Complete_System,UNKNOWN,UNKNOWN,RTX 3090,48.0,UNKNOWN,UNKNOWN,UNKNOWN,5998.5,Yes,,New,UNKNOWN,Unverified,UNKNOWN,UNKNOWN,UNKNOWN,2026-05-05_notebooklm_batch1_processed,cards/desktops/intake-001_dual-rtx-3090-24gb-gpu-pro-workstation-pure-501-black.md,≥ 24.0GB VRAM allows budget stretch to $6000.0,Passed via exceptional override,"Exceeds $5,000 AUD budget (price: $5,998.50) [ALLOWED: ≥ 24.0GB VRAM allows budget stretch to $6000.0]; Unverified — confirm specs before scoring; AU stock: UNKNOWN",intake-001,Candidate,9,0,9,2,9,5.800,,,,,,,,,,,,,,,,,1.000,0.000,0.000,5.800,NEEDS_REVIEW,AU stock not confirmed; track/pathway unresolved; seller_class UNKNOWN for risk adjustment; source_platform UNKNOWN for risk adjustment
intake-028,Dual RTX 4090 24GB GPU Pro Workstation,ACTIVE,Desktop,desktop,Complete_System,UNKNOWN,UNKNOWN,RTX 4090,48.0,UNKNOWN,UNKNOWN,UNKNOWN,11998.5,Yes,,New,UNKNOWN,Unverified,UNKNOWN,UNKNOWN,UNKNOWN,2026-05-05_notebooklm_batch1_processed,cards/desktops/intake-028_dual-rtx-4090-24gb-gpu-pro-workstation.md,,Passed gates,"Exceeds $5,000 AUD budget (price: $11,998.50); Unverified — confirm specs before scoring; AU stock: UNKNOWN",intake-028,Candidate,9,0,9,2,9,5.800,,,,,,,,,,,,,,,,,1.000,0.000,0.000,5.800,NEEDS_REVIEW,AU stock not confirmed; track/pathway unresolved; seller_class UNKNOWN for risk adjustment; source_platform UNKNOWN for risk adjustment
intake-029,Dual RTX 5090 32GB GPU Pro Workstation,ACTIVE,Desktop,desktop,Complete_System,UNKNOWN,UNKNOWN,RTX 5090,64.0,UNKNOWN,UNKNOWN,UNKNOWN,14998.5,Yes,,New,UNKNOWN,Unverified,UNKNOWN,UNKNOWN,UNKNOWN,2026-05-05_notebooklm_batch1_processed,cards/desktops/intake-029_dual-rtx-5090-32gb-gpu-pro-workstation.md,,Passed gates,"Exceeds $5,000 AUD budget (price: $14,998.50); Unverified — confirm specs before scoring; AU stock: UNKNOWN",intake-029,Candidate,9,0,9,2,9,5.800,,,,,,,,,,,,,,,,,1.000,0.000,0.000,5.800,NEEDS_REVIEW,AU stock not confirmed; track/pathway unresolved; seller_class UNKNOWN for risk adjustment; source_platform UNKNOWN for risk adjustment
intake-051,Acer Predator Helios 18,ACTIVE,Laptop,laptop,Complete_System,1,1A,RTX 4090 Mobile,16.0,UNKNOWN,UNKNOWN,UNKNOWN,4449.0,No,,Refurbished,UNKNOWN,Verified,Yes,UNKNOWN,UNKNOWN,2026-05-05_notebooklm_batch1_processed,cards/laptops/intake-051_acer-predator-helios-18.md,,Passed gates,,intake-051,Candidate,7,3,7,5,7,5.800,,,,,,,,,,,,,,,,,1.000,0.000,0.000,5.800,NEEDS_REVIEW,screen size UNKNOWN; seller_class UNKNOWN for risk adjustment; source_platform UNKNOWN for risk adjustment
intake-030,GIGABYTE AORUS GeForce RTX 5090 Master Ice 32G,ACTIVE,Component,component,Standalone_GPU,UNKNOWN,UNKNOWN,RTX 5090,32.0,UNKNOWN,UNKNOWN,UNKNOWN,6499.0,Yes,,New,UNKNOWN,Unverified,UNKNOWN,UNKNOWN,UNKNOWN,2026-05-05_notebooklm_batch1_processed,cards/components/intake-030_gigabyte-aorus-geforce-rtx-5090-master-ice-32g.md,,Passed gates,"Exceeds $5,000 AUD budget (price: $6,499.00); Unverified — confirm specs before scoring; AU stock: UNKNOWN",intake-030,Candidate,9,0,9,2,9,5.800,,,,,,,,,,,,,,,,,1.000,0.000,0.000,5.800,NEEDS_REVIEW,AU stock not confirmed; track/pathway unresolved; seller_class UNKNOWN for risk adjustment; source_platform UNKNOWN for risk adjustment
intake-031,ZOTAC Gaming GeForce RTX 5090 Solid OC,ACTIVE,Component,component,Standalone_GPU,UNKNOWN,UNKNOWN,RTX 5090,32.0,UNKNOWN,UNKNOWN,UNKNOWN,6569.95,Yes,,New,UNKNOWN,Unverified,UNKNOWN,UNKNOWN,UNKNOWN,2026-05-05_notebooklm_batch1_processed,cards/components/intake-031_zotac-gaming-geforce-rtx-5090-solid-oc.md,,Passed gates,"Exceeds $5,000 AUD budget (price: $6,569.95); Unverified — confirm specs before scoring; AU stock: UNKNOWN",intake-031,Candidate,9,0,9,2,9,5.800,,,,,,,,,,,,,,,,,1.000,0.000,0.000,5.800,NEEDS_REVIEW,AU stock not confirmed; track/pathway unresolved; seller_class UNKNOWN for risk adjustment; source_platform UNKNOWN for risk adjustment
intake-069,NVIDIA RTX 5000 Ada 32GB,ACTIVE,Component,component,Workstation_GPU,UNKNOWN,UNKNOWN,RTX 5000 Ada,32.0,UNKNOWN,UNKNOWN,UNKNOWN,6368.0,Yes,,New,UNKNOWN,Verified,Yes,UNKNOWN,UNKNOWN,2026-05-05_notebooklm_batch1_processed,cards/components/intake-069_nvidia-rtx-5000-ada-32gb.md,,Passed gates,"Exceeds $5,000 AUD budget (price: $6,368.00)",intake-069,Candidate,9,0,9,2,9,5.800,,,,,,,,,,,,,,,,,1.000,0.000,0.000,5.800,NEEDS_REVIEW,track/pathway unresolved; seller_class UNKNOWN for risk adjustment; source_platform UNKNOWN for risk adjustment
rfb-msi-titan-18hx-a14vig,MSI Titan 18 HX A14VIG (Refurbished),ACTIVE,Laptop,laptop,Complete_System,1,1A,NVIDIA GeForce RTX 4090 Laptop GPU (16 GB),16.0,UNKNOWN,18.0,UNKNOWN,4399.0,No,,Refurbished,hub by Triforce,Verified,Yes,REFURB_SELLER,MAJOR_RETAILER_AU,UNKNOWN,cards/laptops/rfb-msi-titan-18hx-a14vig.md,,Passed gates,,rfb-msi-titan-18hx-a14vig,Candidate,7,4,7,5,7,6.000,,,,,,,,,,,,,,,,,0.950,0.000,-0.300,5.700,GOOD_ENOUGH,
intake-079,Lenovo Legion Pro 7i Gen 10 16 (83F5X003R1) - Lenovo Outlet AU,ACTIVE,Laptop,laptop,Complete_System,1,1A,NVIDIA GeForce RTX 5070 Ti Laptop GPU,12.0,UNKNOWN,16.0,UNKNOWN,3288.45,No,,Certified Refurbished,Lenovo Outlet AU,"Verified (full page, 2026-05-13)",Yes,MANUFACTURER_AU,MANUFACTURER_AU,manual_user_submission,cards/laptops/intake-079_lenovo-legion-pro-7i-gen10-83f5x003r1-outlet.md,,Passed gates,,intake-079,Candidate,5,6,5,8,4,5.650,,,,,,,,,,,,,,,,,1.000,0.000,0.000,5.650,GOOD_ENOUGH,
demo-lenovo-legion-pro-7i-rtx5090,Lenovo Legion Pro 7i (Demo),ACTIVE,Laptop,laptop,Complete_System,1,1A,NVIDIA GeForce RTX 5090 Laptop GPU (24 GB),24.0,UNKNOWN,UNKNOWN,UNKNOWN,4699.0,No,,Demo,Mike PC AU,Verified,Yes,REFURB_SELLER,GRAY_IMPORT,UNKNOWN,cards/laptops/demo-lenovo-legion-pro-7i-rtx5090.md,,Passed gates,,demo-lenovo-legion-pro-7i-rtx5090,Candidate,9,3,9,5,9,7.000,,,,,,,,,,,,,,,,,0.950,1.000,-1.350,5.650,NEEDS_REVIEW,screen size UNKNOWN
intake-007,PLE AI Advanced RTX 5070 Ti Desktop,ACTIVE,Desktop,desktop,Complete_System,UNKNOWN,UNKNOWN,RTX 5070 Ti,16.0,UNKNOWN,UNKNOWN,UNKNOWN,3907.0,No,,New,UNKNOWN,Unverified,UNKNOWN,UNKNOWN,UNKNOWN,2026-05-05_notebooklm_batch1_processed,cards/desktops/intake-007_ple-ai-advanced-rtx-5070-ti-desktop.md,,Passed gates,Unverified — confirm specs before scoring; AU stock: UNKNOWN,intake-007,Candidate,7,5,7,2,7,5.600,,,,,,,,,,,,,,,,,1.000,0.000,0.000,5.600,NEEDS_REVIEW,AU stock not confirmed; track/pathway unresolved; seller_class UNKNOWN for risk adjustment; source_platform UNKNOWN for risk adjustment
intake-033,VISION ONYX PC,ACTIVE,Desktop,desktop,Complete_System,UNKNOWN,UNKNOWN,RTX 5080,16.0,UNKNOWN,UNKNOWN,UNKNOWN,3999.0,No,,New,UNKNOWN,Unverified,UNKNOWN,UNKNOWN,UNKNOWN,2026-05-05_notebooklm_batch1_processed,cards/desktops/intake-033_vision-onyx-pc.md,,Passed gates,Unverified — confirm specs before scoring; AU stock: UNKNOWN,intake-033,Candidate,7,5,7,2,7,5.600,,,,,,,,,,,,,,,,,1.000,0.000,0.000,5.600,NEEDS_REVIEW,AU stock not confirmed; track/pathway unresolved; seller_class UNKNOWN for risk adjustment; source_platform UNKNOWN for risk adjustment
intake-043,PLE Pixel 5070 Ti,ACTIVE,Desktop,desktop,Complete_System,UNKNOWN,UNKNOWN,RTX 5070 Ti,16.0,UNKNOWN,UNKNOWN,UNKNOWN,3799.0,No,,New,UNKNOWN,Unverified,UNKNOWN,UNKNOWN,UNKNOWN,2026-05-05_notebooklm_batch1_processed,cards/desktops/intake-043_ple-pixel-5070-ti.md,,Passed gates,Unverified — confirm specs before scoring; AU stock: UNKNOWN,intake-043,Candidate,7,5,7,2,7,5.600,,,,,,,,,,,,,,,,,1.000,0.000,0.000,5.600,NEEDS_REVIEW,AU stock not confirmed; track/pathway unresolved; seller_class UNKNOWN for risk adjustment; source_platform UNKNOWN for risk adjustment
intake-046,Acer Predator Orion 7000 RTX 4080 refurbished,ACTIVE,Desktop,desktop,Complete_System,UNKNOWN,UNKNOWN,RTX 4080,16.0,UNKNOWN,UNKNOWN,UNKNOWN,3699.0,No,,Refurbished,UNKNOWN,Unverified,UNKNOWN,UNKNOWN,UNKNOWN,2026-05-05_notebooklm_batch1_processed,cards/desktops/intake-046_acer-predator-orion-7000-rtx-4080-refurbished.md,,Passed gates,Unverified — confirm specs before scoring; AU stock: UNKNOWN,intake-046,Candidate,7,5,7,2,7,5.600,,,,,,,,,,,,,,,,,1.000,0.000,0.000,5.600,NEEDS_REVIEW,AU stock not confirmed; track/pathway unresolved; seller_class UNKNOWN for risk adjustment; source_platform UNKNOWN for risk adjustment
21_lenovo-legion-pro-7i-rtx-4090,Lenovo Legion Pro 7i,ACTIVE,Laptop,laptop,Complete_System,UNKNOWN,UNKNOWN,NVIDIA RTX 4090 Laptop GPU (16 GB),16.0,UNKNOWN,16.0,UNKNOWN,UNKNOWN,No,Yes,UNKNOWN,UNKNOWN,UNKNOWN,UNKNOWN,UNKNOWN,UNKNOWN,UNKNOWN,cards/laptops/21_lenovo-legion-pro-7i-rtx-4090.md,,Passed gates,Price UNKNOWN — research required; Unverified — confirm specs before scoring; AU stock: UNKNOWN,21_lenovo-legion-pro-7i-rtx-4090,Candidate,7,2,7,5,7,5.600,,,,,,,,,,,,,,,,,1.000,0.000,0.000,5.600,NEEDS_REVIEW,price UNKNOWN; AU stock not confirmed; track/pathway unresolved; seller_class UNKNOWN for risk adjustment; source_platform UNKNOWN for risk adjustment
22_asus-rog-strix-scar-17-rtx-4090,Asus ROG Strix Scar 17 G733PY-LL021W,ACTIVE,Laptop,laptop,Complete_System,UNKNOWN,UNKNOWN,NVIDIA RTX 4090 Laptop GPU (16 GB),16.0,UNKNOWN,17.3,UNKNOWN,UNKNOWN,No,Yes,UNKNOWN,UNKNOWN,UNKNOWN,UNKNOWN,UNKNOWN,UNKNOWN,UNKNOWN,cards/laptops/22_asus-rog-strix-scar-17-rtx-4090.md,,Passed gates,Price UNKNOWN — research required; Unverified — confirm specs before scoring; AU stock: UNKNOWN,22_asus-rog-strix-scar-17-rtx-4090,Candidate,7,2,7,5,7,5.600,,,,,,,,,,,,,,,,,1.000,0.000,0.000,5.600,NEEDS_REVIEW,price UNKNOWN; AU stock not confirmed; track/pathway unresolved; seller_class UNKNOWN for risk adjustment; source_platform UNKNOWN for risk adjustment
23_asus-rog-strix-scar-18-rtx-4090,Asus ROG Strix Scar 18 G834JYR-R6037W,ACTIVE,Laptop,laptop,Complete_System,UNKNOWN,UNKNOWN,NVIDIA RTX 4090 Laptop GPU (16 GB),16.0,UNKNOWN,18.0,UNKNOWN,UNKNOWN,No,Yes,UNKNOWN,UNKNOWN,UNKNOWN,UNKNOWN,UNKNOWN,UNKNOWN,UNKNOWN,cards/laptops/23_asus-rog-strix-scar-18-rtx-4090.md,,Passed gates,Price UNKNOWN — research required; Unverified — confirm specs before scoring; AU stock: UNKNOWN,23_asus-rog-strix-scar-18-rtx-4090,Candidate,7,2,7,5,7,5.600,,,,,,,,,,,,,,,,,1.000,0.000,0.000,5.600,NEEDS_REVIEW,price UNKNOWN; AU stock not confirmed; track/pathway unresolved; seller_class UNKNOWN for risk adjustment; source_platform UNKNOWN for risk adjustment
24_msi-stealth-16-ai-studio-rtx-4090,MSI Stealth 16 AI Studio A1VIG,ACTIVE,Laptop,laptop,Complete_System,UNKNOWN,UNKNOWN,NVIDIA RTX 4090 Laptop GPU (16 GB),16.0,UNKNOWN,16.0,UNKNOWN,UNKNOWN,No,Yes,UNKNOWN,UNKNOWN,UNKNOWN,UNKNOWN,UNKNOWN,UNKNOWN,UNKNOWN,cards/laptops/24_msi-stealth-16-ai-studio-rtx-4090.md,,Passed gates,Price UNKNOWN — research required; Unverified — confirm specs before scoring; AU stock: UNKNOWN,24_msi-stealth-16-ai-studio-rtx-4090,Candidate,7,2,7,5,7,5.600,,,,,,,,,,,,,,,,,1.000,0.000,0.000,5.600,NEEDS_REVIEW,price UNKNOWN; AU stock not confirmed; track/pathway unresolved; seller_class UNKNOWN for risk adjustment; source_platform UNKNOWN for risk adjustment
rfb-msi-raider-18hx-ai-a2xwig,MSI Raider 18HX AI A2XWIG (Refurbished),ACTIVE,Laptop,laptop,Complete_System,1,1A,NVIDIA RTX 5080 Laptop GPU (16 GB),16.0,UNKNOWN,18.0,UNKNOWN,4699.0,No,,Refurbished,JW Computers,Verified,Yes,REFURB_SELLER,MAJOR_RETAILER_AU,UNKNOWN,cards/laptops/rfb-msi-raider-18hx-ai-a2xwig.md,,Passed gates,,rfb-msi-raider-18hx-ai-a2xwig,Candidate,7,3,7,5,7,5.800,,,,,,,,,,,,,,,,,0.950,0.000,-0.290,5.510,GOOD_ENOUGH,
47_asus-rog-strix-g18-2024-rtx4080,ASUS ROG Strix G18 (2024) — RTX 4080,ACTIVE,Laptop,laptop,Complete_System,UNKNOWN,UNKNOWN,NVIDIA RTX 4080 Laptop GPU (12 GB),12.0,UNKNOWN,18.0,UNKNOWN,2455.0,No,,UNKNOWN,UNKNOWN,UNKNOWN,UNKNOWN,UNKNOWN,UNKNOWN,UNKNOWN,cards/laptops/47_asus-rog-strix-g18-2024-rtx4080.md,,Passed gates,Unverified — confirm specs before scoring; AU stock: UNKNOWN,47_asus-rog-strix-g18-2024-rtx4080,Candidate,5,8,5,5,4,5.450,,,,,,,,,,,,,,,,,1.000,0.000,0.000,5.450,NEEDS_REVIEW,AU stock not confirmed; track/pathway unresolved; seller_class UNKNOWN for risk adjustment; source_platform UNKNOWN for risk adjustment
intake-054,CONSTELLAR ONYX PC — RTX 4080 SUPER,ACTIVE,Desktop,desktop,Complete_System,UNKNOWN,UNKNOWN,RTX 4080 Super,16.0,UNKNOWN,UNKNOWN,UNKNOWN,4099.0,No,,UNKNOWN,UNKNOWN,Unverified,UNKNOWN,UNKNOWN,UNKNOWN,2026-05-05_notebooklm_batch1_processed,cards/desktops/intake-054_constellar-onyx-pc-rtx-4080-super.md,,Passed gates,Unverified — confirm specs before scoring; AU stock: UNKNOWN,intake-054,Candidate,7,4,7,2,7,5.400,,,,,,,,,,,,,,,,,1.000,0.000,0.000,5.400,NEEDS_REVIEW,AU stock not confirmed; track/pathway unresolved; seller_class UNKNOWN for risk adjustment; source_platform UNKNOWN for risk adjustment
intake-006,"Dell Alienware M18 R2 18"" Intel i9-14900@2.2GHz 32GB RAM 1TB SSD RTX 4090 *READ*",ACTIVE,Laptop,laptop,Complete_System,1,1A,RTX 4090,16.0,UNKNOWN,18.0,UNKNOWN,2270.15,No,,Used,UNKNOWN,Verified,Yes,EBAY_AU,EBAY_AU,ebay_watchlist_2026-06-06_processed,cards/intake-006_dell-alienware-m18-r2-18-intel-i9-1490022ghz-32gb-ram-1tb-ss.md,,Passed gates,,intake-006,Candidate,7,9,7,2,7,6.400,,,,,,,,,,,,,,,,,0.900,0.400,-1.040,5.360,GOOD_ENOUGH,
intake-009,"Dell Alienware M18 R2 18"" Intel i9-14900@2.2GHz 32GB RAM 1TB SSD RTX 4090 *READ*",ACTIVE,Laptop,laptop,Complete_System,1,1A,RTX 4090,16.0,UNKNOWN,UNKNOWN,UNKNOWN,2270.15,No,,Used,UNKNOWN,Verified,Yes,EBAY_AU,EBAY_AU,ebay_watchlist_2026-06-06_processed,cards/intake-009_dell-alienware-m18-r2-18-intel-i9-1490022ghz-32gb-ram-1tb-ss.md,,Passed gates,,intake-009,Candidate,7,9,7,2,7,6.400,,,,,,,,,,,,,,,,,0.900,0.400,-1.040,5.360,NEEDS_REVIEW,screen size UNKNOWN
36_lenovo-legion-9i-18-rtx-5080-ebay,"Lenovo Legion 9i Gen 10 18"" RTX 5080 (eBay)",BUY_CANDIDATE,Laptop,laptop,Complete_System,1,1A,NVIDIA RTX 5080 Laptop GPU (16 GB),16.0,UNKNOWN,18.0,UNKNOWN,4500.0,No,,UNKNOWN,UNKNOWN,Verified,Yes,MAJOR_RETAILER_AU,EBAY_AU,UNKNOWN,cards/laptops/36_lenovo-legion-9i-18-rtx-5080-ebay.md,,Passed gates,,36_lenovo-legion-9i-18-rtx-5080-ebay,Candidate,7,3,7,5,7,5.800,,,,,,,,,,,,,,,,,0.980,0.400,-0.516,5.284,GOOD_ENOUGH,
44_asus-rog-strix-g16-rtx-5070ti-2025,ASUS ROG Strix G16 (2025) — RTX 5070 Ti,ACTIVE,Laptop,laptop,Complete_System,UNKNOWN,UNKNOWN,NVIDIA RTX 5070 Ti Laptop GPU (12 GB),12.0,UNKNOWN,16.0,UNKNOWN,4199.0,No,,UNKNOWN,UNKNOWN,UNKNOWN,UNKNOWN,UNKNOWN,UNKNOWN,UNKNOWN,cards/laptops/44_asus-rog-strix-g16-rtx-5070ti-2025.md,,Passed gates,Unverified — confirm specs before scoring; AU stock: UNKNOWN,44_asus-rog-strix-g16-rtx-5070ti-2025,Candidate,5,4,5,8,4,5.250,,,,,,,,,,,,,,,,,1.000,0.000,0.000,5.250,NEEDS_REVIEW,AU stock not confirmed; track/pathway unresolved; seller_class UNKNOWN for risk adjustment; source_platform UNKNOWN for risk adjustment
intake-016,"Razer Blade 14 3K 120Hz OLED Gaming Laptop with Ryzen AI 9 365, 16GB, 1TB SSD...",ACTIVE,Laptop,laptop,Complete_System,1,1A,RTX 4080,12.0,UNKNOWN,UNKNOWN,UNKNOWN,2300.0,No,,Used,UNKNOWN,Verified,Yes,EBAY_AU,EBAY_AU,ebay_watchlist_2026-06-06_processed,cards/intake-016_razer-blade-14-3k-120hz-oled-gaming-laptop-with-ryzen-ai-9-3.md,,Passed gates,,intake-016,Candidate,5,9,5,8,4,6.250,,,,,,,,,,,,,,,,,0.900,0.400,-1.025,5.225,NEEDS_REVIEW,screen size UNKNOWN
intake-037,Thermaltake Horizon Xtreme tower + X1 Carbon,ACTIVE,Desktop,desktop,Complete_System,UNKNOWN,UNKNOWN,RTX 4080 Super,16.0,UNKNOWN,UNKNOWN,UNKNOWN,4543.0,No,,New,UNKNOWN,Unverified,UNKNOWN,UNKNOWN,UNKNOWN,2026-05-05_notebooklm_batch1_processed,cards/desktops/intake-037_thermaltake-horizon-xtreme-tower-x1-carbon.md,,Passed gates,Unverified — confirm specs before scoring; AU stock: UNKNOWN,intake-037,Candidate,7,3,7,2,7,5.200,,,,,,,,,,,,,,,,,1.000,0.000,0.000,5.200,NEEDS_REVIEW,AU stock not confirmed; track/pathway unresolved; seller_class UNKNOWN for risk adjustment; source_platform UNKNOWN for risk adjustment
intake-009,Dell Precision 7920 2x Gold 6226R 16C 128GB Ram 256GB NVMe RTX5000 W11P * Read D,ACTIVE,Desktop,desktop,Complete_System,2,B,RTX5000,16.0,UNKNOWN,UNKNOWN,UNKNOWN,2499.0,No,,Used,UNKNOWN,Verified,Yes,EBAY_AU,EBAY_AU,ebay_watchlist_2026-06-06_processed,cards/intake-009_dell-precision-7920-2x-gold-6226r-16c-128gb-ram-256gb-nvme-r.md,,Passed gates,,intake-009,Candidate,7,8,7,2,7,6.200,,,,,,,,,,,,,,,,,0.900,0.400,-1.020,5.180,GOOD_ENOUGH,
intake-004,Alienware M18 R1 (2023)/RTX 4090/64gb DDR5 RAM/6TB SSD (2 + 4) / i9 13980HX,ACTIVE,Laptop,laptop,Complete_System,1,1A,RTX 4090,16.0,UNKNOWN,18.0,UNKNOWN,2497.0,No,,Used,UNKNOWN,Verified,Yes,EBAY_AU,EBAY_AU,ebay_watchlist_2026-06-06_processed,cards/intake-004_alienware-m18-r1-2023rtx-409064gb-ddr5-ram6tb-ssd-2-4-i9-139.md,,Passed gates,,intake-004,Candidate,7,8,7,2,7,6.200,,,,,,,,,,,,,,,,,0.900,0.400,-1.020,5.180,GOOD_ENOUGH,
25_ple-ai-advanced-rtx-5070-ti,PLE AI Advanced RTX 5070 Ti 16 GB Desktop,ACTIVE,Desktop,desktop,Complete_System,UNKNOWN,UNKNOWN,NVIDIA GeForce RTX 5070 Ti (16 GB),16.0,UNKNOWN,UNKNOWN,UNKNOWN,UNKNOWN,No,Yes,UNKNOWN,UNKNOWN,UNKNOWN,UNKNOWN,UNKNOWN,UNKNOWN,UNKNOWN,cards/desktops/25_ple-ai-advanced-rtx-5070-ti.md,,Passed gates,Price UNKNOWN — research required; Unverified — confirm specs before scoring; AU stock: UNKNOWN,25_ple-ai-advanced-rtx-5070-ti,Candidate,7,2,7,2,7,5.000,,,,,,,,,,,,,,,,,1.000,0.000,0.000,5.000,NEEDS_REVIEW,price UNKNOWN; AU stock not confirmed; track/pathway unresolved; seller_class UNKNOWN for risk adjustment; source_platform UNKNOWN for risk adjustment
27_scorptec-eclipse-rtx-5070-ti,Scorptec Eclipse RTX 5070 Ti,ACTIVE,Desktop,desktop,Complete_System,UNKNOWN,UNKNOWN,NVIDIA GeForce RTX 5070 Ti (16 GB),16.0,UNKNOWN,UNKNOWN,UNKNOWN,UNKNOWN,No,Yes,UNKNOWN,UNKNOWN,UNKNOWN,UNKNOWN,UNKNOWN,UNKNOWN,UNKNOWN,cards/desktops/27_scorptec-eclipse-rtx-5070-ti.md,,Passed gates,Price UNKNOWN — research required; Unverified — confirm specs before scoring; AU stock: UNKNOWN,27_scorptec-eclipse-rtx-5070-ti,Candidate,7,2,7,2,7,5.000,,,,,,,,,,,,,,,,,1.000,0.000,0.000,5.000,NEEDS_REVIEW,price UNKNOWN; AU stock not confirmed; track/pathway unresolved; seller_class UNKNOWN for risk adjustment; source_platform UNKNOWN for risk adjustment
intake-008,Evatech Y40K RTX 4080 Super Gaming PC,ACTIVE,Desktop,desktop,Complete_System,UNKNOWN,UNKNOWN,RTX 4080 Super,16.0,UNKNOWN,UNKNOWN,UNKNOWN,UNKNOWN,No,Yes,New,UNKNOWN,Unverified,UNKNOWN,UNKNOWN,UNKNOWN,2026-05-05_notebooklm_batch1_processed,cards/desktops/intake-008_evatech-y40k-rtx-4080-super-gaming-pc.md,,Passed gates,Price UNKNOWN — research required; Unverified — confirm specs before scoring; AU stock: UNKNOWN,intake-008,Candidate,7,2,7,2,7,5.000,,,,,,,,,,,,,,,,,1.000,0.000,0.000,5.000,NEEDS_REVIEW,price UNKNOWN; AU stock not confirmed; track/pathway unresolved; seller_class UNKNOWN for risk adjustment; source_platform UNKNOWN for risk adjustment
intake-055,Scorptec 32-Core Compute Platform,ACTIVE,Desktop,desktop,Complete_System,UNKNOWN,UNKNOWN,RTX PRO 4000,16.0,UNKNOWN,UNKNOWN,UNKNOWN,UNKNOWN,No,Yes,New,UNKNOWN,Unverified,UNKNOWN,UNKNOWN,UNKNOWN,2026-05-05_notebooklm_batch1_processed,cards/desktops/intake-055_scorptec-32-core-compute-platform.md,,Passed gates,Price UNKNOWN — research required; Unverified — confirm specs before scoring; AU stock: UNKNOWN,intake-055,Candidate,7,2,7,2,7,5.000,,,,,,,,,,,,,,,,,1.000,0.000,0.000,5.000,NEEDS_REVIEW,price UNKNOWN; AU stock not confirmed; track/pathway unresolved; seller_class UNKNOWN for risk adjustment; source_platform UNKNOWN for risk adjustment
intake-027,Lenovo Legion 9i (83AG) RTX 4090 | i9-13980HX | 64GB RAM | 2TB SSD | Mint + Exce,ACTIVE,Laptop,laptop,Complete_System,1,1A,RTX 4090,16.0,UNKNOWN,16.0,UNKNOWN,2978.15,No,,Used,UNKNOWN,Verified,Yes,EBAY_AU,EBAY_AU,ebay_watchlist_2026-06-06_processed,cards/intake-027_lenovo-legion-9i-83ag-rtx-4090-i9-13980hx-64gb-ram-2tb-ssd-m.md,,Passed gates,,intake-027,Candidate,7,7,7,2,7,6.000,,,,,,,,,,,,,,,,,0.900,0.400,-1.000,5.000,GOOD_ENOUGH,
intake-014,Lenovo ThinkPad T14 / T14s (Refurbished),ACTIVE,Laptop,laptop,Complete_System,UNKNOWN,UNKNOWN,UNKNOWN,UNKNOWN,UNKNOWN,UNKNOWN,UNKNOWN,800.0,No,,Refurbished,UNKNOWN,Unverified,UNKNOWN,UNKNOWN,UNKNOWN,2026-05-05_notebooklm_batch1_processed,cards/laptops/intake-014_lenovo-thinkpad-t14-t14s-refurbished.md,,Passed gates,Unverified — confirm specs before scoring; AU stock: UNKNOWN,intake-014,Candidate,3,10,3,8,0,4.950,,,,,,,,,,,,,,,,,1.000,0.000,0.000,4.950,NEEDS_REVIEW,AU stock not confirmed; track/pathway unresolved; seller_class UNKNOWN for risk adjustment; source_platform UNKNOWN for risk adjustment
intake-011,"ASUS ROG Zephyrus duo 16"" QHD 240Hz Gaming Laptop Ryzen 9 32GB 1TB SSD RTX 4080",ACTIVE,Laptop,laptop,Complete_System,1,1A,RTX 4080,12.0,UNKNOWN,16.0,UNKNOWN,2836.27,No,,Used,UNKNOWN,Verified,Yes,EBAY_AU,EBAY_AU,ebay_watchlist_2026-06-06_processed,cards/intake-011_asus-rog-zephyrus-duo-16-qhd-240hz-gaming-laptop-ryzen-9-32g.md,,Passed gates,,intake-011,Candidate,5,7,5,8,4,5.850,,,,,,,,,,,,,,,,,0.900,0.400,-0.985,4.865,GOOD_ENOUGH,
intake-012,"ASUS ROG Zephyrus duo 16"" QHD 240Hz Gaming Laptop Ryzen 9 32GB 1TB SSD RTX 4080",ACTIVE,Laptop,laptop,Complete_System,1,1A,NVIDIA GeForce RTX 4080,12.0,UNKNOWN,UNKNOWN,UNKNOWN,2836.27,No,,Used,UNKNOWN,Verified,Yes,EBAY_AU,EBAY_AU,ebay_watchlist_2026-06-06_processed,cards/intake-012_asus-rog-zephyrus-duo-16-qhd-240hz-gaming-laptop-ryzen-9-32g.md,,Passed gates,,intake-012,Candidate,5,7,5,8,4,5.850,,,,,,,,,,,,,,,,,0.900,0.400,-0.985,4.865,NEEDS_REVIEW,screen size UNKNOWN
052_alienware-m18-r2-rtx-4080-ebay-mkt-011,Alienware M18 R2 18in 165Hz i9-14900HX 32GB 1TB RTX 4080,GOOD ENOUGH,Laptop,laptop,Complete_System,1,1A,RTX 4080 Laptop,12.0,UNKNOWN,18.0,UNKNOWN,3905.0,No,,Pre-owned,UNKNOWN,Needs Verification,No,UNKNOWN,UNKNOWN,UNKNOWN,cards/laptops/052_alienware-m18-r2-rtx-4080-ebay-mkt-011.md,,Passed gates,AU stock: No,052_alienware-m18-r2-rtx-4080-ebay-mkt-011,Candidate,5,5,5,5,4,4.850,,,,,,,,,,,,,,,,,1.000,0.000,0.000,4.850,NEEDS_REVIEW,AU stock not confirmed; seller_class UNKNOWN for risk adjustment; source_platform UNKNOWN for risk adjustment
053_alienware-m18-r2-rtx-4080-ebay-mkt-012,Dell Alienware M18 R2 165Hz QHD+ i9-14900HX 32GB 1TB RTX 4080-12GB,ACTIVE,Laptop,laptop,Complete_System,1,1A,RTX 4080 Laptop,12.0,UNKNOWN,18.0,UNKNOWN,3814.0,No,,Pre-owned,UNKNOWN,Needs Verification,No,UNKNOWN,UNKNOWN,UNKNOWN,cards/laptops/053_alienware-m18-r2-rtx-4080-ebay-mkt-012.md,,Passed gates,AU stock: No,053_alienware-m18-r2-rtx-4080-ebay-mkt-012,Candidate,5,5,5,5,4,4.850,,,,,,,,,,,,,,,,,1.000,0.000,0.000,4.850,NEEDS_REVIEW,AU stock not confirmed; seller_class UNKNOWN for risk adjustment; source_platform UNKNOWN for risk adjustment
intake-052,Acer Predator Helios Neo 16S AI RTX 5060,ACTIVE,Laptop,laptop,Complete_System,UNKNOWN,UNKNOWN,RTX 5060,8.0,UNKNOWN,UNKNOWN,UNKNOWN,2399.0,No,,Refurbished,UNKNOWN,Unverified,UNKNOWN,UNKNOWN,UNKNOWN,2026-05-05_notebooklm_batch1_processed,cards/laptops/intake-052_acer-predator-helios-neo-16s-ai-rtx-5060.md,,Passed gates,Unverified — confirm specs before scoring; AU stock: UNKNOWN,intake-052,Candidate,3,9,3,8,0,4.750,,,,,,,,,,,,,,,,,1.000,0.000,0.000,4.750,NEEDS_REVIEW,AU stock not confirmed; track/pathway unresolved; seller_class UNKNOWN for risk adjustment; source_platform UNKNOWN for risk adjustment
41_asus-rog-strix-g18-rtx-5070ti-2025,ASUS ROG Strix G18 (2025),ACTIVE,Laptop,laptop,Complete_System,UNKNOWN,UNKNOWN,NVIDIA RTX 5070 Ti Laptop GPU (12 GB),12.0,UNKNOWN,18.0,UNKNOWN,4334.0,No,,UNKNOWN,UNKNOWN,UNKNOWN,UNKNOWN,UNKNOWN,UNKNOWN,UNKNOWN,cards/laptops/41_asus-rog-strix-g18-rtx-5070ti-2025.md,,Passed gates,Unverified — confirm specs before scoring; AU stock: UNKNOWN,41_asus-rog-strix-g18-rtx-5070ti-2025,Candidate,5,4,5,5,4,4.650,,,,,,,,,,,,,,,,,1.000,0.000,0.000,4.650,NEEDS_REVIEW,AU stock not confirmed; track/pathway unresolved; seller_class UNKNOWN for risk adjustment; source_platform UNKNOWN for risk adjustment
intake-007,Alienware M18 R1 (2023)/RTX 4090/64gb DDR5 RAM/6TB SSD (2 + 4) / i9 13980HX,ACTIVE,Laptop,laptop,Complete_System,1,1A,RTX 4090,16.0,UNKNOWN,UNKNOWN,UNKNOWN,3680.79,No,,Used,UNKNOWN,Verified,Yes,EBAY_AU,EBAY_AU,ebay_watchlist_2026-06-06_processed,cards/intake-007_alienware-m18-r1-2023rtx-409064gb-ddr5-ram6tb-ssd-2-4-i9-139.md,,Passed gates,,intake-007,Candidate,7,5,7,2,7,5.600,,,,,,,,,,,,,,,,,0.900,0.400,-0.960,4.640,NEEDS_REVIEW,screen size UNKNOWN
intake-012,"ROG STRIX SCAR 18 RTX 4090 INTEL CORE I9 14900HX 32GB DDR5 RAM BOXED, MINT",ACTIVE,Laptop,laptop,Complete_System,1,1A,RTX 4090,16.0,UNKNOWN,18.0,UNKNOWN,3680.79,No,,Used,UNKNOWN,Verified,Yes,EBAY_AU,EBAY_AU,ebay_watchlist_2026-06-06_processed,cards/intake-012_rog-strix-scar-18-rtx-4090-intel-core-i9-14900hx-32gb-ddr5-r.md,,Passed gates,,intake-012,Candidate,7,5,7,2,7,5.600,,,,,,,,,,,,,,,,,0.900,0.400,-0.960,4.640,GOOD_ENOUGH,
intake-013,"ROG STRIX SCAR 18 RTX 4090 INTEL CORE I9 14900HX 32GB DDR5 RAM BOXED, MINT",ACTIVE,Laptop,laptop,Complete_System,1,1A,NVIDIA GeForce RTX 4090,16.0,UNKNOWN,UNKNOWN,UNKNOWN,3680.79,No,,Used,UNKNOWN,Verified,Yes,EBAY_AU,EBAY_AU,ebay_watchlist_2026-06-06_processed,cards/intake-013_rog-strix-scar-18-rtx-4090-intel-core-i9-14900hx-32gb-ddr5-r.md,,Passed gates,,intake-013,Candidate,7,5,7,2,7,5.600,,,,,,,,,,,,,,,,,0.900,0.400,-0.960,4.640,NEEDS_REVIEW,screen size UNKNOWN
40_msi-katana-17-hx,MSI Katana 17 HX,ACTIVE,Laptop,laptop,Complete_System,UNKNOWN,UNKNOWN,NVIDIA RTX 5070 Laptop GPU (8 GB),UNKNOWN,UNKNOWN,17.0,UNKNOWN,2798.0,No,,UNKNOWN,UNKNOWN,UNKNOWN,UNKNOWN,UNKNOWN,UNKNOWN,UNKNOWN,cards/laptops/40_msi-katana-17-hx.md,,Passed gates,Unverified — confirm specs before scoring; AU stock: UNKNOWN,40_msi-katana-17-hx,Candidate,3,8,3,8,0,4.550,,,,,,,,,,,,,,,,,1.000,0.000,0.000,4.550,NEEDS_REVIEW,AU stock not confirmed; track/pathway unresolved; seller_class UNKNOWN for risk adjustment; source_platform UNKNOWN for risk adjustment
intake-078,Lenovo Yoga Book 9i Gen 9 13 (83FFXA01AU) - Lenovo Outlet AU,ACTIVE,Laptop,laptop,Complete_System,1,UNKNOWN,Integrated Intel Graphics,UNKNOWN,UNKNOWN,13.0,UNKNOWN,2402.95,No,,Certified Refurbished,Lenovo Outlet AU,"Verified (full page, 2026-05-13)",Yes,MANUFACTURER_AU,MANUFACTURER_AU,manual_user_submission,cards/laptops/intake-078_lenovo-yoga-book-9i-gen9-83ffxa01au-outlet.md,,Passed gates,,intake-078,Candidate,3,8,3,8,0,4.550,,,,,,,,,,,,,,,,,1.000,0.000,0.000,4.550,NEEDS_REVIEW,track/pathway unresolved
mikepc_msi_raider_ge68_rtx4090,,BUY_CANDIDATE,Laptop,laptop,Complete_System,1,1A,NVIDIA GeForce RTX 4090 Laptop,UNKNOWN,UNKNOWN,16.0,UNKNOWN,2899.0,No,,Used (Excellent Cosmetic Condition),Mike's PC AU,Verified,Yes,UNKNOWN,UNKNOWN,manual_user_submission,cards/laptops/mikepc_msi_raider_ge68_rtx4090.md,,Passed gates,,mikepc_msi_raider_ge68_rtx4090,Candidate,3,7,3,8,0,4.350,,,,,,,,,,,,,,,,,1.000,0.000,0.000,4.350,NEEDS_REVIEW,VRAM UNKNOWN; seller_class UNKNOWN for risk adjustment; source_platform UNKNOWN for risk adjustment
intake-053,ERAZER Major X20 RTX 4070,ACTIVE,Laptop,laptop,Complete_System,UNKNOWN,UNKNOWN,RTX 4070,8.0,UNKNOWN,16.0,UNKNOWN,2999.0,No,,New,UNKNOWN,Unverified,UNKNOWN,UNKNOWN,UNKNOWN,2026-05-05_notebooklm_batch1_processed,cards/laptops/intake-053_erazer-major-x20-rtx-4070.md,,Passed gates,Unverified — confirm specs before scoring; AU stock: UNKNOWN,intake-053,Candidate,3,7,3,8,0,4.350,,,,,,,,,,,,,,,,,1.000,0.000,0.000,4.350,NEEDS_REVIEW,AU stock not confirmed; track/pathway unresolved; seller_class UNKNOWN for risk adjustment; source_platform UNKNOWN for risk adjustment
intake-015,"GIGABYTE AORUS 17.4"" YE5- 17.3” RTX 3080ti 300Hz, Intel i7 12th gen 14c 20t 32gb",ACTIVE,Laptop,laptop,Complete_System,1,1A,RTX 3080ti,12.0,UNKNOWN,17.3,UNKNOWN,1844.49,No,,Used,UNKNOWN,Verified,Yes,EBAY_AU,EBAY_AU,ebay_watchlist_2026-06-06_processed,cards/intake-015_gigabyte-aorus-174-ye5-173-rtx-3080ti-300hz-intel-i7-12th-ge.md,,Passed gates,,intake-015,Candidate,5,10,5,2,4,5.250,,,,,,,,,,,,,,,,,0.900,0.400,-0.925,4.325,GOOD_ENOUGH,
intake-029,Alienware X15 R2 i9 12900H RTX 3080 Ti 32GB 2TB QHD 240Hz Laptop AZERTY seedesc*,ACTIVE,Laptop,laptop,Complete_System,1,1A,RTX 3080 Ti,12.0,UNKNOWN,15.6,UNKNOWN,887.83,No,,Used,UNKNOWN,Verified,Yes,EBAY_AU,EBAY_AU,ebay_watchlist_2026-06-06_processed,cards/intake-029_alienware-x15-r2-i9-12900h-rtx-3080-ti-32gb-2tb-qhd-240hz-la.md,,Passed gates,,intake-029,Candidate,5,10,5,2,4,5.250,,,,,,,,,,,,,,,,,0.900,0.400,-0.925,4.325,NEEDS_REVIEW,screen size below Track 1A floor (16 in)
intake-025,"(��A+)Asus ROG Strix SCAR 17 SE 17.3"" i7-12950HX 32G 2TB SSD RTX3080Ti FHD 360Hz",ACTIVE,Laptop,laptop,Complete_System,1,1A,RTX3080Ti,12.0,UNKNOWN,17.3,UNKNOWN,2057.25,No,,Used,UNKNOWN,Verified,Yes,EBAY_AU,EBAY_AU,ebay_watchlist_2026-06-06_processed,cards/intake-025_aasus-rog-strix-scar-17-se-173-i7-12950hx-32g-2tb-ssd-rtx308.md,,Passed gates,,intake-025,Candidate,5,9,5,2,4,5.050,,,,,,,,,,,,,,,,,0.900,0.400,-0.905,4.145,GOOD_ENOUGH,
intake-030,Razer Blade Stealth 4K Touchscreen Laptop Core i7 8GB RAM 512GB SSD Win10 Japan,ACTIVE,Laptop,laptop,Complete_System,1,1A,RTX 2060,UNKNOWN,UNKNOWN,UNKNOWN,UNKNOWN,659.75,No,,Used,UNKNOWN,Verified,Yes,EBAY_AU,EBAY_AU,ebay_watchlist_2026-06-06_processed,cards/intake-030_razer-blade-stealth-4k-touchscreen-laptop-core-i7-8gb-ram-51.md,,Passed gates,,intake-030,Candidate,3,10,3,8,0,4.950,,,,,,,,,,,,,,,,,0.900,0.400,-0.895,4.055,NEEDS_REVIEW,VRAM UNKNOWN; screen size UNKNOWN
intake-023,ASUS ROG Zephyrus Duo SE 15 Gaming Laptop NVIDIA RTX 3070 1TB 32GB Win10 Pro NIB,ACTIVE,Laptop,laptop,Complete_System,1,1A,RTX 3070,8.0,UNKNOWN,15.6,UNKNOWN,1275.54,No,,Used,UNKNOWN,Verified,Yes,EBAY_AU,EBAY_AU,ebay_watchlist_2026-06-06_processed,cards/intake-023_asus-rog-zephyrus-duo-se-15-gaming-laptop-nvidia-rtx-3070-1t.md,,Passed gates,,intake-023,Candidate,3,10,3,8,0,4.950,,,,,,,,,,,,,,,,,0.900,0.400,-0.895,4.055,NEEDS_REVIEW,screen size below Track 1A floor (16 in)
intake-024,ASUS ROG Zephyrus Duo SE 15 Gaming Laptop NVIDIA RTX 3070 1TB 32GB Win10 Pro NIB,ACTIVE,Laptop,laptop,Complete_System,1,1A,NVIDIA GeForce RTX 3070,8.0,UNKNOWN,UNKNOWN,UNKNOWN,1275.54,No,,Used,UNKNOWN,Verified,Yes,EBAY_AU,EBAY_AU,ebay_watchlist_2026-06-06_processed,cards/intake-024_asus-rog-zephyrus-duo-se-15-gaming-laptop-nvidia-rtx-3070-1t.md,,Passed gates,,intake-024,Candidate,3,10,3,8,0,4.950,,,,,,,,,,,,,,,,,0.900,0.400,-0.895,4.055,NEEDS_REVIEW,screen size UNKNOWN
C07_hp_z2_mini_g1a,,BUY_CANDIDATE,Desktop,workstation,Complete_System,2,2C,AMD Radeon Graphics (Strix Halo Integrated),UNKNOWN,UNKNOWN,UNKNOWN,UNKNOWN,3395.0,No,,New,IT Nest / LogicalTech,Verified (Price matched at LogicalTech),Yes,UNKNOWN,UNKNOWN,manual_user_submission,cards/desktops/C07_hp_z2_mini_g1a.md,,Passed gates,,C07_hp_z2_mini_g1a,Candidate,3,6,3,7,0,3.950,,,,,,,,,,,,,,,,,1.000,0.000,0.000,3.950,GOOD_ENOUGH,seller_class UNKNOWN for risk adjustment; source_platform UNKNOWN for risk adjustment
NBKHNB141202_hp_zbook_ultra_14_g1a,,BUY_CANDIDATE,Laptop,laptop,Complete_System,1B,1B,UNKNOWN,UNKNOWN,UNKNOWN,14.0,UNKNOWN,3699.0,No,,UNKNOWN,JW Computers,UNKNOWN,UNKNOWN,UNKNOWN,UNKNOWN,UNKNOWN,cards/laptops/NBKHNB141202_hp_zbook_ultra_14_g1a.md,,Passed gates,Unverified — confirm specs before scoring; AU stock: UNKNOWN,NBKHNB141202_hp_zbook_ultra_14_g1a,Candidate,3,5,3,8,0,3.950,,,,,,,,,,,,,,,,,1.000,0.000,0.000,3.950,NEEDS_REVIEW,AU stock not confirmed; unified memory UNKNOWN; Track 1B SoC not confirmed (requires Strix Halo / Ryzen AI Max); seller_class UNKNOWN for risk adjustment; source_platform UNKNOWN for risk adjustment
intake-034,Lenovo ThinkStation P330 Tiny Desktop,ACTIVE,Desktop,desktop,Complete_System,UNKNOWN,UNKNOWN,UNKNOWN,UNKNOWN,UNKNOWN,UNKNOWN,UNKNOWN,469.0,No,,Refurbished,UNKNOWN,Unverified,UNKNOWN,UNKNOWN,UNKNOWN,2026-05-05_notebooklm_batch1_processed,cards/desktops/intake-034_lenovo-thinkstation-p330-tiny-desktop.md,,Passed gates,Unverified — confirm specs before scoring; AU stock: UNKNOWN,intake-034,Candidate,3,10,3,2,0,3.750,,,,,,,,,,,,,,,,,1.000,0.000,0.000,3.750,NEEDS_REVIEW,AU stock not confirmed; track/pathway unresolved; seller_class UNKNOWN for risk adjustment; source_platform UNKNOWN for risk adjustment
intake-065,Dell OptiPlex 5060 SFF,ACTIVE,Desktop,desktop,Complete_System,UNKNOWN,UNKNOWN,UNKNOWN,UNKNOWN,UNKNOWN,UNKNOWN,UNKNOWN,238.99,No,,Refurbished,UNKNOWN,Unverified,UNKNOWN,UNKNOWN,UNKNOWN,2026-05-05_notebooklm_batch1_processed,cards/desktops/intake-065_dell-optiplex-5060-sff.md,,Passed gates,Unverified — confirm specs before scoring; AU stock: UNKNOWN,intake-065,Candidate,3,10,3,2,0,3.750,,,,,,,,,,,,,,,,,1.000,0.000,0.000,3.750,NEEDS_REVIEW,AU stock not confirmed; track/pathway unresolved; seller_class UNKNOWN for risk adjustment; source_platform UNKNOWN for risk adjustment
057_alienware-area-51-18-rtx-5070-ti-ebay-mkt-016,Alienware 18 Area-51 18in QHD+ Ultra 9 32GB 2TB RTX 5070 Ti,Watchlist,Laptop,laptop,Complete_System,1,1A,RTX 5070 Ti Laptop,UNKNOWN,UNKNOWN,18.0,UNKNOWN,2981.0,No,,Brand new,UNKNOWN,Needs Verification,No,UNKNOWN,UNKNOWN,UNKNOWN,cards/laptops/057_alienware-area-51-18-rtx-5070-ti-ebay-mkt-016.md,,Passed gates,AU stock: No,057_alienware-area-51-18-rtx-5070-ti-ebay-mkt-016,Candidate,3,7,3,5,0,3.750,,,,,,,,,,,,,,,,,1.000,0.000,0.000,3.750,NEEDS_REVIEW,AU stock not confirmed; VRAM UNKNOWN; seller_class UNKNOWN for risk adjustment; source_platform UNKNOWN for risk adjustment
RZ09-0511_razer_blade_14,,WATCHLIST,Laptop,laptop,Complete_System,1,1A,NVIDIA GeForce RTX 5060 Laptop GPU,UNKNOWN,UNKNOWN,14.0,UNKNOWN,3100.0,No,,New,DigiDirect,Verified,Yes,UNKNOWN,UNKNOWN,manual_user_submission,cards/laptops/RZ09-0511_razer_blade_14.md,,Passed gates,,RZ09-0511_razer_blade_14,Candidate,3,7,3,5,0,3.750,,,,,,,,,,,,,,,,,1.000,0.000,0.000,3.750,NEEDS_REVIEW,VRAM UNKNOWN; screen size below Track 1A floor (16 in); seller_class UNKNOWN for risk adjustment; source_platform UNKNOWN for risk adjustment
aa182502898_alienware_18_area_51,,BUY_CANDIDATE,Laptop,laptop,Complete_System,1,1A,NVIDIA GeForce RTX 5080 Laptop GPU,UNKNOWN,UNKNOWN,18.0,UNKNOWN,3179.0,No,,Refurbished,Dell Outlet Australia,User Verified,Yes,UNKNOWN,UNKNOWN,manual_user_submission,cards/laptops/aa182502898_alienware_18_area_51.md,,Passed gates,,aa182502898_alienware_18_area_51,Candidate,3,7,3,5,0,3.750,,,,,,,,,,,,,,,,,1.000,0.000,0.000,3.750,NEEDS_REVIEW,VRAM UNKNOWN; seller_class UNKNOWN for risk adjustment; source_platform UNKNOWN for risk adjustment
intake-073,Alienware 18 Area-51 (RTX 5070 8GB),REJECTED_BELOW_FLOOR,Laptop,laptop,Complete_System,1,1A,NVIDIA GeForce RTX 5070 Laptop,UNKNOWN,UNKNOWN,18.0,UNKNOWN,3179.0,No,,Used (Replacement unit),UNKNOWN,Verified (User provided specs),Yes,UNKNOWN,UNKNOWN,manual_user_submission,cards/laptops/intake-073_ebay-shortlink-hxqmlu.md,,Passed gates,,intake-073,Candidate,3,7,3,5,0,3.750,,,,,,,,,,,,,,,,,1.000,0.000,0.000,3.750,NEEDS_REVIEW,VRAM UNKNOWN; seller_class UNKNOWN for risk adjustment; source_platform UNKNOWN for risk adjustment
lenovo-legion-pro-7-5080-centrecom,,BUY_CANDIDATE,Laptop,laptop,Complete_System,1,1A,NVIDIA GeForce RTX 5080 Laptop GPU,UNKNOWN,UNKNOWN,16.0,UNKNOWN,4699.0,No,,New,Centre Com,Verified,Yes,UNKNOWN,UNKNOWN,manual_user_submission,cards/laptops/lenovo-legion-pro-7-5080-centrecom.md,,Passed gates,,lenovo-legion-pro-7-5080-centrecom,Candidate,3,3,3,8,0,3.550,,,,,,,,,,,,,,,,,1.000,0.000,0.000,3.550,NEEDS_REVIEW,VRAM UNKNOWN; seller_class UNKNOWN for risk adjustment; source_platform UNKNOWN for risk adjustment
intake-013,MSI Crosshair 18 HX AI,Rejected,Laptop,laptop,Complete_System,1,1A,RTX 5070 Mobile,8.0,UNKNOWN,18.0,UNKNOWN,UNKNOWN,No,Yes,New,UNKNOWN,Verified,Yes,UNKNOWN,UNKNOWN,2026-05-05_notebooklm_batch1_processed,cards/laptops/intake-013_msi-crosshair-18-hx-ai.md,,Passed gates,Price UNKNOWN — research required,intake-013,Candidate,3,6,3,5,0,3.550,,,,,,,,,,,,,,,,,1.000,0.000,0.000,3.550,NEEDS_REVIEW,price UNKNOWN; seller_class UNKNOWN for risk adjustment; source_platform UNKNOWN for risk adjustment
intake-002,Metabox Alpha-S NP70HP Gaming Laptop 17.3” i7-11800H 32GB RAM 2TB SSD Win11,ACTIVE,Laptop,laptop,Complete_System,1,1A,RTX 5070ti,UNKNOWN,UNKNOWN,17.3,UNKNOWN,1844.49,No,,Used,UNKNOWN,Verified,Yes,EBAY_AU,EBAY_AU,ebay_watchlist_2026-06-06_processed,cards/intake-002_metabox-alpha-s-np70hp-gaming-laptop-173-i7-11800h-32gb-ram.md,,Passed gates,,intake-002,Candidate,3,10,3,5,0,4.350,,,,,,,,,,,,,,,,,0.900,0.400,-0.835,3.515,NEEDS_REVIEW,VRAM UNKNOWN
intake-003,"Alienware Area-51m Gaming Laptop, i9-9900K, 3.60GHz, 64GB, 2TB Storage-No OS/AC",ACTIVE,Laptop,laptop,Complete_System,1,1A,GeForce RTX 2080 Mobile,UNKNOWN,UNKNOWN,18.0,UNKNOWN,1383.37,No,,Used,UNKNOWN,Verified,Yes,EBAY_AU,EBAY_AU,ebay_watchlist_2026-06-06_processed,cards/intake-003_alienware-area-51m-gaming-laptop-i9-9900k-360ghz-64gb-2tb-st.md,,Passed gates,,intake-003,Candidate,3,10,3,5,0,4.350,,,,,,,,,,,,,,,,,0.900,0.400,-0.835,3.515,NEEDS_REVIEW,VRAM UNKNOWN
intake-005,Metabox Alpha-S NP70HP Gaming Laptop 17.3” i7-11800H 32GB RAM 2TB SSD Win11,ACTIVE,Laptop,laptop,Complete_System,1,1A,RTX 5070ti,UNKNOWN,UNKNOWN,UNKNOWN,UNKNOWN,1844.49,No,,Used,UNKNOWN,Verified,Yes,EBAY_AU,EBAY_AU,ebay_watchlist_2026-06-06_processed,cards/intake-005_metabox-alpha-s-np70hp-gaming-laptop-173-i7-11800h-32gb-ram.md,,Passed gates,,intake-005,Candidate,3,10,3,5,0,4.350,,,,,,,,,,,,,,,,,0.900,0.400,-0.835,3.515,NEEDS_REVIEW,VRAM UNKNOWN; screen size UNKNOWN
intake-006,"Alienware Area-51m Gaming Laptop, i9-9900K, 3.60GHz, 64GB, 2TB Storage-No OS/AC",ACTIVE,Laptop,laptop,Complete_System,1,1A,GeForce RTX 2080 Mobile,UNKNOWN,UNKNOWN,UNKNOWN,UNKNOWN,939.26,No,,Used,UNKNOWN,Verified,Yes,EBAY_AU,EBAY_AU,ebay_watchlist_2026-06-06_processed,cards/intake-006_alienware-area-51m-gaming-laptop-i9-9900k-360ghz-64gb-2tb-st.md,,Passed gates,,intake-006,Candidate,3,10,3,5,0,4.350,,,,,,,,,,,,,,,,,0.900,0.400,-0.835,3.515,NEEDS_REVIEW,VRAM UNKNOWN; screen size UNKNOWN
intake-017,"Razer Blade 14 3K 120Hz OLED Gaming Laptop with Ryzen AI 9 365, 16GB, 1TB SSD...",ACTIVE,Laptop,laptop,Complete_System,1,1A,RTX 5070ti,UNKNOWN,UNKNOWN,UNKNOWN,UNKNOWN,1844.49,No,,Used,UNKNOWN,Verified,Yes,EBAY_AU,EBAY_AU,ebay_watchlist_2026-06-06_processed,cards/intake-017_razer-blade-14-3k-120hz-oled-gaming-laptop-with-ryzen-ai-9-3.md,,Passed gates,,intake-017,Candidate,3,10,3,5,0,4.350,,,,,,,,,,,,,,,,,0.900,0.400,-0.835,3.515,NEEDS_REVIEW,VRAM UNKNOWN; screen size UNKNOWN
intake-013,"Gigabyte AORUS 17G YD 17.3"" 300Hz Gaming Laptop - RTX 3080 -32GB RAM-11th Gen i7",ACTIVE,Laptop,laptop,Complete_System,1,1A,RTX 3080,10.0,UNKNOWN,17.3,UNKNOWN,1844.49,No,,Used,UNKNOWN,Verified,Yes,EBAY_AU,EBAY_AU,ebay_watchlist_2026-06-06_processed,cards/intake-013_gigabyte-aorus-17g-yd-173-300hz-gaming-laptop-rtx-3080-32gb.md,,Passed gates,,intake-013,Candidate,3,10,3,5,0,4.350,,,,,,,,,,,,,,,,,0.900,0.400,-0.835,3.515,GOOD_ENOUGH,
intake-014,"Gigabyte AORUS 17G YD 17.3"" 300Hz Gaming Laptop - RTX 3080 -32GB RAM-11th Gen i7",ACTIVE,Laptop,laptop,Complete_System,1,1A,NVIDIA GeForce RTX 3080 Laptop GPU.,8.0,UNKNOWN,UNKNOWN,UNKNOWN,1844.49,No,,Used,UNKNOWN,Verified,Yes,EBAY_AU,EBAY_AU,ebay_watchlist_2026-06-06_processed,cards/intake-014_gigabyte-aorus-17g-yd-173-300hz-gaming-laptop-rtx-3080-32gb.md,,Passed gates,,intake-014,Candidate,3,10,3,5,0,4.350,,,,,,,,,,,,,,,,,0.900,0.400,-0.835,3.515,NEEDS_REVIEW,screen size UNKNOWN
39_msi-raider-a18-hx-refurb,MSI Raider A18 HX (Remanufactured),ACTIVE,Laptop,laptop,Complete_System,UNKNOWN,UNKNOWN,NVIDIA RTX 4080 Laptop GPU (12 GB),UNKNOWN,UNKNOWN,18.0,UNKNOWN,3972.0,No,,UNKNOWN,UNKNOWN,UNKNOWN,UNKNOWN,UNKNOWN,UNKNOWN,UNKNOWN,cards/laptops/39_msi-raider-a18-hx-refurb.md,,Passed gates,Unverified — confirm specs before scoring; AU stock: UNKNOWN,39_msi-raider-a18-hx-refurb,Candidate,3,5,3,5,0,3.350,,,,,,,,,,,,,,,,,1.000,0.000,0.000,3.350,NEEDS_REVIEW,AU stock not confirmed; track/pathway unresolved; seller_class UNKNOWN for risk adjustment; source_platform UNKNOWN for risk adjustment
intake-072,HP ZBook Ultra 14 G1a,ACTIVE,Laptop,laptop,Complete_System,UNKNOWN,UNKNOWN,Radeon 8060S,UNKNOWN,UNKNOWN,14.0,UNKNOWN,UNKNOWN,No,Yes,New,UNKNOWN,Needs Verification,UNKNOWN,UNKNOWN,UNKNOWN,2026-05-05_notebooklm_batch1_processed,cards/laptops/intake-072_hp-zbook-ultra-14-g1a.md,,Passed gates,Price UNKNOWN — research required; AU stock: UNKNOWN,intake-072,Candidate,3,2,3,8,0,3.350,,,,,,,,,,,,,,,,,1.000,0.000,0.000,3.350,NEEDS_REVIEW,price UNKNOWN; AU stock not confirmed; track/pathway unresolved; seller_class UNKNOWN for risk adjustment; source_platform UNKNOWN for risk adjustment
laptop4134_alienware_m18_r2,,BUY_CANDIDATE,Laptop,laptop,Complete_System,1,1A,NVIDIA GeForce RTX 4090 Laptop GPU,UNKNOWN,UNKNOWN,18.0,UNKNOWN,3899.1,No,,Refurbished,Dell Outlet Australia,User Verified,Yes,UNKNOWN,UNKNOWN,manual_user_submission,cards/laptops/laptop4134_alienware_m18_r2.md,,Passed gates,,laptop4134_alienware_m18_r2,Candidate,3,5,3,5,0,3.350,,,,,,,,,,,,,,,,,1.000,0.000,0.000,3.350,NEEDS_REVIEW,VRAM UNKNOWN; seller_class UNKNOWN for risk adjustment; source_platform UNKNOWN for risk adjustment
intake-002,"WATCHED ITEM REMINDER ASUS ROG ZEPHYRUS DUO 16.0"" LAPTOP RYZEN 7 6800H 3.20GHz RTX-3070Ti 32GB 512GB Notification is already read",ACTIVE,Laptop,laptop,Complete_System,1,1A,Nvidia GeForce RTX 3070Ti,8.0,UNKNOWN,UNKNOWN,UNKNOWN,3403.8,No,,Used,UNKNOWN,Verified,Yes,EBAY_AU,EBAY_AU,ebay_watchlist_2026-06-06_processed,cards/intake-002_watched-item-reminder-asus-rog-zephyrus-duo-160-laptop-ryzen.md,,Passed gates,,intake-002,Candidate,3,6,3,8,0,4.150,,,,,,,,,,,,,,,,,0.900,0.400,-0.815,3.335,NEEDS_REVIEW,screen size UNKNOWN
intake-008,"ASUS ROG ZEPHYRUS DUO 16.0"" LAPTOP RYZEN 7 6800H 3.20GHz RTX-3070Ti 32GB 512GB",ACTIVE,Laptop,laptop,Complete_System,1,1A,Nvidia GeForce RTX 3070Ti,8.0,UNKNOWN,16.0,UNKNOWN,3403.8,No,,Used,UNKNOWN,Verified,Yes,EBAY_AU,EBAY_AU,ebay_watchlist_2026-06-06_processed,cards/intake-008_asus-rog-zephyrus-duo-160-laptop-ryzen-7-6800h-320ghz-rtx-30.md,,Passed gates,,intake-008,Candidate,3,6,3,8,0,4.150,,,,,,,,,,,,,,,,,0.900,0.400,-0.815,3.335,GOOD_ENOUGH,
hp_mini_pc_placeholder,HP Workstation Mini PC,ACTIVE,Desktop,mini-pc,Complete_System,UNKNOWN,UNKNOWN,UNKNOWN,UNKNOWN,UNKNOWN,UNKNOWN,UNKNOWN,UNKNOWN,No,Yes,UNKNOWN,UNKNOWN,UNKNOWN,UNKNOWN,UNKNOWN,UNKNOWN,UNKNOWN,cards/mini_pcs/hp_mini_pc_placeholder.md,,Passed gates,Price UNKNOWN — research required; Unverified — confirm specs before scoring; AU stock: UNKNOWN,hp_mini_pc_placeholder,Candidate,3,2,3,7,0,3.150,,,,,,,,,,,,,,,,,1.000,0.000,0.000,3.150,NEEDS_REVIEW,price UNKNOWN; AU stock not confirmed; track/pathway unresolved; seller_class UNKNOWN for risk adjustment; source_platform UNKNOWN for risk adjustment
40_minisforum-ai-x1-pro-strix-halo,"Minisforum AI X1 Pro — AMD Ryzen AI Max+ (Strix Halo, up to 128 GB)",ACTIVE,Desktop,mini-pc,Complete_System,UNKNOWN,Track2-C,AMD Radeon integrated Strix Halo GPU (unified memory),6496128.0,UNKNOWN,UNKNOWN,UNKNOWN,UNKNOWN,No,Yes,UNKNOWN,UNKNOWN,UNKNOWN,UNKNOWN,UNKNOWN,UNKNOWN,UNKNOWN,cards/mini_pcs/40_minisforum-ai-x1-pro-strix-halo.md,,Passed gates,Price UNKNOWN — research required; Unverified — confirm specs before scoring; AU stock: UNKNOWN,40_minisforum-ai-x1-pro-strix-halo,Candidate,3,2,3,7,0,3.150,,,,,,,,,,,,,,,,,1.000,0.000,0.000,3.150,NEEDS_REVIEW,price UNKNOWN; AU stock not confirmed; track/pathway unresolved; seller_class UNKNOWN for risk adjustment; source_platform UNKNOWN for risk adjustment
intake-071,GPD WIN 5,ACTIVE,Mini PC,mini pc,Complete_System,UNKNOWN,UNKNOWN,Radeon 8060S,UNKNOWN,UNKNOWN,UNKNOWN,UNKNOWN,UNKNOWN,No,Yes,New,UNKNOWN,Needs Verification,UNKNOWN,UNKNOWN,UNKNOWN,2026-05-05_notebooklm_batch1_processed,cards/mini_pcs/intake-071_gpd-win-5.md,,Passed gates,Price UNKNOWN — research required; AU stock: UNKNOWN,intake-071,Candidate,3,2,3,7,0,3.150,,,,,,,,,,,,,,,,,1.000,0.000,0.000,3.150,NEEDS_REVIEW,price UNKNOWN; AU stock not confirmed; track/pathway unresolved; seller_class UNKNOWN for risk adjustment; source_platform UNKNOWN for risk adjustment
intake-007,"HP ZBook Power 16 G11 Workstation 16"" WUXGA Touch Ultra 9 185H 64GB RAM 2TB SSD",ACTIVE,Laptop,laptop,Complete_System,1,1A,NVIDIA RTX A2000 8 GB GDDR6,UNKNOWN,UNKNOWN,16.0,UNKNOWN,1417.42,No,,Used,UNKNOWN,Verified,Yes,EBAY_AU,EBAY_AU,ebay_watchlist_2026-06-06_processed,cards/intake-007_hp-zbook-power-16-g11-workstation-16-wuxga-touch-ultra-9-185.md,,Passed gates,,intake-007,Candidate,3,10,3,2,0,3.750,,,,,,,,,,,,,,,,,0.900,0.400,-0.775,2.975,NEEDS_REVIEW,VRAM UNKNOWN
intake-010,"HP ZBook Power 16 G11 Workstation 16"" WUXGA Touch Ultra 9 185H 64GB RAM 2TB SSD",ACTIVE,Laptop,laptop,Complete_System,1,1A,NVIDIA RTX A2000 8 GB GDDR6,UNKNOWN,UNKNOWN,UNKNOWN,UNKNOWN,1417.42,No,,Used,UNKNOWN,Verified,Yes,EBAY_AU,EBAY_AU,ebay_watchlist_2026-06-06_processed,cards/intake-010_hp-zbook-power-16-g11-workstation-16-wuxga-touch-ultra-9-185.md,,Passed gates,,intake-010,Candidate,3,10,3,2,0,3.750,,,,,,,,,,,,,,,,,0.900,0.400,-0.775,2.975,NEEDS_REVIEW,VRAM UNKNOWN; screen size UNKNOWN
intake-014,"Lenovo Yoga AIO 7 27"" TouchR7-5800H/32GB/1TB SSD + 1TB HDD/RX 6600M 8GB 4K WIN11",ACTIVE,Laptop,laptop,Complete_System,1,1A,RX 6600M,UNKNOWN,UNKNOWN,27.0,UNKNOWN,1885.64,No,,Used,UNKNOWN,Verified,Yes,EBAY_AU,EBAY_AU,ebay_watchlist_2026-06-06_processed,cards/intake-014_lenovo-yoga-aio-7-27-touchr7-5800h32gb1tb-ssd-1tb-hddrx-6600.md,,Passed gates,,intake-014,Candidate,3,10,3,2,0,3.750,,,,,,,,,,,,,,,,,0.900,0.400,-0.775,2.975,NEEDS_REVIEW,VRAM UNKNOWN
intake-015,"Lenovo Yoga AIO 7 27"" TouchR7-5800H/32GB/1TB SSD + 1TB HDD/RX 6600M 8GB 4K WIN11",ACTIVE,Laptop,laptop,Complete_System,1,1A,RX6600,UNKNOWN,UNKNOWN,UNKNOWN,UNKNOWN,993.18,No,,Used,UNKNOWN,Verified,Yes,EBAY_AU,EBAY_AU,ebay_watchlist_2026-06-06_processed,cards/intake-015_lenovo-yoga-aio-7-27-touchr7-5800h32gb1tb-ssd-1tb-hddrx-6600.md,,Passed gates,,intake-015,Candidate,3,10,3,2,0,3.750,,,,,,,,,,,,,,,,,0.900,0.400,-0.775,2.975,NEEDS_REVIEW,VRAM UNKNOWN; screen size UNKNOWN
intake-016,"GIGABYTE AORUS 17.4"" YE5- 17.3” RTX 3080ti 300Hz, Intel i7 12th gen 14c 20t 32gb",ACTIVE,Laptop,laptop,Complete_System,1,1A,RTX 5070ti,UNKNOWN,UNKNOWN,UNKNOWN,UNKNOWN,1844.49,No,,Used,UNKNOWN,Verified,Yes,EBAY_AU,EBAY_AU,ebay_watchlist_2026-06-06_processed,cards/intake-016_gigabyte-aorus-174-ye5-173-rtx-3080ti-300hz-intel-i7-12th-ge.md,,Passed gates,,intake-016,Candidate,3,10,3,2,0,3.750,,,,,,,,,,,,,,,,,0.900,0.400,-0.775,2.975,NEEDS_REVIEW,VRAM UNKNOWN; screen size UNKNOWN
intake-017,"Asus GX650PV ROG Zephyrus Duo16 R9 7945HX 32GB RAM 1TB SSD RTX4060 16"" + 14"" W11",ACTIVE,Laptop,laptop,Complete_System,1,1A,RTX4060,UNKNOWN,UNKNOWN,16.0,UNKNOWN,1844.49,No,,Used,UNKNOWN,Verified,Yes,EBAY_AU,EBAY_AU,ebay_watchlist_2026-06-06_processed,cards/intake-017_asus-gx650pv-rog-zephyrus-duo16-r9-7945hx-32gb-ram-1tb-ssd-r.md,,Passed gates,,intake-017,Candidate,3,10,3,2,0,3.750,,,,,,,,,,,,,,,,,0.900,0.400,-0.775,2.975,NEEDS_REVIEW,VRAM UNKNOWN
intake-018,"Asus GX650PV ROG Zephyrus Duo16 R9 7945HX 32GB RAM 1TB SSD RTX4060 16"" + 14"" W11",ACTIVE,Laptop,laptop,Complete_System,1,1A,RTX 5070ti,UNKNOWN,UNKNOWN,UNKNOWN,UNKNOWN,1844.49,No,,Used,UNKNOWN,Verified,Yes,EBAY_AU,EBAY_AU,ebay_watchlist_2026-06-06_processed,cards/intake-018_asus-gx650pv-rog-zephyrus-duo16-r9-7945hx-32gb-ram-1tb-ssd-r.md,,Passed gates,,intake-018,Candidate,3,10,3,2,0,3.750,,,,,,,,,,,,,,,,,0.900,0.400,-0.775,2.975,NEEDS_REVIEW,VRAM UNKNOWN; screen size UNKNOWN
intake-018,"Lenovo Yoga AIO 7 27"" 4K Ryzen 7 5800H 16GB RAM 512GB SSD + 1 TB HDD RX 6600M",ACTIVE,Laptop,laptop,Complete_System,1,1A,RX 6600M,UNKNOWN,UNKNOWN,27.0,UNKNOWN,993.18,No,,Used,UNKNOWN,Verified,Yes,EBAY_AU,EBAY_AU,ebay_watchlist_2026-06-06_processed,cards/intake-018_lenovo-yoga-aio-7-27-4k-ryzen-7-5800h-16gb-ram-512gb-ssd-1-t.md,,Passed gates,,intake-018,Candidate,3,10,3,2,0,3.750,,,,,,,,,,,,,,,,,0.900,0.400,-0.775,2.975,NEEDS_REVIEW,VRAM UNKNOWN
intake-019,"Lenovo Yoga AIO 7 27"" 4K Ryzen 7 5800H 16GB RAM 512GB SSD + 1 TB HDD RX 6600M",ACTIVE,Laptop,laptop,Complete_System,1,1A,RX 6600M,UNKNOWN,UNKNOWN,UNKNOWN,UNKNOWN,993.18,No,,Used,UNKNOWN,Verified,Yes,EBAY_AU,EBAY_AU,ebay_watchlist_2026-06-06_processed,cards/intake-019_lenovo-yoga-aio-7-27-4k-ryzen-7-5800h-16gb-ram-512gb-ssd-1-t.md,,Passed gates,,intake-019,Candidate,3,10,3,2,0,3.750,,,,,,,,,,,,,,,,,0.900,0.400,-0.775,2.975,NEEDS_REVIEW,VRAM UNKNOWN; screen size UNKNOWN
intake-021,"Dell Precision 7670 Intel i7 12850HX 4.80GHz 32GB RAM 1TB SSD RTX A3000 16"" Win",ACTIVE,Laptop,laptop,Complete_System,1,1A,RTX A1000,UNKNOWN,UNKNOWN,UNKNOWN,UNKNOWN,1499.0,No,,Used,UNKNOWN,Verified,Yes,EBAY_AU,EBAY_AU,ebay_watchlist_2026-06-06_processed,cards/intake-021_dell-precision-7670-intel-i7-12850hx-480ghz-32gb-ram-1tb-ssd.md,,Passed gates,,intake-021,Candidate,3,10,3,2,0,3.750,,,,,,,,,,,,,,,,,0.900,0.400,-0.775,2.975,NEEDS_REVIEW,VRAM UNKNOWN; screen size UNKNOWN
01_lenovo-thinkstation-basic,Lenovo ThinkStation (Basic Config),ACTIVE,Desktop,desktop_tower_new,Complete_System,UNKNOWN,UNKNOWN,UNKNOWN,UNKNOWN,UNKNOWN,UNKNOWN,UNKNOWN,3350.0,No,,UNKNOWN,UNKNOWN,UNKNOWN,UNKNOWN,UNKNOWN,UNKNOWN,UNKNOWN,cards/desktops/01_lenovo-thinkstation-basic.md,,Passed gates,Unverified — confirm specs before scoring; AU stock: UNKNOWN,01_lenovo-thinkstation-basic,Candidate,3,6,3,2,0,2.950,,,,,,,,,,,,,,,,,1.000,0.000,0.000,2.950,NEEDS_REVIEW,AU stock not confirmed; track/pathway unresolved; seller_class UNKNOWN for risk adjustment; source_platform UNKNOWN for risk adjustment
GZ302EA-RU004W_rog_flow_z13,,BUY_CANDIDATE,Laptop,laptop,Complete_System,1,1B,AMD Radeon 8060S (Strix Halo Integrated),UNKNOWN,UNKNOWN,13.4,UNKNOWN,4499.0,No,,New,ASUS Australia,Verified,Yes,UNKNOWN,UNKNOWN,manual_user_submission,cards/laptops/GZ302EA-RU004W_rog_flow_z13.md,,Passed gates,,GZ302EA-RU004W_rog_flow_z13,Candidate,3,3,3,5,0,2.950,,,,,,,,,,,,,,,,,1.000,0.000,0.000,2.950,NEEDS_REVIEW,unified memory UNKNOWN; seller_class UNKNOWN for risk adjustment; source_platform UNKNOWN for risk adjustment
NBKMSI182020_msi_stealth_18_hx,,PARKED_BELOW_FLOOR,Laptop,laptop,Complete_System,1A,1A,NVIDIA GeForce RTX 5070 Ti Laptop,UNKNOWN,UNKNOWN,18.0,Flagged,4403.81,No,,UNKNOWN,PB Tech,UNKNOWN,UNKNOWN,UNKNOWN,UNKNOWN,UNKNOWN,cards/laptops/NBKMSI182020_msi_stealth_18_hx.md,,Passed gates,Unverified — confirm specs before scoring; AU stock: UNKNOWN,NBKMSI182020_msi_stealth_18_hx,Candidate,3,3,3,5,0,2.950,,,,,,,,,,,,,,,,,1.000,0.000,0.000,2.950,NEEDS_REVIEW,AU stock not confirmed; VRAM UNKNOWN; seller_class UNKNOWN for risk adjustment; source_platform UNKNOWN for risk adjustment
intake-005,ASUS Vivobook 18' AMD Ryzen7 260 18.4 WUXGA (1920 x 1200) 16:10 16GB DDR5 1TB,ACTIVE,Laptop,laptop,Complete_System,1,1A,UNKNOWN,UNKNOWN,UNKNOWN,17.0,UNKNOWN,2399.0,No,,Used,UNKNOWN,Verified,Yes,EBAY_AU,EBAY_AU,ebay_watchlist_2026-06-06_processed,cards/intake-005_asus-vivobook-18-amd-ryzen7-260-184-wuxga-1920-x-1200-1610-1.md,,Passed gates,,intake-005,Candidate,3,9,3,2,0,3.550,,,,,,,,,,,,,,,,,0.900,0.400,-0.755,2.795,NEEDS_REVIEW,VRAM UNKNOWN
intake-008,ASUS Vivobook 18' AMD Ryzen7 260 18.4 WUXGA (1920 x 1200) 16:10 16GB DDR5 1TB,ACTIVE,Laptop,laptop,Complete_System,1,1A,UNKNOWN,UNKNOWN,UNKNOWN,UNKNOWN,UNKNOWN,2399.0,No,,Used,UNKNOWN,Verified,Yes,EBAY_AU,EBAY_AU,ebay_watchlist_2026-06-06_processed,cards/intake-008_asus-vivobook-18-amd-ryzen7-260-184-wuxga-1920-x-1200-1610-1.md,,Passed gates,,intake-008,Candidate,3,9,3,2,0,3.550,,,,,,,,,,,,,,,,,0.900,0.400,-0.755,2.795,NEEDS_REVIEW,VRAM UNKNOWN; screen size UNKNOWN
056_alienware-area-51-18-rtx-5070-ti-ebay-mkt-015,Dell Laptop Alienware 18 Area-51 18in Ultra 9 275HX 2TB RTX 5070 Ti,Watchlist,Laptop,laptop,Complete_System,1,1A,RTX 5070 Ti Laptop,UNKNOWN,UNKNOWN,18.0,UNKNOWN,UNKNOWN,No,Yes,Brand new,UNKNOWN,Needs Verification,No,UNKNOWN,UNKNOWN,UNKNOWN,cards/laptops/056_alienware-area-51-18-rtx-5070-ti-ebay-mkt-015.md,,Passed gates,Price UNKNOWN — research required; AU stock: No,056_alienware-area-51-18-rtx-5070-ti-ebay-mkt-015,Candidate,3,2,3,5,0,2.750,,,,,,,,,,,,,,,,,1.000,0.000,0.000,2.750,NEEDS_REVIEW,price UNKNOWN; AU stock not confirmed; VRAM UNKNOWN; seller_class UNKNOWN for risk adjustment; source_platform UNKNOWN for risk adjustment
A2XWJG-078AU_msi_vector_17_hx,,BUY_CANDIDATE,Laptop,laptop,Complete_System,1A,1A,NVIDIA GeForce RTX 5080 Laptop,UNKNOWN,UNKNOWN,17.0,Flagged,4999.0,No,,UNKNOWN,MSY (User Verified),UNKNOWN,UNKNOWN,UNKNOWN,UNKNOWN,UNKNOWN,cards/laptops/A2XWJG-078AU_msi_vector_17_hx.md,,Passed gates,Unverified — confirm specs before scoring; AU stock: UNKNOWN,A2XWJG-078AU_msi_vector_17_hx,Candidate,3,2,3,5,0,2.750,,,,,,,,,,,,,,,,,1.000,0.000,0.000,2.750,NEEDS_REVIEW,AU stock not confirmed; VRAM UNKNOWN; seller_class UNKNOWN for risk adjustment; source_platform UNKNOWN for risk adjustment
asus-zenbook-duo-ux8406,ASUS Zenbook Duo UX8406,ACTIVE,Laptop,laptop,Complete_System,UNKNOWN,UNKNOWN,Intel Arc Graphics (Integrated),UNKNOWN,UNKNOWN,14.0,UNKNOWN,UNKNOWN,No,Yes,UNKNOWN,UNKNOWN,UNKNOWN,UNKNOWN,UNKNOWN,UNKNOWN,UNKNOWN,cards/laptops/asus-zenbook-duo-ux8406.md,,Passed gates,Price UNKNOWN — research required; Unverified — confirm specs before scoring; AU stock: UNKNOWN,asus-zenbook-duo-ux8406,Candidate,3,2,3,5,0,2.750,,,,,,,,,,,,,,,,,1.000,0.000,0.000,2.750,NEEDS_REVIEW,price UNKNOWN; AU stock not confirmed; track/pathway unresolved; seller_class UNKNOWN for risk adjustment; source_platform UNKNOWN for risk adjustment
34_asus-tuf-gaming-a16-strix-halo,ASUS TUF Gaming A16 — AMD Strix Halo (Ryzen AI Max),ACTIVE,Laptop,laptop,Complete_System,UNKNOWN,UNKNOWN,AMD Radeon 890M / integrated Strix Halo GPU (unified),3264.0,UNKNOWN,16.0,UNKNOWN,UNKNOWN,No,Yes,UNKNOWN,UNKNOWN,UNKNOWN,UNKNOWN,UNKNOWN,UNKNOWN,UNKNOWN,cards/laptops/34_asus-tuf-gaming-a16-strix-halo.md,,Passed gates,Price UNKNOWN — research required; Unverified — confirm specs before scoring; AU stock: UNKNOWN,34_asus-tuf-gaming-a16-strix-halo,Candidate,3,2,3,5,0,2.750,,,,,,,,,,,,,,,,,1.000,0.000,0.000,2.750,NEEDS_REVIEW,price UNKNOWN; AU stock not confirmed; track/pathway unresolved; seller_class UNKNOWN for risk adjustment; source_platform UNKNOWN for risk adjustment
intake-021,"ASUS ROG Strix G18 18"" i9-13980HX RTX4060 16GB/512GB Gaming Laptop / G814JV-N602",ACTIVE,Laptop,laptop,Complete_System,1,1A,RTX4060,UNKNOWN,UNKNOWN,18.0,UNKNOWN,2695.73,No,,Used,UNKNOWN,Verified,Yes,EBAY_AU,EBAY_AU,ebay_watchlist_2026-06-06_processed,cards/intake-021_asus-rog-strix-g18-18-i9-13980hx-rtx4060-16gb512gb-gaming-la.md,,Passed gates,,intake-021,Candidate,3,8,3,2,0,3.350,,,,,,,,,,,,,,,,,0.900,0.400,-0.735,2.615,NEEDS_REVIEW,VRAM UNKNOWN
intake-022,"ASUS ROG Strix G18 18"" i9-13980HX RTX4060 16GB/512GB Gaming Laptop / G814JV-N602",ACTIVE,Laptop,laptop,Complete_System,1,1A,NVIDIA® GeForce RTX™ 4060,UNKNOWN,UNKNOWN,UNKNOWN,UNKNOWN,2695.73,No,,Used,UNKNOWN,Verified,Yes,EBAY_AU,EBAY_AU,ebay_watchlist_2026-06-06_processed,cards/intake-022_asus-rog-strix-g18-18-i9-13980hx-rtx4060-16gb512gb-gaming-la.md,,Passed gates,,intake-022,Candidate,3,8,3,2,0,3.350,,,,,,,,,,,,,,,,,0.900,0.400,-0.735,2.615,NEEDS_REVIEW,VRAM UNKNOWN; screen size UNKNOWN
A9WIG-082US_msi_raider_a18_hx,,WATCHLIST,Laptop,laptop,Complete_System,1,1A,NVIDIA GeForce RTX 5080 Laptop GPU,UNKNOWN,UNKNOWN,18.0,UNKNOWN,5359.0,Yes,,New,B&H Photo (US Import),Verified,No,UNKNOWN,UNKNOWN,manual_user_submission,cards/laptops/A9WIG-082US_msi_raider_a18_hx.md,,Passed gates,"Exceeds $5,000 AUD budget (price: $5,359.00); AU stock: No",A9WIG-082US_msi_raider_a18_hx,Candidate,3,1,3,5,0,2.550,,,,,,,,,,,,,,,,,1.000,0.000,0.000,2.550,NEEDS_REVIEW,AU stock not confirmed; price > Track 1 cap (5000 AUD); VRAM UNKNOWN; seller_class UNKNOWN for risk adjustment; source_platform UNKNOWN for risk adjustment
intake-019,"Asus H7606W ProArt P16 Ryzen AI 9 HX370 64GB RAM 1TB SSD 16"" 4K OLED RTX4070 11P",ACTIVE,Laptop,laptop,Complete_System,1,1A,RTX4070,8.0,UNKNOWN,16.0,UNKNOWN,3026.94,No,,Used,UNKNOWN,Verified,Yes,EBAY_AU,EBAY_AU,ebay_watchlist_2026-06-06_processed,cards/intake-019_asus-h7606w-proart-p16-ryzen-ai-9-hx370-64gb-ram-1tb-ssd-16.md,,Passed gates,,intake-019,Candidate,3,7,3,2,0,3.150,,,,,,,,,,,,,,,,,0.900,0.400,-0.715,2.435,GOOD_ENOUGH,
intake-020,"Asus H7606W ProArt P16 Ryzen AI 9 HX370 64GB RAM 1TB SSD 16"" 4K OLED RTX4070 11P",ACTIVE,Laptop,laptop,Complete_System,1,1A,NVIDIA® GeForce RTX™ 4070 Laptop GPU 8GB GDDR6,8.0,UNKNOWN,UNKNOWN,UNKNOWN,3026.94,No,,Used,UNKNOWN,Verified,Yes,EBAY_AU,EBAY_AU,ebay_watchlist_2026-06-06_processed,cards/intake-020_asus-h7606w-proart-p16-ryzen-ai-9-hx370-64gb-ram-1tb-ssd-16.md,,Passed gates,,intake-020,Candidate,3,7,3,2,0,3.150,,,,,,,,,,,,,,,,,0.900,0.400,-0.715,2.435,NEEDS_REVIEW,screen size UNKNOWN
37_lenovo-legion-9i-gen10-direct,,BUY_CANDIDATE,Laptop,laptop,Complete_System,1,1A,NVIDIA RTX 5080 (16 GB) or RTX 5090 (24 GB) Laptop GPU,UNKNOWN,UNKNOWN,18.0,UNKNOWN,6279.0,Yes,,New,Lenovo AU Direct (EDU/Pro + Cashback),User Verified (effective price),Yes,UNKNOWN,UNKNOWN,manual_user_submission,cards/laptops/37_lenovo-legion-9i-gen10-direct.md,,Passed gates,"Exceeds $5,000 AUD budget (price: $6,279.00)",37_lenovo-legion-9i-gen10-direct,Candidate,3,0,3,5,0,2.350,,,,,,,,,,,,,,,,,1.000,0.000,0.000,2.350,NEEDS_REVIEW,price > Track 1 cap (5000 AUD); VRAM UNKNOWN; seller_class UNKNOWN for risk adjustment; source_platform UNKNOWN for risk adjustment
